case_id,identity_status,facts_status,focal_pair_adequate,automatic_quality_status,human_review_status
3945fy,clear,differences,True,flagged_or_unresolved,not_reviewed
3beovs,clear,differences,True,flagged_or_unresolved,not_reviewed
3d7cdt,clear,differences,True,flagged_or_unresolved,not_reviewed
3he7h3,clear,differences,True,flagged_or_unresolved,not_reviewed
3wduqj,clear,differences,True,flagged_or_unresolved,not_reviewed
3y23i3,clear,differences,True,flagged_or_unresolved,not_reviewed
3yweub,clear,differences,True,flagged_or_unresolved,not_reviewed
41lwdf,clear,differences,True,flagged_or_unresolved,not_reviewed
44qtnf,clear,differences,True,flagged_or_unresolved,not_reviewed
46xd1s,clear,differences,True,flagged_or_unresolved,not_reviewed
49hx5g,unresolved,differences,False,flagged_or_unresolved,not_reviewed
4orf18,unresolved,differences,False,flagged_or_unresolved,not_reviewed
4slmcz,unresolved,unresolved,True,flagged_or_unresolved,not_reviewed
4snznj,unresolved,differences,False,flagged_or_unresolved,not_reviewed
4vois2,clear,differences,True,flagged_or_unresolved,not_reviewed
50eqjy,clear,differences,True,flagged_or_unresolved,not_reviewed
57vp78,clear,differences,True,flagged_or_unresolved,not_reviewed
5m088n,clear,differences,True,flagged_or_unresolved,not_reviewed
6acqd5,unresolved,differences,False,flagged_or_unresolved,not_reviewed
6d78ki,clear,differences,True,flagged_or_unresolved,not_reviewed
6f0zxh,clear,differences,True,flagged_or_unresolved,not_reviewed
6j6v0w,clear,differences,True,flagged_or_unresolved,not_reviewed
6pzwac,clear,differences,True,flagged_or_unresolved,not_reviewed
6utnp2,clear,differences,True,flagged_or_unresolved,not_reviewed
6ws7p6,clear,differences,True,flagged_or_unresolved,not_reviewed
72ugm9,clear,differences,True,flagged_or_unresolved,not_reviewed
7776zb,unresolved,differences,False,flagged_or_unresolved,not_reviewed
7aaxn5,clear,differences,True,flagged_or_unresolved,not_reviewed
7ahlt3,clear,differences,True,flagged_or_unresolved,not_reviewed
7akmcj,clear,differences,True,flagged_or_unresolved,not_reviewed
7du27g,clear,differences,True,flagged_or_unresolved,not_reviewed
7dy89e,clear,differences,True,flagged_or_unresolved,not_reviewed
7efm4p,clear,differences,True,flagged_or_unresolved,not_reviewed
7fhd56,clear,differences,True,flagged_or_unresolved,not_reviewed
7i95ob,clear,differences,True,flagged_or_unresolved,not_reviewed
7n5rkf,clear,differences,True,flagged_or_unresolved,not_reviewed
7p4nie,clear,differences,True,flagged_or_unresolved,not_reviewed
7tmmtw,unresolved,unresolved,False,flagged_or_unresolved,not_reviewed
7ue8j0,clear,differences,True,flagged_or_unresolved,not_reviewed
7v53r7,clear,differences,True,flagged_or_unresolved,not_reviewed
7vdoov,clear,differences,True,flagged_or_unresolved,not_reviewed
7yt5ci,clear,differences,True,flagged_or_unresolved,not_reviewed
7zzrn8,clear,differences,True,flagged_or_unresolved,not_reviewed
82blxz,clear,differences,True,flagged_or_unresolved,not_reviewed
82renn,clear,clear,True,provisional_clear,not_reviewed
82uasr,clear,differences,True,flagged_or_unresolved,not_reviewed
860uku,clear,differences,True,flagged_or_unresolved,not_reviewed
8a1d6s,unresolved,differences,False,flagged_or_unresolved,not_reviewed
8bv25y,clear,differences,True,flagged_or_unresolved,not_reviewed
8dkmbc,unresolved,differences,False,flagged_or_unresolved,not_reviewed
8dy5md,clear,differences,True,flagged_or_unresolved,not_reviewed
8ecc1z,clear,differences,True,flagged_or_unresolved,not_reviewed
8iiwtz,unresolved,differences,False,flagged_or_unresolved,not_reviewed
8jyoju,clear,differences,True,flagged_or_unresolved,not_reviewed
8ml9pk,clear,differences,True,flagged_or_unresolved,not_reviewed
8o0t97,clear,differences,True,flagged_or_unresolved,not_reviewed
8qfzv8,clear,differences,True,flagged_or_unresolved,not_reviewed
8tltdo,clear,differences,True,flagged_or_unresolved,not_reviewed
8vfd2w,clear,differences,True,flagged_or_unresolved,not_reviewed
8z8045,clear,differences,True,flagged_or_unresolved,not_reviewed
90cxda,clear,differences,True,flagged_or_unresolved,not_reviewed
92n7xx,unresolved,unresolved,False,flagged_or_unresolved,not_reviewed
94rrin,unresolved,differences,False,flagged_or_unresolved,not_reviewed
96src6,clear,differences,True,flagged_or_unresolved,not_reviewed
98a3sy,clear,differences,True,flagged_or_unresolved,not_reviewed
99d35e,clear,differences,True,flagged_or_unresolved,not_reviewed
9a7ske,unresolved,differences,False,flagged_or_unresolved,not_reviewed
9ao5ss,clear,differences,True,flagged_or_unresolved,not_reviewed
9fe4j5,clear,differences,True,flagged_or_unresolved,not_reviewed
9gbo9y,clear,differences,True,flagged_or_unresolved,not_reviewed
9gbyhi,clear,differences,True,flagged_or_unresolved,not_reviewed
9goy3w,clear,differences,True,flagged_or_unresolved,not_reviewed
9kirt8,unresolved,differences,False,flagged_or_unresolved,not_reviewed
9l5npk,clear,differences,True,flagged_or_unresolved,not_reviewed
9mcpx8,unresolved,differences,False,flagged_or_unresolved,not_reviewed
9nfb03,clear,differences,True,flagged_or_unresolved,not_reviewed
9owvo4,clear,differences,True,flagged_or_unresolved,not_reviewed
9p1400,clear,differences,True,flagged_or_unresolved,not_reviewed
9p7m8t,clear,differences,True,flagged_or_unresolved,not_reviewed
9pq5ip,clear,differences,True,flagged_or_unresolved,not_reviewed
9q1t1s,clear,differences,True,flagged_or_unresolved,not_reviewed
9qebi9,unresolved,differences,False,flagged_or_unresolved,not_reviewed
9qexan,unresolved,unresolved,False,flagged_or_unresolved,not_reviewed
9qpvt6,unresolved,unresolved,False,flagged_or_unresolved,not_reviewed
9qubt3,clear,clear,True,provisional_clear,not_reviewed
9r3zy5,clear,differences,True,flagged_or_unresolved,not_reviewed
9r4pjq,clear,differences,True,flagged_or_unresolved,not_reviewed
9r76fm,clear,differences,True,flagged_or_unresolved,not_reviewed
9ruyvg,clear,differences,True,flagged_or_unresolved,not_reviewed
9s99k6,clear,differences,True,flagged_or_unresolved,not_reviewed
9swcnp,clear,differences,True,flagged_or_unresolved,not_reviewed
9t3t22,clear,differences,True,flagged_or_unresolved,not_reviewed
9te0gp,clear,differences,True,flagged_or_unresolved,not_reviewed
9tih57,clear,differences,True,flagged_or_unresolved,not_reviewed
9tr2y9,clear,differences,True,flagged_or_unresolved,not_reviewed
9tykdu,clear,differences,True,flagged_or_unresolved,not_reviewed
9u11xy,unresolved,unresolved,False,flagged_or_unresolved,not_reviewed
9ubl05,clear,differences,True,flagged_or_unresolved,not_reviewed
9uk845,clear,differences,True,flagged_or_unresolved,not_reviewed
9v536v,clear,differences,True,flagged_or_unresolved,not_reviewed
9vi2fh,clear,differences,True,flagged_or_unresolved,not_reviewed
9vyi45,clear,differences,True,flagged_or_unresolved,not_reviewed
9w2qjy,clear,differences,True,flagged_or_unresolved,not_reviewed
9w3o4k,clear,differences,True,flagged_or_unresolved,not_reviewed
9w8l9c,clear,differences,True,flagged_or_unresolved,not_reviewed
9wt806,unresolved,differences,False,flagged_or_unresolved,not_reviewed
9wv8xq,unresolved,differences,False,flagged_or_unresolved,not_reviewed
9x7hau,unresolved,differences,False,flagged_or_unresolved,not_reviewed
9xqfj1,clear,differences,True,flagged_or_unresolved,not_reviewed
9xqxxe,clear,differences,True,flagged_or_unresolved,not_reviewed
9xrqv9,clear,differences,True,flagged_or_unresolved,not_reviewed
9y5x0i,clear,differences,True,flagged_or_unresolved,not_reviewed
9ya4yu,clear,differences,True,flagged_or_unresolved,not_reviewed
9ya9d2,clear,differences,True,flagged_or_unresolved,not_reviewed
9zgozu,clear,differences,True,flagged_or_unresolved,not_reviewed
9zk8dw,clear,differences,True,flagged_or_unresolved,not_reviewed
9zkw5r,clear,clear,True,provisional_clear,not_reviewed
9zlwbs,clear,differences,True,flagged_or_unresolved,not_reviewed
9ztw6t,clear,differences,True,flagged_or_unresolved,not_reviewed
a0a6vw,unresolved,differences,False,flagged_or_unresolved,not_reviewed
a13dfh,clear,differences,True,flagged_or_unresolved,not_reviewed
a15h7n,clear,differences,True,flagged_or_unresolved,not_reviewed
a17tmp,clear,differences,True,flagged_or_unresolved,not_reviewed
a1qf57,clear,differences,True,flagged_or_unresolved,not_reviewed
a1w5nv,clear,differences,True,flagged_or_unresolved,not_reviewed
a3apqq,clear,differences,True,flagged_or_unresolved,not_reviewed
a3d5ct,clear,differences,True,flagged_or_unresolved,not_reviewed
a3kdx6,clear,differences,False,flagged_or_unresolved,not_reviewed
a4791k,clear,differences,True,flagged_or_unresolved,not_reviewed
a4920p,clear,differences,True,flagged_or_unresolved,not_reviewed
a493wd,clear,differences,True,flagged_or_unresolved,not_reviewed
a4b98h,clear,differences,True,flagged_or_unresolved,not_reviewed
a4linw,clear,differences,True,flagged_or_unresolved,not_reviewed
a4za6x,clear,differences,True,flagged_or_unresolved,not_reviewed
a52wlq,clear,differences,True,flagged_or_unresolved,not_reviewed
a54w1g,clear,differences,True,flagged_or_unresolved,not_reviewed
a58j74,clear,differences,True,flagged_or_unresolved,not_reviewed
a5nxrx,clear,differences,True,flagged_or_unresolved,not_reviewed
a5zs9b,clear,differences,True,flagged_or_unresolved,not_reviewed
a6hmqy,unresolved,differences,False,flagged_or_unresolved,not_reviewed
a6johi,clear,differences,True,flagged_or_unresolved,not_reviewed
a70nhu,clear,differences,True,flagged_or_unresolved,not_reviewed
a7327z,clear,differences,True,flagged_or_unresolved,not_reviewed
a7arhe,clear,differences,True,flagged_or_unresolved,not_reviewed
a85k8d,unresolved,differences,False,flagged_or_unresolved,not_reviewed
a8ofko,clear,clear,True,provisional_clear,not_reviewed
a8p43o,clear,differences,True,flagged_or_unresolved,not_reviewed
a8wxbt,clear,differences,True,flagged_or_unresolved,not_reviewed
a9c01p,clear,differences,True,flagged_or_unresolved,not_reviewed
a9mcn3,unresolved,unresolved,False,flagged_or_unresolved,not_reviewed
a9vsto,clear,differences,True,flagged_or_unresolved,not_reviewed
a9x60b,clear,differences,True,flagged_or_unresolved,not_reviewed
aa5iny,clear,differences,True,flagged_or_unresolved,not_reviewed
aa5sde,unresolved,differences,False,flagged_or_unresolved,not_reviewed
aa6vne,unresolved,differences,False,flagged_or_unresolved,not_reviewed
aa82yt,clear,differences,True,flagged_or_unresolved,not_reviewed
aab2e8,clear,differences,True,flagged_or_unresolved,not_reviewed
ab0s9b,clear,differences,True,flagged_or_unresolved,not_reviewed
abgz0i,clear,differences,True,flagged_or_unresolved,not_reviewed
abl8fb,unresolved,unresolved,False,flagged_or_unresolved,not_reviewed
ablk65,clear,differences,True,flagged_or_unresolved,not_reviewed
ablttb,unresolved,differences,False,flagged_or_unresolved,not_reviewed
abmn7h,clear,differences,True,flagged_or_unresolved,not_reviewed
abvilk,clear,differences,True,flagged_or_unresolved,not_reviewed
accwij,clear,differences,True,flagged_or_unresolved,not_reviewed
acfps3,clear,differences,True,flagged_or_unresolved,not_reviewed
ach6h2,unresolved,unresolved,False,flagged_or_unresolved,not_reviewed
acml4b,clear,differences,True,flagged_or_unresolved,not_reviewed
acrcgr,clear,differences,True,flagged_or_unresolved,not_reviewed
acu2dy,clear,differences,True,flagged_or_unresolved,not_reviewed
ad6qd8,clear,differences,True,flagged_or_unresolved,not_reviewed
ad7afe,clear,differences,True,flagged_or_unresolved,not_reviewed
adbagk,clear,differences,True,flagged_or_unresolved,not_reviewed
adi5fv,clear,differences,False,flagged_or_unresolved,not_reviewed
adm44j,clear,differences,True,flagged_or_unresolved,not_reviewed
aed0qd,clear,differences,True,flagged_or_unresolved,not_reviewed
aed3e9,clear,differences,True,flagged_or_unresolved,not_reviewed
aeofpq,clear,clear,True,provisional_clear,not_reviewed
aes8hr,clear,differences,True,flagged_or_unresolved,not_reviewed
aewoik,clear,differences,True,flagged_or_unresolved,not_reviewed
aey6au,clear,differences,True,flagged_or_unresolved,not_reviewed
afmf4k,clear,differences,True,flagged_or_unresolved,not_reviewed
afqezb,clear,differences,True,flagged_or_unresolved,not_reviewed
afrb1e,clear,differences,True,flagged_or_unresolved,not_reviewed
afslk9,clear,differences,True,flagged_or_unresolved,not_reviewed
afurnp,unresolved,differences,False,flagged_or_unresolved,not_reviewed
aggtxp,clear,differences,True,flagged_or_unresolved,not_reviewed
agp939,clear,differences,True,flagged_or_unresolved,not_reviewed
ah01yi,clear,differences,True,flagged_or_unresolved,not_reviewed
ahir69,clear,differences,True,flagged_or_unresolved,not_reviewed
ahke0q,clear,differences,True,flagged_or_unresolved,not_reviewed
ahq8eq,unresolved,differences,False,flagged_or_unresolved,not_reviewed
ahw3i9,clear,differences,True,flagged_or_unresolved,not_reviewed
ai07jd,clear,differences,True,flagged_or_unresolved,not_reviewed
aibiat,clear,differences,True,flagged_or_unresolved,not_reviewed
aifr3w,clear,differences,True,flagged_or_unresolved,not_reviewed
aih81f,clear,differences,True,flagged_or_unresolved,not_reviewed
ais2mp,clear,differences,True,flagged_or_unresolved,not_reviewed
aisfk7,unresolved,differences,False,flagged_or_unresolved,not_reviewed
aivcsr,clear,differences,True,flagged_or_unresolved,not_reviewed
aiy4fc,clear,differences,True,flagged_or_unresolved,not_reviewed
ajihjz,clear,differences,True,flagged_or_unresolved,not_reviewed
ajwzy1,clear,differences,True,flagged_or_unresolved,not_reviewed
ak6zkl,unresolved,unresolved,False,flagged_or_unresolved,not_reviewed
ak7xaf,unresolved,differences,False,flagged_or_unresolved,not_reviewed
akx2df,clear,differences,True,flagged_or_unresolved,not_reviewed
al6igx,clear,differences,True,flagged_or_unresolved,not_reviewed
alnfoi,clear,differences,True,flagged_or_unresolved,not_reviewed
alooaf,clear,differences,True,flagged_or_unresolved,not_reviewed
alowl6,clear,differences,True,flagged_or_unresolved,not_reviewed
alsd4d,clear,differences,True,flagged_or_unresolved,not_reviewed
am0049,clear,differences,True,flagged_or_unresolved,not_reviewed
am95u0,clear,differences,True,flagged_or_unresolved,not_reviewed
ambzuc,clear,differences,True,flagged_or_unresolved,not_reviewed
amit9l,clear,differences,True,flagged_or_unresolved,not_reviewed
an0eeb,clear,differences,True,flagged_or_unresolved,not_reviewed
an2tqw,clear,differences,True,flagged_or_unresolved,not_reviewed
an33ff,clear,differences,True,flagged_or_unresolved,not_reviewed
an3chd,clear,differences,True,flagged_or_unresolved,not_reviewed
an3wy0,clear,differences,True,flagged_or_unresolved,not_reviewed
an7jd2,unresolved,differences,False,flagged_or_unresolved,not_reviewed
an88c5,clear,differences,True,flagged_or_unresolved,not_reviewed
and4nf,clear,differences,True,flagged_or_unresolved,not_reviewed
anj2zb,clear,differences,True,flagged_or_unresolved,not_reviewed
anjixq,clear,differences,True,flagged_or_unresolved,not_reviewed
anjqj4,clear,differences,True,flagged_or_unresolved,not_reviewed
ano0pk,clear,differences,True,flagged_or_unresolved,not_reviewed
anu8h7,unresolved,unresolved,False,flagged_or_unresolved,not_reviewed
anyhj3,clear,differences,True,flagged_or_unresolved,not_reviewed
ao7jqn,clear,differences,True,flagged_or_unresolved,not_reviewed
aob0aa,clear,differences,True,flagged_or_unresolved,not_reviewed
aollew,clear,differences,True,flagged_or_unresolved,not_reviewed
aov3gy,clear,differences,True,flagged_or_unresolved,not_reviewed
ap2vyv,clear,differences,True,flagged_or_unresolved,not_reviewed
ap8ua8,clear,differences,True,flagged_or_unresolved,not_reviewed
apa38v,unresolved,unresolved,False,flagged_or_unresolved,not_reviewed
apc04f,clear,differences,True,flagged_or_unresolved,not_reviewed
apctv4,clear,differences,True,flagged_or_unresolved,not_reviewed
apgr08,clear,differences,True,flagged_or_unresolved,not_reviewed
apk45t,clear,differences,True,flagged_or_unresolved,not_reviewed
apomgf,clear,differences,True,flagged_or_unresolved,not_reviewed
apt8pf,clear,differences,True,flagged_or_unresolved,not_reviewed
apzok4,clear,differences,True,flagged_or_unresolved,not_reviewed
aq0bw7,clear,differences,True,flagged_or_unresolved,not_reviewed
aq53mg,clear,differences,True,flagged_or_unresolved,not_reviewed
aq84b8,clear,differences,True,flagged_or_unresolved,not_reviewed
aq9kdl,clear,differences,True,flagged_or_unresolved,not_reviewed
aqadzn,clear,differences,True,flagged_or_unresolved,not_reviewed
aqb2s3,clear,differences,True,flagged_or_unresolved,not_reviewed
aqh1vn,clear,differences,True,flagged_or_unresolved,not_reviewed
aqj315,clear,differences,True,flagged_or_unresolved,not_reviewed
aqs14o,unresolved,differences,False,flagged_or_unresolved,not_reviewed
aqwgtf,clear,differences,True,flagged_or_unresolved,not_reviewed
arhbmu,clear,differences,True,flagged_or_unresolved,not_reviewed
arihjx,clear,differences,True,flagged_or_unresolved,not_reviewed
arljs4,clear,differences,True,flagged_or_unresolved,not_reviewed
armc1t,clear,differences,True,flagged_or_unresolved,not_reviewed
arzotl,clear,differences,True,flagged_or_unresolved,not_reviewed
as3urk,clear,differences,True,flagged_or_unresolved,not_reviewed
as6lap,clear,differences,True,flagged_or_unresolved,not_reviewed
asad7x,clear,differences,True,flagged_or_unresolved,not_reviewed
asfd12,clear,differences,True,flagged_or_unresolved,not_reviewed
ash45a,clear,differences,True,flagged_or_unresolved,not_reviewed
aspjit,clear,differences,True,flagged_or_unresolved,not_reviewed
at21ct,clear,differences,True,flagged_or_unresolved,not_reviewed
at9v9i,clear,differences,True,flagged_or_unresolved,not_reviewed
ata25i,clear,differences,True,flagged_or_unresolved,not_reviewed
ate4sk,clear,differences,True,flagged_or_unresolved,not_reviewed
atebul,clear,differences,True,flagged_or_unresolved,not_reviewed
atitsh,unresolved,differences,False,flagged_or_unresolved,not_reviewed
atvjvo,clear,differences,True,flagged_or_unresolved,not_reviewed
aty0jm,clear,differences,True,flagged_or_unresolved,not_reviewed
au4l5r,clear,differences,True,flagged_or_unresolved,not_reviewed
au5og6,clear,differences,True,flagged_or_unresolved,not_reviewed
auck65,clear,differences,True,flagged_or_unresolved,not_reviewed
aulzij,clear,differences,True,flagged_or_unresolved,not_reviewed
auvhqt,clear,differences,True,flagged_or_unresolved,not_reviewed
avmpzl,clear,differences,True,flagged_or_unresolved,not_reviewed
avmx1e,clear,differences,True,flagged_or_unresolved,not_reviewed
avtvnb,clear,differences,True,flagged_or_unresolved,not_reviewed
avv88x,clear,differences,True,flagged_or_unresolved,not_reviewed
aw37cr,clear,differences,True,flagged_or_unresolved,not_reviewed
aw42ni,clear,differences,True,flagged_or_unresolved,not_reviewed
aw6qj9,clear,differences,True,flagged_or_unresolved,not_reviewed
awbhry,clear,differences,True,flagged_or_unresolved,not_reviewed
awcgbn,clear,differences,True,flagged_or_unresolved,not_reviewed
awlcbp,clear,differences,True,flagged_or_unresolved,not_reviewed
awrjd2,clear,differences,True,flagged_or_unresolved,not_reviewed
awwo1u,clear,differences,True,flagged_or_unresolved,not_reviewed
awxpy5,clear,differences,True,flagged_or_unresolved,not_reviewed
ax1fso,clear,differences,True,flagged_or_unresolved,not_reviewed
axcl2j,clear,differences,True,flagged_or_unresolved,not_reviewed
axgqjs,unresolved,differences,False,flagged_or_unresolved,not_reviewed
axh568,clear,differences,True,flagged_or_unresolved,not_reviewed
axln8p,clear,differences,True,flagged_or_unresolved,not_reviewed
axmlr4,clear,differences,True,flagged_or_unresolved,not_reviewed
axn7hf,clear,differences,True,flagged_or_unresolved,not_reviewed
axo1up,clear,differences,True,flagged_or_unresolved,not_reviewed
ay14q8,clear,differences,True,flagged_or_unresolved,not_reviewed
ay5yf5,clear,differences,True,flagged_or_unresolved,not_reviewed
aybb85,clear,differences,True,flagged_or_unresolved,not_reviewed
ayhui6,clear,differences,True,flagged_or_unresolved,not_reviewed
aykvof,clear,differences,True,flagged_or_unresolved,not_reviewed
ayq309,clear,differences,True,flagged_or_unresolved,not_reviewed
az4iw0,unresolved,differences,False,flagged_or_unresolved,not_reviewed
az8en3,clear,differences,True,flagged_or_unresolved,not_reviewed
az960o,clear,differences,True,flagged_or_unresolved,not_reviewed
azbeeh,clear,differences,True,flagged_or_unresolved,not_reviewed
azccog,clear,differences,True,flagged_or_unresolved,not_reviewed
azdt46,clear,differences,True,flagged_or_unresolved,not_reviewed
azmbrk,clear,differences,True,flagged_or_unresolved,not_reviewed
azmehk,clear,differences,True,flagged_or_unresolved,not_reviewed
aznj1x,clear,differences,True,flagged_or_unresolved,not_reviewed
azp4ji,clear,differences,True,flagged_or_unresolved,not_reviewed
azuyfy,clear,differences,True,flagged_or_unresolved,not_reviewed
b067ue,clear,differences,True,flagged_or_unresolved,not_reviewed
b0fkwi,unresolved,differences,False,flagged_or_unresolved,not_reviewed
b0fofq,clear,differences,True,flagged_or_unresolved,not_reviewed
b0lokv,clear,differences,True,flagged_or_unresolved,not_reviewed
b0sztz,clear,differences,True,flagged_or_unresolved,not_reviewed
b0vgee,clear,differences,True,flagged_or_unresolved,not_reviewed
b116tz,clear,differences,True,flagged_or_unresolved,not_reviewed
b15pjb,clear,differences,True,flagged_or_unresolved,not_reviewed
b19nmm,clear,differences,True,flagged_or_unresolved,not_reviewed
b1myu6,clear,differences,True,flagged_or_unresolved,not_reviewed
b1xuho,clear,differences,True,flagged_or_unresolved,not_reviewed
b24mx9,clear,differences,True,flagged_or_unresolved,not_reviewed
b251e7,clear,differences,True,flagged_or_unresolved,not_reviewed
b27igr,unresolved,differences,False,flagged_or_unresolved,not_reviewed
b2a1md,clear,differences,True,flagged_or_unresolved,not_reviewed
b2b1cb,clear,differences,True,flagged_or_unresolved,not_reviewed
b2by2c,clear,differences,True,flagged_or_unresolved,not_reviewed
b2cdox,clear,differences,True,flagged_or_unresolved,not_reviewed
b2ia0s,unresolved,unresolved,False,flagged_or_unresolved,not_reviewed
b2mr16,clear,differences,True,flagged_or_unresolved,not_reviewed
b2tj0s,clear,differences,True,flagged_or_unresolved,not_reviewed
b2xng6,clear,differences,True,flagged_or_unresolved,not_reviewed
b31lal,clear,differences,True,flagged_or_unresolved,not_reviewed
b32yv0,clear,differences,True,flagged_or_unresolved,not_reviewed
b34wkb,clear,differences,True,flagged_or_unresolved,not_reviewed
b38ju6,clear,differences,True,flagged_or_unresolved,not_reviewed
b3e8pq,clear,differences,True,flagged_or_unresolved,not_reviewed
b3kw2s,clear,differences,True,flagged_or_unresolved,not_reviewed
b3mutb,unresolved,differences,False,flagged_or_unresolved,not_reviewed
b3t0cb,unresolved,differences,False,flagged_or_unresolved,not_reviewed
b3zfmb,clear,differences,True,flagged_or_unresolved,not_reviewed
b40a92,unresolved,differences,False,flagged_or_unresolved,not_reviewed
b40l1o,clear,differences,True,flagged_or_unresolved,not_reviewed
b40xeo,clear,unresolved,True,flagged_or_unresolved,not_reviewed
b4a3vv,clear,differences,True,flagged_or_unresolved,not_reviewed
b4bjhk,clear,differences,True,flagged_or_unresolved,not_reviewed
b4cffz,clear,differences,True,flagged_or_unresolved,not_reviewed
b4e4ft,unresolved,differences,False,flagged_or_unresolved,not_reviewed
b4f3og,clear,differences,True,flagged_or_unresolved,not_reviewed
b4kvkj,clear,differences,True,flagged_or_unresolved,not_reviewed
b4mg1p,clear,differences,True,flagged_or_unresolved,not_reviewed
b52ocy,clear,differences,True,flagged_or_unresolved,not_reviewed
b5b46s,unresolved,differences,False,flagged_or_unresolved,not_reviewed
b5dfcv,clear,differences,True,flagged_or_unresolved,not_reviewed
b5f3gt,clear,differences,False,flagged_or_unresolved,not_reviewed
b5tdeb,clear,differences,True,flagged_or_unresolved,not_reviewed
b5zk48,clear,differences,True,flagged_or_unresolved,not_reviewed
b656e9,clear,differences,True,flagged_or_unresolved,not_reviewed
b6e7hy,clear,differences,True,flagged_or_unresolved,not_reviewed
b6gqyh,unresolved,differences,False,flagged_or_unresolved,not_reviewed
b6q94s,clear,differences,True,flagged_or_unresolved,not_reviewed
b6sgeb,clear,differences,True,flagged_or_unresolved,not_reviewed
b70hkk,clear,differences,True,flagged_or_unresolved,not_reviewed
b72w8f,clear,differences,True,flagged_or_unresolved,not_reviewed
b73mto,unresolved,differences,False,flagged_or_unresolved,not_reviewed
b76hfg,clear,differences,True,flagged_or_unresolved,not_reviewed
b771wi,clear,differences,True,flagged_or_unresolved,not_reviewed
b7fcty,clear,differences,True,flagged_or_unresolved,not_reviewed
b7ikm1,clear,differences,True,flagged_or_unresolved,not_reviewed
b7m8up,clear,differences,True,flagged_or_unresolved,not_reviewed
b7oeno,clear,differences,True,flagged_or_unresolved,not_reviewed
b7rnnb,clear,differences,True,flagged_or_unresolved,not_reviewed
b7s1be,clear,differences,True,flagged_or_unresolved,not_reviewed
b7tcdx,clear,differences,True,flagged_or_unresolved,not_reviewed
b83lr1,clear,differences,True,flagged_or_unresolved,not_reviewed
b85fu0,clear,differences,True,flagged_or_unresolved,not_reviewed
b8azyq,clear,differences,True,flagged_or_unresolved,not_reviewed
b8ez1v,clear,differences,True,flagged_or_unresolved,not_reviewed
b8mi4y,clear,differences,True,flagged_or_unresolved,not_reviewed
b8twt0,clear,differences,True,flagged_or_unresolved,not_reviewed
b8wbcl,clear,differences,True,flagged_or_unresolved,not_reviewed
b8yzzv,clear,differences,True,flagged_or_unresolved,not_reviewed
b91b0f,clear,differences,True,flagged_or_unresolved,not_reviewed
b91dil,clear,differences,True,flagged_or_unresolved,not_reviewed
b93we3,clear,differences,True,flagged_or_unresolved,not_reviewed
b984mf,clear,differences,True,flagged_or_unresolved,not_reviewed
b9ag39,clear,differences,True,flagged_or_unresolved,not_reviewed
b9g2ky,clear,differences,True,flagged_or_unresolved,not_reviewed
b9h3kq,unresolved,differences,False,flagged_or_unresolved,not_reviewed
b9ii97,clear,differences,True,flagged_or_unresolved,not_reviewed
b9lrh3,clear,differences,True,flagged_or_unresolved,not_reviewed
ba2ulk,clear,differences,True,flagged_or_unresolved,not_reviewed
ba52pk,clear,differences,True,flagged_or_unresolved,not_reviewed
ba550m,clear,differences,True,flagged_or_unresolved,not_reviewed
badt22,clear,differences,True,flagged_or_unresolved,not_reviewed
bajyy9,clear,differences,True,flagged_or_unresolved,not_reviewed
bat1cf,clear,differences,True,flagged_or_unresolved,not_reviewed
baugz0,clear,differences,True,flagged_or_unresolved,not_reviewed
bauju1,clear,differences,True,flagged_or_unresolved,not_reviewed
bazmul,clear,differences,True,flagged_or_unresolved,not_reviewed
bb1uk3,clear,differences,True,flagged_or_unresolved,not_reviewed
bb20fv,clear,differences,True,flagged_or_unresolved,not_reviewed
bb50ux,unresolved,unresolved,False,flagged_or_unresolved,not_reviewed
bb8c1p,clear,differences,True,flagged_or_unresolved,not_reviewed
bb924b,clear,differences,True,flagged_or_unresolved,not_reviewed
bb97pp,clear,differences,True,flagged_or_unresolved,not_reviewed
bba5qr,clear,differences,True,flagged_or_unresolved,not_reviewed
bbajpw,clear,differences,True,flagged_or_unresolved,not_reviewed
bbarz0,clear,differences,True,flagged_or_unresolved,not_reviewed
bbbltm,clear,differences,True,flagged_or_unresolved,not_reviewed
bbcxdr,clear,differences,True,flagged_or_unresolved,not_reviewed
bbhk20,unresolved,differences,False,flagged_or_unresolved,not_reviewed
bbk8pu,clear,differences,True,flagged_or_unresolved,not_reviewed
bbsybu,clear,differences,True,flagged_or_unresolved,not_reviewed
bc099f,clear,differences,True,flagged_or_unresolved,not_reviewed
bc0rwy,clear,differences,True,flagged_or_unresolved,not_reviewed
bc1v84,unresolved,unresolved,False,flagged_or_unresolved,not_reviewed
bc2c50,clear,differences,True,flagged_or_unresolved,not_reviewed
bc3sm2,clear,differences,True,flagged_or_unresolved,not_reviewed
bch4y2,clear,differences,True,flagged_or_unresolved,not_reviewed
bcj7iy,clear,differences,True,flagged_or_unresolved,not_reviewed
bctcg8,clear,differences,True,flagged_or_unresolved,not_reviewed
bd1ta3,clear,differences,True,flagged_or_unresolved,not_reviewed
bd5j7h,clear,differences,True,flagged_or_unresolved,not_reviewed
bde65i,clear,differences,True,flagged_or_unresolved,not_reviewed
bdez1p,clear,differences,True,flagged_or_unresolved,not_reviewed
bdht2r,clear,differences,True,flagged_or_unresolved,not_reviewed
bdq4fb,clear,differences,True,flagged_or_unresolved,not_reviewed
be37mi,clear,differences,True,flagged_or_unresolved,not_reviewed
be4alx,clear,differences,True,flagged_or_unresolved,not_reviewed
be8i3h,clear,differences,True,flagged_or_unresolved,not_reviewed
bep6s7,clear,differences,True,flagged_or_unresolved,not_reviewed
bf1hcl,clear,differences,True,flagged_or_unresolved,not_reviewed
bf2bg7,clear,differences,True,flagged_or_unresolved,not_reviewed
bf2gmu,clear,differences,True,flagged_or_unresolved,not_reviewed
bf3eyq,clear,differences,True,flagged_or_unresolved,not_reviewed
bf5m55,clear,differences,True,flagged_or_unresolved,not_reviewed
bf8zb9,clear,differences,True,flagged_or_unresolved,not_reviewed
bfacqq,unresolved,unresolved,False,flagged_or_unresolved,not_reviewed
bfev7s,clear,differences,True,flagged_or_unresolved,not_reviewed
bfi7yg,clear,differences,True,flagged_or_unresolved,not_reviewed
bfj4ds,clear,differences,True,flagged_or_unresolved,not_reviewed
bfmw1n,clear,differences,True,flagged_or_unresolved,not_reviewed
bfpl50,clear,differences,True,flagged_or_unresolved,not_reviewed
bfpxfg,unresolved,differences,False,flagged_or_unresolved,not_reviewed
bfw5pa,unresolved,unresolved,False,flagged_or_unresolved,not_reviewed
bg4db6,clear,differences,True,flagged_or_unresolved,not_reviewed
bg83w3,clear,differences,True,flagged_or_unresolved,not_reviewed
bgiwb0,clear,differences,True,flagged_or_unresolved,not_reviewed
bgqoud,unresolved,differences,False,flagged_or_unresolved,not_reviewed
bgvjy5,clear,differences,True,flagged_or_unresolved,not_reviewed
bgxv3p,clear,differences,True,flagged_or_unresolved,not_reviewed
bgz0x5,clear,differences,True,flagged_or_unresolved,not_reviewed
bgzbt5,clear,differences,True,flagged_or_unresolved,not_reviewed
bh6zm8,clear,differences,True,flagged_or_unresolved,not_reviewed
bh8nvx,clear,differences,True,flagged_or_unresolved,not_reviewed
bhcp4e,clear,differences,True,flagged_or_unresolved,not_reviewed
bhcu5t,clear,differences,True,flagged_or_unresolved,not_reviewed
bhgkgn,clear,differences,True,flagged_or_unresolved,not_reviewed
bhh1m6,clear,differences,True,flagged_or_unresolved,not_reviewed
bhjr8k,unresolved,differences,False,flagged_or_unresolved,not_reviewed
bhrxnu,clear,differences,True,flagged_or_unresolved,not_reviewed
bhw805,clear,differences,True,flagged_or_unresolved,not_reviewed
bhypom,unresolved,differences,False,flagged_or_unresolved,not_reviewed
bi6qz9,clear,differences,True,flagged_or_unresolved,not_reviewed
bim22u,clear,differences,True,flagged_or_unresolved,not_reviewed
bin3fw,clear,differences,True,flagged_or_unresolved,not_reviewed
biyqpr,unresolved,differences,False,flagged_or_unresolved,not_reviewed
bj5bu7,unresolved,differences,False,flagged_or_unresolved,not_reviewed
bj8zau,clear,differences,True,flagged_or_unresolved,not_reviewed
bji2aw,clear,differences,True,flagged_or_unresolved,not_reviewed
bjkna8,unresolved,differences,False,flagged_or_unresolved,not_reviewed
bjnagt,clear,differences,True,flagged_or_unresolved,not_reviewed
bjox7z,clear,differences,True,flagged_or_unresolved,not_reviewed
bjrfz2,clear,differences,True,flagged_or_unresolved,not_reviewed
bjw8cd,clear,differences,True,flagged_or_unresolved,not_reviewed
bjw9lj,clear,differences,True,flagged_or_unresolved,not_reviewed
bk14jy,clear,differences,True,flagged_or_unresolved,not_reviewed
bk3ww5,clear,differences,True,flagged_or_unresolved,not_reviewed
bk4hj4,clear,differences,True,flagged_or_unresolved,not_reviewed
bk95sz,clear,differences,True,flagged_or_unresolved,not_reviewed
bk9gie,clear,differences,True,flagged_or_unresolved,not_reviewed
bkd7yv,clear,differences,True,flagged_or_unresolved,not_reviewed
bkmy2h,clear,differences,True,flagged_or_unresolved,not_reviewed
bkovww,unresolved,differences,False,flagged_or_unresolved,not_reviewed
bkukz3,clear,differences,True,flagged_or_unresolved,not_reviewed
bkzyl5,clear,differences,True,flagged_or_unresolved,not_reviewed
bl2dtz,clear,differences,True,flagged_or_unresolved,not_reviewed
bl5xea,clear,differences,True,flagged_or_unresolved,not_reviewed
blcl0u,clear,differences,True,flagged_or_unresolved,not_reviewed
bliofz,clear,differences,True,flagged_or_unresolved,not_reviewed
blnp24,clear,differences,True,flagged_or_unresolved,not_reviewed
blt1cm,clear,differences,True,flagged_or_unresolved,not_reviewed
blv4z1,clear,differences,True,flagged_or_unresolved,not_reviewed
blwxbw,clear,differences,True,flagged_or_unresolved,not_reviewed
blz9rs,clear,differences,True,flagged_or_unresolved,not_reviewed
bm0hjj,clear,differences,True,flagged_or_unresolved,not_reviewed
bm57rk,clear,differences,True,flagged_or_unresolved,not_reviewed
bm609e,clear,differences,True,flagged_or_unresolved,not_reviewed
bm7srl,clear,differences,True,flagged_or_unresolved,not_reviewed
bm7u8y,clear,differences,True,flagged_or_unresolved,not_reviewed
bm8s7c,clear,differences,True,flagged_or_unresolved,not_reviewed
bmba5r,unresolved,differences,False,flagged_or_unresolved,not_reviewed
bmbd9s,clear,differences,True,flagged_or_unresolved,not_reviewed
bml5l1,clear,differences,True,flagged_or_unresolved,not_reviewed
bn0902,clear,differences,True,flagged_or_unresolved,not_reviewed
bn17zq,clear,differences,True,flagged_or_unresolved,not_reviewed
bn51ex,unresolved,differences,False,flagged_or_unresolved,not_reviewed
bn6rwn,clear,differences,True,flagged_or_unresolved,not_reviewed
bnceag,clear,differences,True,flagged_or_unresolved,not_reviewed
bnpgps,clear,differences,True,flagged_or_unresolved,not_reviewed
bnphtu,clear,differences,True,flagged_or_unresolved,not_reviewed
bnpujr,clear,differences,True,flagged_or_unresolved,not_reviewed
bnqm59,clear,differences,True,flagged_or_unresolved,not_reviewed
bnrb32,clear,differences,True,flagged_or_unresolved,not_reviewed
bns8e2,clear,differences,True,flagged_or_unresolved,not_reviewed
bnt0hx,clear,differences,True,flagged_or_unresolved,not_reviewed
bntu5m,clear,differences,True,flagged_or_unresolved,not_reviewed
bnvv7m,clear,differences,True,flagged_or_unresolved,not_reviewed
bnwcgx,clear,differences,True,flagged_or_unresolved,not_reviewed
bnylkt,clear,differences,True,flagged_or_unresolved,not_reviewed
bo2sno,clear,differences,True,flagged_or_unresolved,not_reviewed
bo5u0z,clear,differences,True,flagged_or_unresolved,not_reviewed
boapv7,clear,differences,True,flagged_or_unresolved,not_reviewed
boewzt,clear,differences,True,flagged_or_unresolved,not_reviewed
bors4l,clear,differences,True,flagged_or_unresolved,not_reviewed
bosr7m,clear,differences,True,flagged_or_unresolved,not_reviewed
botofm,unresolved,differences,False,flagged_or_unresolved,not_reviewed
bou0sy,clear,differences,True,flagged_or_unresolved,not_reviewed
bovjbb,clear,differences,True,flagged_or_unresolved,not_reviewed
bow38y,clear,differences,True,flagged_or_unresolved,not_reviewed
boyzue,clear,differences,True,flagged_or_unresolved,not_reviewed
bp2ye1,unresolved,unresolved,False,flagged_or_unresolved,not_reviewed
bp4dtv,unresolved,unresolved,False,flagged_or_unresolved,not_reviewed
bp97n3,clear,differences,True,flagged_or_unresolved,not_reviewed
bpj7tk,clear,differences,True,flagged_or_unresolved,not_reviewed
bpjwux,clear,differences,True,flagged_or_unresolved,not_reviewed
bpkzxs,clear,differences,True,flagged_or_unresolved,not_reviewed
bpp6iq,unresolved,unresolved,False,flagged_or_unresolved,not_reviewed
bpumhy,clear,differences,True,flagged_or_unresolved,not_reviewed
bpuwgl,clear,differences,True,flagged_or_unresolved,not_reviewed
bq882m,clear,differences,True,flagged_or_unresolved,not_reviewed
bqh4ow,clear,differences,True,flagged_or_unresolved,not_reviewed
bqm684,clear,differences,True,flagged_or_unresolved,not_reviewed
bqmgqp,clear,differences,True,flagged_or_unresolved,not_reviewed
bqog41,clear,differences,True,flagged_or_unresolved,not_reviewed
bqv8k5,clear,differences,True,flagged_or_unresolved,not_reviewed
bqx9lc,unresolved,differences,False,flagged_or_unresolved,not_reviewed
bqz2qk,clear,differences,True,flagged_or_unresolved,not_reviewed
brtar6,unresolved,unresolved,False,flagged_or_unresolved,not_reviewed
brvx0b,clear,differences,True,flagged_or_unresolved,not_reviewed
bs2ljx,clear,differences,True,flagged_or_unresolved,not_reviewed
bs6s8r,clear,differences,True,flagged_or_unresolved,not_reviewed
bsenne,clear,differences,True,flagged_or_unresolved,not_reviewed
bshydi,clear,differences,True,flagged_or_unresolved,not_reviewed
bskcir,unresolved,differences,False,flagged_or_unresolved,not_reviewed
bsqt3q,clear,differences,False,flagged_or_unresolved,not_reviewed
bsuxwp,clear,differences,True,flagged_or_unresolved,not_reviewed
bsv03c,clear,differences,True,flagged_or_unresolved,not_reviewed
bt7gec,clear,differences,True,flagged_or_unresolved,not_reviewed
bt906j,unresolved,differences,False,flagged_or_unresolved,not_reviewed
btbehz,clear,differences,True,flagged_or_unresolved,not_reviewed
btd1n3,unresolved,differences,False,flagged_or_unresolved,not_reviewed
btejal,clear,differences,True,flagged_or_unresolved,not_reviewed
bth7l8,clear,differences,True,flagged_or_unresolved,not_reviewed
bti9qq,clear,differences,True,flagged_or_unresolved,not_reviewed
btyai7,unresolved,differences,False,flagged_or_unresolved,not_reviewed
bu6twe,clear,differences,True,flagged_or_unresolved,not_reviewed
bu7ui9,clear,differences,True,flagged_or_unresolved,not_reviewed
bu8y44,clear,differences,True,flagged_or_unresolved,not_reviewed
bucptl,clear,differences,True,flagged_or_unresolved,not_reviewed
bugici,clear,differences,True,flagged_or_unresolved,not_reviewed
buh3pu,clear,differences,True,flagged_or_unresolved,not_reviewed
buhten,clear,differences,True,flagged_or_unresolved,not_reviewed
buno6c,clear,differences,True,flagged_or_unresolved,not_reviewed
buw82b,unresolved,differences,False,flagged_or_unresolved,not_reviewed
bv9176,clear,differences,True,flagged_or_unresolved,not_reviewed
bv9qdq,clear,differences,True,flagged_or_unresolved,not_reviewed
bv9tzj,unresolved,differences,False,flagged_or_unresolved,not_reviewed
bvc3h1,clear,differences,True,flagged_or_unresolved,not_reviewed
bvdneh,clear,differences,True,flagged_or_unresolved,not_reviewed
bvhjst,clear,differences,True,flagged_or_unresolved,not_reviewed
bvjh9y,clear,differences,True,flagged_or_unresolved,not_reviewed
bvr1aq,clear,differences,True,flagged_or_unresolved,not_reviewed
bvz8oo,clear,differences,True,flagged_or_unresolved,not_reviewed
bw1b51,clear,differences,True,flagged_or_unresolved,not_reviewed
bw2872,clear,differences,True,flagged_or_unresolved,not_reviewed
bw4b8d,clear,differences,True,flagged_or_unresolved,not_reviewed
bw4luh,clear,differences,True,flagged_or_unresolved,not_reviewed
bw7c9b,clear,differences,True,flagged_or_unresolved,not_reviewed
bw7qrc,unresolved,differences,False,flagged_or_unresolved,not_reviewed
bw8l90,clear,differences,True,flagged_or_unresolved,not_reviewed
bwgetq,clear,differences,True,flagged_or_unresolved,not_reviewed
bwkzce,clear,differences,True,flagged_or_unresolved,not_reviewed
bwsgcv,clear,differences,True,flagged_or_unresolved,not_reviewed
bwwzkx,unresolved,differences,False,flagged_or_unresolved,not_reviewed
bwwzyl,clear,differences,True,flagged_or_unresolved,not_reviewed
bwxzar,clear,differences,True,flagged_or_unresolved,not_reviewed
bwz0j8,unresolved,differences,False,flagged_or_unresolved,not_reviewed
bx3ysm,clear,differences,True,flagged_or_unresolved,not_reviewed
bx5vaq,clear,differences,True,flagged_or_unresolved,not_reviewed
bx73jn,clear,differences,True,flagged_or_unresolved,not_reviewed
bxm3pt,clear,differences,True,flagged_or_unresolved,not_reviewed
bxujuf,unresolved,unresolved,False,flagged_or_unresolved,not_reviewed
bxzi4w,clear,differences,True,flagged_or_unresolved,not_reviewed
by0x62,clear,differences,True,flagged_or_unresolved,not_reviewed
by32bj,unresolved,differences,False,flagged_or_unresolved,not_reviewed
by45vz,clear,differences,True,flagged_or_unresolved,not_reviewed
by79ps,clear,differences,True,flagged_or_unresolved,not_reviewed
byaijc,clear,differences,True,flagged_or_unresolved,not_reviewed
bybp7r,clear,differences,True,flagged_or_unresolved,not_reviewed
bygcg2,clear,differences,True,flagged_or_unresolved,not_reviewed
byh9qc,clear,differences,True,flagged_or_unresolved,not_reviewed
byhilc,unresolved,differences,False,flagged_or_unresolved,not_reviewed
bykq87,clear,differences,True,flagged_or_unresolved,not_reviewed
byks7c,unresolved,differences,False,flagged_or_unresolved,not_reviewed
bym089,clear,differences,True,flagged_or_unresolved,not_reviewed
bypahq,clear,differences,True,flagged_or_unresolved,not_reviewed
byrlym,clear,differences,True,flagged_or_unresolved,not_reviewed
bystwj,clear,differences,True,flagged_or_unresolved,not_reviewed
bz1fal,clear,differences,True,flagged_or_unresolved,not_reviewed
bz4alz,unresolved,unresolved,False,flagged_or_unresolved,not_reviewed
bz8sti,clear,differences,True,flagged_or_unresolved,not_reviewed
bzazvl,clear,differences,True,flagged_or_unresolved,not_reviewed
bzirf5,clear,differences,True,flagged_or_unresolved,not_reviewed
bzjo5r,clear,differences,True,flagged_or_unresolved,not_reviewed
bzjyks,clear,differences,True,flagged_or_unresolved,not_reviewed
bzkmn1,clear,differences,True,flagged_or_unresolved,not_reviewed
bzlchz,clear,differences,True,flagged_or_unresolved,not_reviewed
bzmbr4,clear,differences,True,flagged_or_unresolved,not_reviewed
bzrhtu,clear,differences,True,flagged_or_unresolved,not_reviewed
bztjmt,clear,differences,True,flagged_or_unresolved,not_reviewed
c04s7l,clear,differences,True,flagged_or_unresolved,not_reviewed
c0g14w,clear,differences,True,flagged_or_unresolved,not_reviewed
c0lja4,clear,differences,True,flagged_or_unresolved,not_reviewed
c0n82n,unresolved,differences,False,flagged_or_unresolved,not_reviewed
c0rypr,clear,differences,True,flagged_or_unresolved,not_reviewed
c0xp8l,clear,differences,True,flagged_or_unresolved,not_reviewed
c0zthp,clear,differences,True,flagged_or_unresolved,not_reviewed
c146ia,clear,differences,True,flagged_or_unresolved,not_reviewed
c159v0,clear,differences,True,flagged_or_unresolved,not_reviewed
c18bn2,clear,differences,True,flagged_or_unresolved,not_reviewed
c19wql,clear,clear,True,provisional_clear,not_reviewed
c1dqei,unresolved,unresolved,False,flagged_or_unresolved,not_reviewed
c1gwiv,clear,differences,True,flagged_or_unresolved,not_reviewed
c1iqud,clear,differences,True,flagged_or_unresolved,not_reviewed
c1k97y,unresolved,differences,False,flagged_or_unresolved,not_reviewed
c1nr7f,clear,differences,True,flagged_or_unresolved,not_reviewed
c22qcx,clear,clear,True,provisional_clear,not_reviewed
c28c5v,clear,differences,True,flagged_or_unresolved,not_reviewed
c2dcbv,unresolved,differences,False,flagged_or_unresolved,not_reviewed
c2lrag,clear,differences,True,flagged_or_unresolved,not_reviewed
c2n717,clear,differences,True,flagged_or_unresolved,not_reviewed
c2upd8,unresolved,differences,False,flagged_or_unresolved,not_reviewed
c2w1cw,clear,differences,True,flagged_or_unresolved,not_reviewed
c2wszs,clear,differences,True,flagged_or_unresolved,not_reviewed
c3030w,clear,differences,True,flagged_or_unresolved,not_reviewed
c3buua,clear,differences,True,flagged_or_unresolved,not_reviewed
c3efnt,clear,differences,True,flagged_or_unresolved,not_reviewed
c3he29,clear,differences,True,flagged_or_unresolved,not_reviewed
c3l68k,clear,differences,True,flagged_or_unresolved,not_reviewed
c3lekj,clear,differences,True,flagged_or_unresolved,not_reviewed
c3luoe,clear,differences,True,flagged_or_unresolved,not_reviewed
c3luq5,clear,differences,True,flagged_or_unresolved,not_reviewed
c3nvnp,clear,differences,True,flagged_or_unresolved,not_reviewed
c3quft,clear,differences,True,flagged_or_unresolved,not_reviewed
c3smht,unresolved,differences,False,flagged_or_unresolved,not_reviewed
c3w6ri,clear,differences,True,flagged_or_unresolved,not_reviewed
c3yj6e,clear,differences,True,flagged_or_unresolved,not_reviewed
c47iwn,clear,differences,True,flagged_or_unresolved,not_reviewed
c497t6,clear,differences,True,flagged_or_unresolved,not_reviewed
c4eqd3,clear,differences,True,flagged_or_unresolved,not_reviewed
c4h8s5,clear,differences,True,flagged_or_unresolved,not_reviewed
c4pm0e,clear,differences,True,flagged_or_unresolved,not_reviewed
c4xd8h,clear,differences,True,flagged_or_unresolved,not_reviewed
c50s4i,unresolved,differences,False,flagged_or_unresolved,not_reviewed
c57uuh,clear,differences,True,flagged_or_unresolved,not_reviewed
c5cu96,unresolved,unresolved,False,flagged_or_unresolved,not_reviewed
c5if74,unresolved,differences,False,flagged_or_unresolved,not_reviewed
c5rb22,clear,differences,True,flagged_or_unresolved,not_reviewed
c5uwdc,clear,differences,True,flagged_or_unresolved,not_reviewed
c67xdy,unresolved,differences,False,flagged_or_unresolved,not_reviewed
c6agc4,clear,differences,True,flagged_or_unresolved,not_reviewed
c6ezav,clear,differences,True,flagged_or_unresolved,not_reviewed
c6hz3m,clear,differences,True,flagged_or_unresolved,not_reviewed
c6ko6a,clear,differences,True,flagged_or_unresolved,not_reviewed
c6kz9s,clear,differences,True,flagged_or_unresolved,not_reviewed
c6p8sz,clear,differences,True,flagged_or_unresolved,not_reviewed
c6q8kw,clear,differences,True,flagged_or_unresolved,not_reviewed
c6rkcd,clear,differences,True,flagged_or_unresolved,not_reviewed
c6u4zu,clear,differences,True,flagged_or_unresolved,not_reviewed
c6v8ls,clear,differences,True,flagged_or_unresolved,not_reviewed
c6zfvw,unresolved,differences,False,flagged_or_unresolved,not_reviewed
c76rq2,clear,differences,True,flagged_or_unresolved,not_reviewed
c77otg,clear,differences,True,flagged_or_unresolved,not_reviewed
c78bl3,unresolved,unresolved,True,flagged_or_unresolved,not_reviewed
c7dti7,clear,differences,True,flagged_or_unresolved,not_reviewed
c7g6mt,clear,differences,True,flagged_or_unresolved,not_reviewed
c7khw1,clear,differences,True,flagged_or_unresolved,not_reviewed
c7tgtd,clear,differences,True,flagged_or_unresolved,not_reviewed
c7v2z0,clear,differences,True,flagged_or_unresolved,not_reviewed
c81dfe,clear,differences,True,flagged_or_unresolved,not_reviewed
c87313,clear,differences,True,flagged_or_unresolved,not_reviewed
c88vlb,clear,differences,True,flagged_or_unresolved,not_reviewed
c8ashx,clear,differences,True,flagged_or_unresolved,not_reviewed
c8cuke,unresolved,differences,False,flagged_or_unresolved,not_reviewed
c8e3mj,clear,differences,True,flagged_or_unresolved,not_reviewed
c8jlvi,clear,differences,True,flagged_or_unresolved,not_reviewed
c922gz,unresolved,differences,False,flagged_or_unresolved,not_reviewed
c92cg7,clear,differences,True,flagged_or_unresolved,not_reviewed
c95tnj,clear,differences,True,flagged_or_unresolved,not_reviewed
c99gvl,clear,differences,True,flagged_or_unresolved,not_reviewed
c9c60r,unresolved,unresolved,False,flagged_or_unresolved,not_reviewed
c9iy5b,clear,differences,True,flagged_or_unresolved,not_reviewed
c9kyj9,clear,differences,True,flagged_or_unresolved,not_reviewed
c9l6fq,clear,differences,True,flagged_or_unresolved,not_reviewed
c9n304,unresolved,differences,False,flagged_or_unresolved,not_reviewed
c9ov16,clear,differences,True,flagged_or_unresolved,not_reviewed
c9phlg,clear,differences,True,flagged_or_unresolved,not_reviewed
c9swu0,unresolved,differences,False,flagged_or_unresolved,not_reviewed
c9uokb,clear,differences,True,flagged_or_unresolved,not_reviewed
c9w4za,clear,differences,True,flagged_or_unresolved,not_reviewed
ca1nm1,clear,differences,True,flagged_or_unresolved,not_reviewed
cagy16,clear,differences,True,flagged_or_unresolved,not_reviewed
cam5in,clear,differences,True,flagged_or_unresolved,not_reviewed
cansu8,clear,differences,True,flagged_or_unresolved,not_reviewed
cas5j2,clear,differences,True,flagged_or_unresolved,not_reviewed
caubp9,clear,differences,True,flagged_or_unresolved,not_reviewed
cb0z08,clear,differences,True,flagged_or_unresolved,not_reviewed
cb3lxd,clear,differences,True,flagged_or_unresolved,not_reviewed
cb4eu4,clear,differences,True,flagged_or_unresolved,not_reviewed
cb8y81,clear,differences,True,flagged_or_unresolved,not_reviewed
cbaioo,clear,differences,True,flagged_or_unresolved,not_reviewed
cbar29,clear,differences,True,flagged_or_unresolved,not_reviewed
cbo3sq,clear,differences,True,flagged_or_unresolved,not_reviewed
cboh5z,clear,differences,True,flagged_or_unresolved,not_reviewed
cbrg9g,clear,differences,True,flagged_or_unresolved,not_reviewed
cbyah7,clear,differences,True,flagged_or_unresolved,not_reviewed
cc0ivq,clear,differences,True,flagged_or_unresolved,not_reviewed
cc1v5a,clear,differences,True,flagged_or_unresolved,not_reviewed
cc201f,clear,differences,True,flagged_or_unresolved,not_reviewed
cc4pjl,clear,differences,True,flagged_or_unresolved,not_reviewed
ccj0x9,unresolved,differences,False,flagged_or_unresolved,not_reviewed
ccnsrk,clear,differences,True,flagged_or_unresolved,not_reviewed
ccsd79,clear,differences,True,flagged_or_unresolved,not_reviewed
cct6z8,clear,differences,True,flagged_or_unresolved,not_reviewed
ccw0sk,unresolved,unresolved,False,flagged_or_unresolved,not_reviewed
cd4n18,clear,differences,True,flagged_or_unresolved,not_reviewed
cd62v7,clear,differences,True,flagged_or_unresolved,not_reviewed
cdn1p5,clear,differences,True,flagged_or_unresolved,not_reviewed
ce0wpp,clear,differences,True,flagged_or_unresolved,not_reviewed
ce3gpe,clear,differences,True,flagged_or_unresolved,not_reviewed
ce59bs,clear,differences,True,flagged_or_unresolved,not_reviewed
ce9y3t,clear,differences,True,flagged_or_unresolved,not_reviewed
ced9qy,clear,differences,True,flagged_or_unresolved,not_reviewed
celb67,clear,differences,True,flagged_or_unresolved,not_reviewed
celbxy,clear,differences,True,flagged_or_unresolved,not_reviewed
ceobg4,clear,differences,True,flagged_or_unresolved,not_reviewed
ceqiw8,clear,differences,True,flagged_or_unresolved,not_reviewed
cerocg,clear,differences,True,flagged_or_unresolved,not_reviewed
cewtzu,clear,differences,True,flagged_or_unresolved,not_reviewed
cexvbe,clear,differences,True,flagged_or_unresolved,not_reviewed
cf8pb1,clear,differences,True,flagged_or_unresolved,not_reviewed
cfbwy0,clear,differences,True,flagged_or_unresolved,not_reviewed
cfdf5m,clear,differences,True,flagged_or_unresolved,not_reviewed
cfef1s,clear,differences,True,flagged_or_unresolved,not_reviewed
cfggse,clear,differences,True,flagged_or_unresolved,not_reviewed
cfo89m,clear,differences,True,flagged_or_unresolved,not_reviewed
cfr464,clear,differences,True,flagged_or_unresolved,not_reviewed
cftzz9,unresolved,differences,False,flagged_or_unresolved,not_reviewed
cfx3mx,unresolved,unresolved,False,flagged_or_unresolved,not_reviewed
cg0axg,clear,differences,True,flagged_or_unresolved,not_reviewed
cg3u5v,clear,differences,True,flagged_or_unresolved,not_reviewed
cg4ksj,clear,differences,True,flagged_or_unresolved,not_reviewed
cgfyjs,clear,differences,True,flagged_or_unresolved,not_reviewed
cgi323,clear,differences,True,flagged_or_unresolved,not_reviewed
cgjhcv,clear,differences,True,flagged_or_unresolved,not_reviewed
cgkj4n,clear,differences,True,flagged_or_unresolved,not_reviewed
cgotxc,clear,differences,True,flagged_or_unresolved,not_reviewed
cgw0k5,clear,differences,True,flagged_or_unresolved,not_reviewed
ch3e2i,clear,differences,True,flagged_or_unresolved,not_reviewed
ch3vu7,clear,differences,True,flagged_or_unresolved,not_reviewed
ch7ee6,clear,differences,True,flagged_or_unresolved,not_reviewed
ch9nnx,clear,differences,True,flagged_or_unresolved,not_reviewed
chbilw,clear,differences,True,flagged_or_unresolved,not_reviewed
chdyb4,unresolved,differences,False,flagged_or_unresolved,not_reviewed
chep3z,clear,differences,True,flagged_or_unresolved,not_reviewed
chghq6,clear,differences,True,flagged_or_unresolved,not_reviewed
chgs18,clear,differences,True,flagged_or_unresolved,not_reviewed
chiuvf,clear,differences,True,flagged_or_unresolved,not_reviewed
chnmka,clear,differences,True,flagged_or_unresolved,not_reviewed
chns3i,clear,differences,True,flagged_or_unresolved,not_reviewed
chotlt,clear,differences,True,flagged_or_unresolved,not_reviewed
chp8sx,unresolved,differences,False,flagged_or_unresolved,not_reviewed
chphc4,clear,differences,True,flagged_or_unresolved,not_reviewed
chqjc8,clear,differences,True,flagged_or_unresolved,not_reviewed
chr0yk,clear,differences,True,flagged_or_unresolved,not_reviewed
chr65e,clear,differences,True,flagged_or_unresolved,not_reviewed
chrrjh,clear,differences,True,flagged_or_unresolved,not_reviewed
chtubp,clear,differences,True,flagged_or_unresolved,not_reviewed
chuk0x,unresolved,differences,False,flagged_or_unresolved,not_reviewed
ci1l0f,clear,differences,True,flagged_or_unresolved,not_reviewed
ci7oc6,clear,differences,True,flagged_or_unresolved,not_reviewed
ci8qlb,clear,differences,True,flagged_or_unresolved,not_reviewed
ci8wnw,clear,differences,True,flagged_or_unresolved,not_reviewed
cib2ig,clear,differences,True,flagged_or_unresolved,not_reviewed
cib7gl,clear,differences,True,flagged_or_unresolved,not_reviewed
cidw6d,clear,differences,True,flagged_or_unresolved,not_reviewed
cihqcz,clear,differences,True,flagged_or_unresolved,not_reviewed
cipm3q,unresolved,differences,False,flagged_or_unresolved,not_reviewed
ciqpsy,clear,differences,True,flagged_or_unresolved,not_reviewed
ciwcot,clear,differences,True,flagged_or_unresolved,not_reviewed
ciz6m0,clear,differences,True,flagged_or_unresolved,not_reviewed
cizzoi,clear,differences,True,flagged_or_unresolved,not_reviewed
cj2fma,unresolved,differences,False,flagged_or_unresolved,not_reviewed
cj3fw3,clear,differences,True,flagged_or_unresolved,not_reviewed
cj6q87,clear,differences,True,flagged_or_unresolved,not_reviewed
cj7233,clear,differences,True,flagged_or_unresolved,not_reviewed
cj7wb0,clear,differences,True,flagged_or_unresolved,not_reviewed
cjehty,clear,differences,True,flagged_or_unresolved,not_reviewed
cjfe4f,clear,differences,True,flagged_or_unresolved,not_reviewed
cjfywz,clear,differences,True,flagged_or_unresolved,not_reviewed
cjirob,clear,differences,True,flagged_or_unresolved,not_reviewed
cjm0a5,unresolved,unresolved,False,flagged_or_unresolved,not_reviewed
cjq9om,clear,differences,True,flagged_or_unresolved,not_reviewed
cjtg3x,clear,differences,True,flagged_or_unresolved,not_reviewed
cjucfb,clear,differences,True,flagged_or_unresolved,not_reviewed
ck31nx,clear,differences,True,flagged_or_unresolved,not_reviewed
ck9cy4,clear,differences,True,flagged_or_unresolved,not_reviewed
ckdfhy,clear,differences,True,flagged_or_unresolved,not_reviewed
ckfjvf,clear,differences,True,flagged_or_unresolved,not_reviewed
ckhq4w,clear,differences,True,flagged_or_unresolved,not_reviewed
cki04g,clear,differences,True,flagged_or_unresolved,not_reviewed
ckwg1n,clear,differences,True,flagged_or_unresolved,not_reviewed
ckx4dg,clear,differences,True,flagged_or_unresolved,not_reviewed
ckyoj6,clear,differences,True,flagged_or_unresolved,not_reviewed
cl89fm,clear,differences,True,flagged_or_unresolved,not_reviewed
clafb3,unresolved,differences,False,flagged_or_unresolved,not_reviewed
cloj6z,clear,differences,True,flagged_or_unresolved,not_reviewed
clp0nk,clear,differences,True,flagged_or_unresolved,not_reviewed
clvg6l,unresolved,unresolved,False,flagged_or_unresolved,not_reviewed
cm5a4g,unresolved,differences,False,flagged_or_unresolved,not_reviewed
cm9m1s,unresolved,differences,False,flagged_or_unresolved,not_reviewed
cmbbkc,clear,differences,True,flagged_or_unresolved,not_reviewed
cmcktt,clear,differences,True,flagged_or_unresolved,not_reviewed
cmcoju,clear,differences,True,flagged_or_unresolved,not_reviewed
cme916,unresolved,unresolved,False,flagged_or_unresolved,not_reviewed
cmi7d2,clear,differences,True,flagged_or_unresolved,not_reviewed
cmmbse,clear,differences,True,flagged_or_unresolved,not_reviewed
cmmxpo,clear,differences,True,flagged_or_unresolved,not_reviewed
cmrdmb,clear,differences,True,flagged_or_unresolved,not_reviewed
cmry8n,clear,differences,True,flagged_or_unresolved,not_reviewed
cmtwv3,clear,differences,True,flagged_or_unresolved,not_reviewed
cn8pf2,clear,differences,True,flagged_or_unresolved,not_reviewed
cnbjf9,clear,differences,True,flagged_or_unresolved,not_reviewed
cnftn5,unresolved,unresolved,False,flagged_or_unresolved,not_reviewed
cnhpdz,clear,differences,True,flagged_or_unresolved,not_reviewed
cni99n,clear,differences,True,flagged_or_unresolved,not_reviewed
cnn2s9,clear,clear,True,provisional_clear,not_reviewed
cno4cu,clear,differences,True,flagged_or_unresolved,not_reviewed
cnt3s9,unresolved,differences,False,flagged_or_unresolved,not_reviewed
cntr4u,clear,differences,True,flagged_or_unresolved,not_reviewed
cnuze2,clear,differences,True,flagged_or_unresolved,not_reviewed
cnytyf,unresolved,differences,False,flagged_or_unresolved,not_reviewed
co73hn,clear,differences,True,flagged_or_unresolved,not_reviewed
coawdo,clear,differences,True,flagged_or_unresolved,not_reviewed
cogxw6,clear,differences,True,flagged_or_unresolved,not_reviewed
coij2h,clear,differences,True,flagged_or_unresolved,not_reviewed
cojdbi,clear,differences,True,flagged_or_unresolved,not_reviewed
corn89,clear,differences,True,flagged_or_unresolved,not_reviewed
coz1yj,clear,differences,True,flagged_or_unresolved,not_reviewed
cp0iy4,unresolved,unresolved,False,flagged_or_unresolved,not_reviewed
cp0v9g,clear,differences,True,flagged_or_unresolved,not_reviewed
cp4bw6,clear,differences,True,flagged_or_unresolved,not_reviewed
cp7iwr,clear,differences,True,flagged_or_unresolved,not_reviewed
cpb255,clear,differences,True,flagged_or_unresolved,not_reviewed
cpci8z,clear,differences,True,flagged_or_unresolved,not_reviewed
cpgp6g,clear,differences,True,flagged_or_unresolved,not_reviewed
cpijhs,clear,differences,True,flagged_or_unresolved,not_reviewed
cpj2qx,clear,differences,True,flagged_or_unresolved,not_reviewed
cpk4xm,clear,differences,True,flagged_or_unresolved,not_reviewed
cpl234,clear,differences,True,flagged_or_unresolved,not_reviewed
cpmnwa,unresolved,differences,False,flagged_or_unresolved,not_reviewed
cpnah8,clear,differences,True,flagged_or_unresolved,not_reviewed
cpngpe,clear,differences,True,flagged_or_unresolved,not_reviewed
cpukb0,unresolved,differences,False,flagged_or_unresolved,not_reviewed
cpw153,unresolved,differences,False,flagged_or_unresolved,not_reviewed
cpw7uq,clear,differences,True,flagged_or_unresolved,not_reviewed
cpwqaq,clear,differences,True,flagged_or_unresolved,not_reviewed
cpzfao,clear,differences,True,flagged_or_unresolved,not_reviewed
cqa5yh,clear,differences,True,flagged_or_unresolved,not_reviewed
cqaujx,clear,differences,True,flagged_or_unresolved,not_reviewed
cqbbkv,clear,differences,True,flagged_or_unresolved,not_reviewed
cqcn21,clear,differences,True,flagged_or_unresolved,not_reviewed
cqe9rf,clear,differences,True,flagged_or_unresolved,not_reviewed
cqgof2,clear,differences,True,flagged_or_unresolved,not_reviewed
cqk94g,unresolved,unresolved,False,flagged_or_unresolved,not_reviewed
cqz7ef,clear,differences,True,flagged_or_unresolved,not_reviewed
cr0d5d,clear,differences,True,flagged_or_unresolved,not_reviewed
crdm6s,clear,differences,True,flagged_or_unresolved,not_reviewed
crl6xp,clear,differences,True,flagged_or_unresolved,not_reviewed
croqop,clear,differences,True,flagged_or_unresolved,not_reviewed
crq3kh,clear,differences,True,flagged_or_unresolved,not_reviewed
crtpgs,clear,differences,True,flagged_or_unresolved,not_reviewed
crv1tm,clear,differences,True,flagged_or_unresolved,not_reviewed
crvff9,clear,differences,True,flagged_or_unresolved,not_reviewed
cs336v,clear,differences,True,flagged_or_unresolved,not_reviewed
cs3bth,clear,differences,True,flagged_or_unresolved,not_reviewed
cs9r69,clear,differences,True,flagged_or_unresolved,not_reviewed
csb23u,clear,differences,False,flagged_or_unresolved,not_reviewed
csb6jz,clear,differences,True,flagged_or_unresolved,not_reviewed
csl7pq,clear,differences,True,flagged_or_unresolved,not_reviewed
cssql9,clear,differences,True,flagged_or_unresolved,not_reviewed
csvgtx,unresolved,differences,False,flagged_or_unresolved,not_reviewed
ct1tsh,clear,differences,True,flagged_or_unresolved,not_reviewed
ct8w0a,clear,differences,True,flagged_or_unresolved,not_reviewed
ctbt9p,clear,differences,True,flagged_or_unresolved,not_reviewed
ctcr0o,clear,differences,True,flagged_or_unresolved,not_reviewed
ctgykc,clear,differences,True,flagged_or_unresolved,not_reviewed
cthjdv,clear,differences,True,flagged_or_unresolved,not_reviewed
ctpuuu,unresolved,unresolved,False,flagged_or_unresolved,not_reviewed
ctrzd9,clear,differences,True,flagged_or_unresolved,not_reviewed
ctwk69,unresolved,unresolved,False,flagged_or_unresolved,not_reviewed
ctxkib,clear,differences,True,flagged_or_unresolved,not_reviewed
ctyqwf,clear,differences,True,flagged_or_unresolved,not_reviewed
cu5mcb,clear,differences,True,flagged_or_unresolved,not_reviewed
cuf0fm,clear,differences,True,flagged_or_unresolved,not_reviewed
cuhsex,clear,differences,True,flagged_or_unresolved,not_reviewed
cuje5c,clear,differences,False,flagged_or_unresolved,not_reviewed
cunlba,clear,differences,True,flagged_or_unresolved,not_reviewed
cunqe9,clear,differences,True,flagged_or_unresolved,not_reviewed
cup0tl,clear,differences,True,flagged_or_unresolved,not_reviewed
cusibn,clear,differences,True,flagged_or_unresolved,not_reviewed
cuskkn,clear,differences,True,flagged_or_unresolved,not_reviewed
cutxj0,clear,differences,True,flagged_or_unresolved,not_reviewed
cuuyot,clear,differences,True,flagged_or_unresolved,not_reviewed
cuvijn,clear,differences,True,flagged_or_unresolved,not_reviewed
cv1ka7,clear,differences,True,flagged_or_unresolved,not_reviewed
cv1pbl,clear,differences,True,flagged_or_unresolved,not_reviewed
cv6olo,clear,differences,True,flagged_or_unresolved,not_reviewed
cvcajw,clear,differences,True,flagged_or_unresolved,not_reviewed
cvd06e,unresolved,differences,False,flagged_or_unresolved,not_reviewed
cvj7l2,clear,differences,True,flagged_or_unresolved,not_reviewed
cvjchn,clear,differences,True,flagged_or_unresolved,not_reviewed
cvoyg8,clear,differences,True,flagged_or_unresolved,not_reviewed
cvvmot,unresolved,differences,False,flagged_or_unresolved,not_reviewed
cvwm7p,clear,differences,True,flagged_or_unresolved,not_reviewed
cvxndq,clear,differences,True,flagged_or_unresolved,not_reviewed
cw2f6f,unresolved,differences,False,flagged_or_unresolved,not_reviewed
cw7ua6,clear,differences,True,flagged_or_unresolved,not_reviewed
cwdhzb,clear,differences,True,flagged_or_unresolved,not_reviewed
cwdo9s,clear,differences,False,flagged_or_unresolved,not_reviewed
cwfvha,clear,differences,True,flagged_or_unresolved,not_reviewed
cwgkfw,clear,differences,True,flagged_or_unresolved,not_reviewed
cwoapq,clear,differences,True,flagged_or_unresolved,not_reviewed
cwvzoh,clear,differences,True,flagged_or_unresolved,not_reviewed
cx8xxs,unresolved,differences,False,flagged_or_unresolved,not_reviewed
cxbwfz,clear,differences,True,flagged_or_unresolved,not_reviewed
cxekeu,clear,differences,True,flagged_or_unresolved,not_reviewed
cxnhox,clear,differences,True,flagged_or_unresolved,not_reviewed
cxtlkl,clear,differences,True,flagged_or_unresolved,not_reviewed
cxwadd,clear,differences,True,flagged_or_unresolved,not_reviewed
cxx290,clear,differences,True,flagged_or_unresolved,not_reviewed
cxy1k2,clear,differences,True,flagged_or_unresolved,not_reviewed
cxzyln,clear,differences,True,flagged_or_unresolved,not_reviewed
cy12ke,clear,differences,True,flagged_or_unresolved,not_reviewed
cy1650,unresolved,differences,False,flagged_or_unresolved,not_reviewed
cyann7,clear,differences,True,flagged_or_unresolved,not_reviewed
cycpyf,clear,differences,True,flagged_or_unresolved,not_reviewed
cynpvt,clear,differences,True,flagged_or_unresolved,not_reviewed
cyq2s3,clear,differences,True,flagged_or_unresolved,not_reviewed
cys9hn,unresolved,unresolved,False,flagged_or_unresolved,not_reviewed
cyuxlv,clear,differences,True,flagged_or_unresolved,not_reviewed
cywbq2,clear,differences,True,flagged_or_unresolved,not_reviewed
cyzx5j,clear,differences,True,flagged_or_unresolved,not_reviewed
cz009f,clear,differences,True,flagged_or_unresolved,not_reviewed
cz6y2j,clear,differences,True,flagged_or_unresolved,not_reviewed
cz85l9,unresolved,differences,False,flagged_or_unresolved,not_reviewed
cz86v4,clear,differences,True,flagged_or_unresolved,not_reviewed
cz88ds,clear,differences,True,flagged_or_unresolved,not_reviewed
cza6k9,clear,clear,True,provisional_clear,not_reviewed
czas1c,clear,differences,True,flagged_or_unresolved,not_reviewed
czd927,clear,differences,True,flagged_or_unresolved,not_reviewed
czpzkg,unresolved,differences,False,flagged_or_unresolved,not_reviewed
czqgos,clear,differences,True,flagged_or_unresolved,not_reviewed
d028wg,clear,differences,True,flagged_or_unresolved,not_reviewed
d05b9g,clear,differences,True,flagged_or_unresolved,not_reviewed
d07vxh,clear,differences,True,flagged_or_unresolved,not_reviewed
d07ypz,clear,differences,True,flagged_or_unresolved,not_reviewed
d08ext,clear,clear,True,provisional_clear,not_reviewed
d0a3bf,clear,differences,True,flagged_or_unresolved,not_reviewed
d0a55v,clear,differences,True,flagged_or_unresolved,not_reviewed
d0c3vc,clear,differences,True,flagged_or_unresolved,not_reviewed
d0em8r,clear,differences,True,flagged_or_unresolved,not_reviewed
d0sboo,clear,differences,True,flagged_or_unresolved,not_reviewed
d0ve4x,clear,differences,True,flagged_or_unresolved,not_reviewed
d0yyjb,clear,differences,True,flagged_or_unresolved,not_reviewed
d1fbva,unresolved,differences,False,flagged_or_unresolved,not_reviewed
d1g94x,clear,differences,True,flagged_or_unresolved,not_reviewed
d1k2jg,clear,differences,True,flagged_or_unresolved,not_reviewed
d1kmn8,clear,differences,True,flagged_or_unresolved,not_reviewed
d1rjas,clear,differences,True,flagged_or_unresolved,not_reviewed
d1wsqm,clear,differences,True,flagged_or_unresolved,not_reviewed
d1x3lv,clear,differences,True,flagged_or_unresolved,not_reviewed
d2avrw,clear,differences,True,flagged_or_unresolved,not_reviewed
d2lf6e,unresolved,differences,False,flagged_or_unresolved,not_reviewed
d2u827,clear,differences,True,flagged_or_unresolved,not_reviewed
d3cb84,unresolved,differences,False,flagged_or_unresolved,not_reviewed
d3cih2,clear,differences,True,flagged_or_unresolved,not_reviewed
d3cw5a,clear,differences,True,flagged_or_unresolved,not_reviewed
d3wems,unresolved,unresolved,False,flagged_or_unresolved,not_reviewed
d3zesk,clear,differences,True,flagged_or_unresolved,not_reviewed
d45q0c,unresolved,differences,False,flagged_or_unresolved,not_reviewed
d4am6l,clear,differences,True,flagged_or_unresolved,not_reviewed
d4cxol,clear,differences,True,flagged_or_unresolved,not_reviewed
d4h3eb,clear,differences,True,flagged_or_unresolved,not_reviewed
d4o6cy,clear,differences,True,flagged_or_unresolved,not_reviewed
d4puvd,clear,differences,True,flagged_or_unresolved,not_reviewed
d4rtvi,unresolved,differences,False,flagged_or_unresolved,not_reviewed
d4z570,unresolved,unresolved,False,flagged_or_unresolved,not_reviewed
d5b4rh,clear,differences,True,flagged_or_unresolved,not_reviewed
d5n2pa,clear,differences,True,flagged_or_unresolved,not_reviewed
d5qjcy,clear,differences,True,flagged_or_unresolved,not_reviewed
d5vkn5,clear,differences,True,flagged_or_unresolved,not_reviewed
d60dyh,clear,differences,True,flagged_or_unresolved,not_reviewed
d61ak3,clear,differences,True,flagged_or_unresolved,not_reviewed
d6f1ee,clear,differences,True,flagged_or_unresolved,not_reviewed
d6hk2i,clear,clear,True,provisional_clear,not_reviewed
d6ynfu,clear,differences,True,flagged_or_unresolved,not_reviewed
d6zs4i,clear,differences,True,flagged_or_unresolved,not_reviewed
d700x0,unresolved,unresolved,False,flagged_or_unresolved,not_reviewed
d75pn7,clear,differences,True,flagged_or_unresolved,not_reviewed
d762lv,clear,differences,True,flagged_or_unresolved,not_reviewed
d797ew,clear,differences,True,flagged_or_unresolved,not_reviewed
d7d60a,clear,differences,True,flagged_or_unresolved,not_reviewed
d7gim3,clear,differences,True,flagged_or_unresolved,not_reviewed
d7l5mz,clear,differences,True,flagged_or_unresolved,not_reviewed
d7m3uc,clear,differences,True,flagged_or_unresolved,not_reviewed
d7oikj,unresolved,differences,False,flagged_or_unresolved,not_reviewed
d7umn0,clear,differences,True,flagged_or_unresolved,not_reviewed
d7xicn,unresolved,differences,False,flagged_or_unresolved,not_reviewed
d86sk7,clear,differences,True,flagged_or_unresolved,not_reviewed
d8840v,unresolved,differences,False,flagged_or_unresolved,not_reviewed
d894pv,clear,differences,True,flagged_or_unresolved,not_reviewed
d8ay88,clear,differences,True,flagged_or_unresolved,not_reviewed
d8d1ko,clear,differences,True,flagged_or_unresolved,not_reviewed
d8eakm,clear,differences,True,flagged_or_unresolved,not_reviewed
d8f8ui,clear,differences,True,flagged_or_unresolved,not_reviewed
d8htx8,clear,differences,True,flagged_or_unresolved,not_reviewed
d8ofun,clear,differences,True,flagged_or_unresolved,not_reviewed
d8pvd1,clear,differences,True,flagged_or_unresolved,not_reviewed
d8y2wd,unresolved,differences,False,flagged_or_unresolved,not_reviewed
d8yzey,clear,differences,True,flagged_or_unresolved,not_reviewed
d98coi,clear,differences,True,flagged_or_unresolved,not_reviewed
d98w0d,clear,differences,True,flagged_or_unresolved,not_reviewed
d9a94o,clear,differences,True,flagged_or_unresolved,not_reviewed
d9fep2,clear,differences,True,flagged_or_unresolved,not_reviewed
d9pr4m,clear,differences,True,flagged_or_unresolved,not_reviewed
d9py93,clear,differences,True,flagged_or_unresolved,not_reviewed
d9v68m,clear,differences,True,flagged_or_unresolved,not_reviewed
d9xgin,clear,differences,True,flagged_or_unresolved,not_reviewed
da3fmk,clear,differences,True,flagged_or_unresolved,not_reviewed
daabfy,clear,differences,True,flagged_or_unresolved,not_reviewed
daawgx,clear,differences,True,flagged_or_unresolved,not_reviewed
dai7e7,clear,differences,True,flagged_or_unresolved,not_reviewed
dam0by,clear,differences,True,flagged_or_unresolved,not_reviewed
dao6ps,clear,differences,True,flagged_or_unresolved,not_reviewed
daqawj,clear,differences,True,flagged_or_unresolved,not_reviewed
db0jc9,clear,differences,True,flagged_or_unresolved,not_reviewed
db8jow,unresolved,differences,False,flagged_or_unresolved,not_reviewed
dbaa0h,clear,differences,True,flagged_or_unresolved,not_reviewed
dbdkd2,unresolved,differences,False,flagged_or_unresolved,not_reviewed
dbetld,clear,differences,True,flagged_or_unresolved,not_reviewed
dbg03j,clear,differences,True,flagged_or_unresolved,not_reviewed
dbhs1d,clear,differences,True,flagged_or_unresolved,not_reviewed
dbkhk8,clear,differences,True,flagged_or_unresolved,not_reviewed
dbuodt,clear,differences,True,flagged_or_unresolved,not_reviewed
dbuw68,clear,differences,True,flagged_or_unresolved,not_reviewed
dbw5pl,clear,differences,True,flagged_or_unresolved,not_reviewed
dc0sjt,clear,differences,True,flagged_or_unresolved,not_reviewed
dc6afz,clear,differences,True,flagged_or_unresolved,not_reviewed
dc7cb0,clear,differences,True,flagged_or_unresolved,not_reviewed
dc7hou,clear,differences,True,flagged_or_unresolved,not_reviewed
dc92vv,clear,differences,True,flagged_or_unresolved,not_reviewed
dcghsu,clear,differences,True,flagged_or_unresolved,not_reviewed
dci6ie,unresolved,differences,False,flagged_or_unresolved,not_reviewed
dclyos,clear,differences,True,flagged_or_unresolved,not_reviewed
dcssvu,clear,differences,True,flagged_or_unresolved,not_reviewed
dd4l5h,clear,differences,True,flagged_or_unresolved,not_reviewed
ddf9ge,clear,differences,True,flagged_or_unresolved,not_reviewed
ddlj9v,clear,differences,True,flagged_or_unresolved,not_reviewed
ddlknt,clear,differences,True,flagged_or_unresolved,not_reviewed
ddo703,unresolved,differences,False,flagged_or_unresolved,not_reviewed
ddpe8o,clear,differences,True,flagged_or_unresolved,not_reviewed
ddw763,clear,differences,True,flagged_or_unresolved,not_reviewed
de0lfy,clear,differences,True,flagged_or_unresolved,not_reviewed
de1yl0,clear,differences,True,flagged_or_unresolved,not_reviewed
de38xa,clear,differences,True,flagged_or_unresolved,not_reviewed
de4te5,clear,differences,True,flagged_or_unresolved,not_reviewed
deer7k,clear,differences,True,flagged_or_unresolved,not_reviewed
dejuqz,clear,differences,True,flagged_or_unresolved,not_reviewed
delx0d,unresolved,unresolved,False,flagged_or_unresolved,not_reviewed
dezqbv,clear,differences,True,flagged_or_unresolved,not_reviewed
df1aec,clear,differences,True,flagged_or_unresolved,not_reviewed
df7xv7,clear,unresolved,True,flagged_or_unresolved,not_reviewed
dfi2k6,clear,differences,True,flagged_or_unresolved,not_reviewed
dfltq6,clear,differences,True,flagged_or_unresolved,not_reviewed
dfqgem,clear,differences,True,flagged_or_unresolved,not_reviewed
dfs5s3,clear,differences,True,flagged_or_unresolved,not_reviewed
dg3v8i,clear,differences,True,flagged_or_unresolved,not_reviewed
dg75zd,clear,differences,True,flagged_or_unresolved,not_reviewed
dgam03,clear,differences,True,flagged_or_unresolved,not_reviewed
dgcqsi,clear,differences,True,flagged_or_unresolved,not_reviewed
dglspj,clear,differences,True,flagged_or_unresolved,not_reviewed
dgtd1j,clear,differences,True,flagged_or_unresolved,not_reviewed
dgy24d,clear,differences,True,flagged_or_unresolved,not_reviewed
dgyn7a,clear,differences,True,flagged_or_unresolved,not_reviewed
dh3ecy,clear,differences,True,flagged_or_unresolved,not_reviewed
dh49n0,clear,differences,True,flagged_or_unresolved,not_reviewed
dh4eyh,clear,differences,True,flagged_or_unresolved,not_reviewed
dh552v,clear,differences,True,flagged_or_unresolved,not_reviewed
dhhohh,clear,differences,True,flagged_or_unresolved,not_reviewed
dhtqh5,clear,differences,True,flagged_or_unresolved,not_reviewed
dhtvn7,unresolved,differences,False,flagged_or_unresolved,not_reviewed
di0jao,clear,differences,True,flagged_or_unresolved,not_reviewed
di1f7w,clear,differences,True,flagged_or_unresolved,not_reviewed
di35n8,clear,differences,True,flagged_or_unresolved,not_reviewed
di9w5l,unresolved,differences,False,flagged_or_unresolved,not_reviewed
diadcv,clear,differences,True,flagged_or_unresolved,not_reviewed
dic3me,clear,differences,True,flagged_or_unresolved,not_reviewed
dif1a0,clear,differences,True,flagged_or_unresolved,not_reviewed
dif742,clear,differences,True,flagged_or_unresolved,not_reviewed
dihmd2,clear,differences,True,flagged_or_unresolved,not_reviewed
dim17e,clear,differences,True,flagged_or_unresolved,not_reviewed
dimpww,unresolved,differences,False,flagged_or_unresolved,not_reviewed
dino11,clear,differences,True,flagged_or_unresolved,not_reviewed
dipt2j,clear,differences,True,flagged_or_unresolved,not_reviewed
dj09hb,clear,differences,True,flagged_or_unresolved,not_reviewed
dj8ole,clear,differences,True,flagged_or_unresolved,not_reviewed
dj8pqg,clear,differences,True,flagged_or_unresolved,not_reviewed
dja80y,clear,differences,True,flagged_or_unresolved,not_reviewed
djmoxq,clear,differences,True,flagged_or_unresolved,not_reviewed
djr6ul,clear,differences,True,flagged_or_unresolved,not_reviewed
dk4r2u,clear,differences,True,flagged_or_unresolved,not_reviewed
dk7wxk,clear,differences,True,flagged_or_unresolved,not_reviewed
dkc159,clear,differences,True,flagged_or_unresolved,not_reviewed
dkd1xf,clear,differences,True,flagged_or_unresolved,not_reviewed
dknt2a,clear,differences,True,flagged_or_unresolved,not_reviewed
dkv8me,clear,differences,True,flagged_or_unresolved,not_reviewed
dl0c80,clear,differences,True,flagged_or_unresolved,not_reviewed
dl6ghn,clear,differences,True,flagged_or_unresolved,not_reviewed
dl6zob,clear,differences,True,flagged_or_unresolved,not_reviewed
dl909p,clear,differences,True,flagged_or_unresolved,not_reviewed
dlch6f,clear,differences,True,flagged_or_unresolved,not_reviewed
dlfakj,clear,differences,True,flagged_or_unresolved,not_reviewed
dlfuvn,clear,differences,True,flagged_or_unresolved,not_reviewed
dlhqgu,clear,differences,True,flagged_or_unresolved,not_reviewed
dlljgo,clear,differences,True,flagged_or_unresolved,not_reviewed
dlmhe0,clear,differences,True,flagged_or_unresolved,not_reviewed
dmb6x0,clear,differences,True,flagged_or_unresolved,not_reviewed
dmbz1c,clear,differences,True,flagged_or_unresolved,not_reviewed
dmdgq0,clear,differences,True,flagged_or_unresolved,not_reviewed
dmkdp4,clear,differences,True,flagged_or_unresolved,not_reviewed
dmlw0i,clear,differences,True,flagged_or_unresolved,not_reviewed
dmras9,clear,differences,True,flagged_or_unresolved,not_reviewed
dmuqix,clear,differences,True,flagged_or_unresolved,not_reviewed
dn4w68,clear,differences,True,flagged_or_unresolved,not_reviewed
dn58hy,clear,differences,True,flagged_or_unresolved,not_reviewed
dnciab,clear,differences,True,flagged_or_unresolved,not_reviewed
dncyrc,clear,differences,True,flagged_or_unresolved,not_reviewed
dni02u,clear,differences,True,flagged_or_unresolved,not_reviewed
dnot8q,clear,differences,True,flagged_or_unresolved,not_reviewed
dnqemq,clear,differences,True,flagged_or_unresolved,not_reviewed
dntdse,clear,differences,True,flagged_or_unresolved,not_reviewed
dnwu2x,clear,differences,True,flagged_or_unresolved,not_reviewed
dnyzhj,clear,differences,True,flagged_or_unresolved,not_reviewed
dnz8bz,clear,differences,True,flagged_or_unresolved,not_reviewed
dohhny,clear,differences,True,flagged_or_unresolved,not_reviewed
dok80d,clear,differences,True,flagged_or_unresolved,not_reviewed
don189,clear,differences,True,flagged_or_unresolved,not_reviewed
doyi6h,clear,differences,True,flagged_or_unresolved,not_reviewed
dozihb,clear,differences,True,flagged_or_unresolved,not_reviewed
dp0qgr,clear,differences,True,flagged_or_unresolved,not_reviewed
dp1tho,clear,differences,True,flagged_or_unresolved,not_reviewed
dp35d8,clear,differences,True,flagged_or_unresolved,not_reviewed
dp5iy2,clear,differences,True,flagged_or_unresolved,not_reviewed
dpeg2e,clear,differences,True,flagged_or_unresolved,not_reviewed
dpo97a,clear,differences,True,flagged_or_unresolved,not_reviewed
dpoen7,clear,differences,True,flagged_or_unresolved,not_reviewed
dpp1jx,clear,differences,True,flagged_or_unresolved,not_reviewed
dpppvj,unresolved,unresolved,False,flagged_or_unresolved,not_reviewed
dpq0c9,clear,differences,True,flagged_or_unresolved,not_reviewed
dpxm1b,clear,differences,True,flagged_or_unresolved,not_reviewed
dq1lfs,clear,differences,True,flagged_or_unresolved,not_reviewed
dqe31x,clear,differences,True,flagged_or_unresolved,not_reviewed
dqiq6a,clear,differences,True,flagged_or_unresolved,not_reviewed
dql59g,clear,differences,True,flagged_or_unresolved,not_reviewed
dqoia0,clear,differences,True,flagged_or_unresolved,not_reviewed
dr2wpn,clear,differences,True,flagged_or_unresolved,not_reviewed
dr48mt,unresolved,differences,False,flagged_or_unresolved,not_reviewed
dr4hzp,unresolved,differences,False,flagged_or_unresolved,not_reviewed
dr71ud,clear,differences,True,flagged_or_unresolved,not_reviewed
dr7ioo,clear,differences,True,flagged_or_unresolved,not_reviewed
drdykq,clear,differences,True,flagged_or_unresolved,not_reviewed
drfyuo,clear,differences,True,flagged_or_unresolved,not_reviewed
drw1sf,clear,differences,True,flagged_or_unresolved,not_reviewed
dry6i1,clear,differences,True,flagged_or_unresolved,not_reviewed
ds3lot,clear,differences,True,flagged_or_unresolved,not_reviewed
ds70fq,clear,differences,True,flagged_or_unresolved,not_reviewed
dsb6ro,clear,clear,True,provisional_clear,not_reviewed
dsc5xp,unresolved,differences,False,flagged_or_unresolved,not_reviewed
dso8n2,clear,differences,True,flagged_or_unresolved,not_reviewed
dsp30c,clear,differences,True,flagged_or_unresolved,not_reviewed
dspis8,clear,differences,True,flagged_or_unresolved,not_reviewed
dsvi6j,clear,differences,True,flagged_or_unresolved,not_reviewed
dt5eaj,clear,differences,True,flagged_or_unresolved,not_reviewed
dt91zb,clear,differences,True,flagged_or_unresolved,not_reviewed
dtag51,clear,differences,True,flagged_or_unresolved,not_reviewed
dtfi3p,clear,differences,True,flagged_or_unresolved,not_reviewed
dtkeu9,clear,differences,True,flagged_or_unresolved,not_reviewed
dtlfke,clear,differences,True,flagged_or_unresolved,not_reviewed
dtqaz0,clear,differences,True,flagged_or_unresolved,not_reviewed
dts1ef,clear,differences,True,flagged_or_unresolved,not_reviewed
dts2h5,clear,differences,True,flagged_or_unresolved,not_reviewed
dtssqb,clear,differences,True,flagged_or_unresolved,not_reviewed
dubks4,clear,differences,True,flagged_or_unresolved,not_reviewed
ducv52,clear,differences,True,flagged_or_unresolved,not_reviewed
dui8jq,clear,differences,True,flagged_or_unresolved,not_reviewed
duzzu2,clear,differences,True,flagged_or_unresolved,not_reviewed
dv313h,clear,differences,True,flagged_or_unresolved,not_reviewed
dv3ngy,clear,differences,True,flagged_or_unresolved,not_reviewed
dvb7i4,unresolved,unresolved,False,flagged_or_unresolved,not_reviewed
dveorg,unresolved,unresolved,False,flagged_or_unresolved,not_reviewed
dvkxon,clear,differences,True,flagged_or_unresolved,not_reviewed
dvm6ka,clear,differences,True,flagged_or_unresolved,not_reviewed
dvru3p,clear,differences,True,flagged_or_unresolved,not_reviewed
dvubja,clear,differences,True,flagged_or_unresolved,not_reviewed
dw1kdw,unresolved,differences,False,flagged_or_unresolved,not_reviewed
dw5zmq,clear,differences,True,flagged_or_unresolved,not_reviewed
dwcmjp,clear,differences,True,flagged_or_unresolved,not_reviewed
dwd44j,unresolved,unresolved,False,flagged_or_unresolved,not_reviewed
dwg9lb,unresolved,differences,False,flagged_or_unresolved,not_reviewed
dwk2tm,clear,differences,True,flagged_or_unresolved,not_reviewed
dwm1kt,clear,differences,True,flagged_or_unresolved,not_reviewed
dwvsgp,clear,differences,True,flagged_or_unresolved,not_reviewed
dwzkk1,unresolved,differences,False,flagged_or_unresolved,not_reviewed
dx2t5f,clear,differences,True,flagged_or_unresolved,not_reviewed
dx9ur3,clear,differences,True,flagged_or_unresolved,not_reviewed
dxc9zm,clear,differences,True,flagged_or_unresolved,not_reviewed
dxcud7,clear,clear,True,provisional_clear,not_reviewed
dxivfv,clear,differences,True,flagged_or_unresolved,not_reviewed
dxjwav,clear,differences,True,flagged_or_unresolved,not_reviewed
dxmyes,clear,differences,True,flagged_or_unresolved,not_reviewed
dxrp0l,clear,differences,True,flagged_or_unresolved,not_reviewed
dxuvv0,clear,differences,True,flagged_or_unresolved,not_reviewed
dy75vs,clear,differences,True,flagged_or_unresolved,not_reviewed
dyb55b,clear,differences,True,flagged_or_unresolved,not_reviewed
dyj691,clear,differences,True,flagged_or_unresolved,not_reviewed
dykwal,unresolved,differences,False,flagged_or_unresolved,not_reviewed
dynygk,clear,differences,True,flagged_or_unresolved,not_reviewed
dyp8fy,clear,differences,True,flagged_or_unresolved,not_reviewed
dyu2mg,unresolved,unresolved,False,flagged_or_unresolved,not_reviewed
dyyo0r,unresolved,differences,False,flagged_or_unresolved,not_reviewed
dza8vb,clear,differences,True,flagged_or_unresolved,not_reviewed
dzcg13,clear,differences,True,flagged_or_unresolved,not_reviewed
dzdmp9,clear,differences,True,flagged_or_unresolved,not_reviewed
dznunq,clear,differences,True,flagged_or_unresolved,not_reviewed
dzpc47,clear,differences,True,flagged_or_unresolved,not_reviewed
e09z56,clear,differences,True,flagged_or_unresolved,not_reviewed
e0lszz,clear,differences,True,flagged_or_unresolved,not_reviewed
e0vza7,clear,differences,True,flagged_or_unresolved,not_reviewed
e0xf67,clear,differences,True,flagged_or_unresolved,not_reviewed
e1drla,clear,differences,True,flagged_or_unresolved,not_reviewed
e1gge7,clear,differences,True,flagged_or_unresolved,not_reviewed
e1ztdp,clear,differences,True,flagged_or_unresolved,not_reviewed
e1ztyq,unresolved,differences,False,flagged_or_unresolved,not_reviewed
e213q2,clear,differences,True,flagged_or_unresolved,not_reviewed
e21r4p,clear,differences,True,flagged_or_unresolved,not_reviewed
e249hc,clear,differences,True,flagged_or_unresolved,not_reviewed
e281eq,clear,differences,True,flagged_or_unresolved,not_reviewed
e287ey,clear,differences,True,flagged_or_unresolved,not_reviewed
e2cbz6,clear,differences,True,flagged_or_unresolved,not_reviewed
e2jhdw,clear,differences,True,flagged_or_unresolved,not_reviewed
e2sc15,clear,differences,True,flagged_or_unresolved,not_reviewed
e2uiig,clear,differences,True,flagged_or_unresolved,not_reviewed
e31xkv,clear,differences,True,flagged_or_unresolved,not_reviewed
e32yvk,clear,differences,True,flagged_or_unresolved,not_reviewed
e35z0g,clear,differences,True,flagged_or_unresolved,not_reviewed
e37v3g,clear,clear,True,provisional_clear,not_reviewed
e3jcq0,unresolved,unresolved,False,flagged_or_unresolved,not_reviewed
e3jxrf,unresolved,differences,False,flagged_or_unresolved,not_reviewed
e3q2d0,clear,differences,True,flagged_or_unresolved,not_reviewed
e3t9b7,clear,differences,True,flagged_or_unresolved,not_reviewed
e44dai,clear,differences,True,flagged_or_unresolved,not_reviewed
e45x75,clear,differences,True,flagged_or_unresolved,not_reviewed
e4bf5a,clear,differences,True,flagged_or_unresolved,not_reviewed
e4brnp,clear,differences,True,flagged_or_unresolved,not_reviewed
e4ggx2,clear,differences,True,flagged_or_unresolved,not_reviewed
e4jnzw,clear,differences,True,flagged_or_unresolved,not_reviewed
e4pfqz,unresolved,clear,False,flagged_or_unresolved,not_reviewed
e4ugkz,clear,differences,True,flagged_or_unresolved,not_reviewed
e4vgi8,clear,differences,True,flagged_or_unresolved,not_reviewed
e4vw9e,clear,differences,True,flagged_or_unresolved,not_reviewed
e56exa,clear,differences,True,flagged_or_unresolved,not_reviewed
e57u1u,clear,differences,True,flagged_or_unresolved,not_reviewed
e592uc,clear,differences,True,flagged_or_unresolved,not_reviewed
e5a6dk,clear,differences,True,flagged_or_unresolved,not_reviewed
e5cyq1,unresolved,differences,False,flagged_or_unresolved,not_reviewed
e5jtxg,clear,differences,True,flagged_or_unresolved,not_reviewed
e5m77u,clear,differences,True,flagged_or_unresolved,not_reviewed
e5o63z,clear,differences,True,flagged_or_unresolved,not_reviewed
e5q29v,clear,differences,True,flagged_or_unresolved,not_reviewed
e5vlrp,clear,differences,True,flagged_or_unresolved,not_reviewed
e5vnqh,clear,differences,True,flagged_or_unresolved,not_reviewed
e5x369,clear,differences,True,flagged_or_unresolved,not_reviewed
e61v6p,clear,differences,True,flagged_or_unresolved,not_reviewed
e62vkh,unresolved,differences,False,flagged_or_unresolved,not_reviewed
e64mnh,clear,differences,True,flagged_or_unresolved,not_reviewed
e67euj,clear,differences,True,flagged_or_unresolved,not_reviewed
e6e7xg,clear,differences,True,flagged_or_unresolved,not_reviewed
e6ihfp,clear,differences,True,flagged_or_unresolved,not_reviewed
e6u28z,unresolved,unresolved,False,flagged_or_unresolved,not_reviewed
e6v2gx,unresolved,unresolved,False,flagged_or_unresolved,not_reviewed
e6vbmy,clear,differences,True,flagged_or_unresolved,not_reviewed
e71k42,clear,differences,True,flagged_or_unresolved,not_reviewed
e721gj,clear,differences,True,flagged_or_unresolved,not_reviewed
e73zmg,clear,differences,True,flagged_or_unresolved,not_reviewed
e754yk,clear,differences,True,flagged_or_unresolved,not_reviewed
e76mze,unresolved,differences,False,flagged_or_unresolved,not_reviewed
e7afua,clear,differences,True,flagged_or_unresolved,not_reviewed
e7epnl,clear,differences,True,flagged_or_unresolved,not_reviewed
e7jnff,unresolved,unresolved,False,flagged_or_unresolved,not_reviewed
e7m164,clear,differences,True,flagged_or_unresolved,not_reviewed
e7neee,clear,differences,True,flagged_or_unresolved,not_reviewed
e7ol2z,clear,differences,True,flagged_or_unresolved,not_reviewed
e7u4o0,unresolved,differences,False,flagged_or_unresolved,not_reviewed
e7wabf,clear,differences,True,flagged_or_unresolved,not_reviewed
e7wmua,clear,differences,True,flagged_or_unresolved,not_reviewed
e7wnif,clear,differences,True,flagged_or_unresolved,not_reviewed
e7xsho,unresolved,differences,False,flagged_or_unresolved,not_reviewed
e7y02i,clear,differences,True,flagged_or_unresolved,not_reviewed
e81055,clear,differences,True,flagged_or_unresolved,not_reviewed
e86fuf,clear,differences,True,flagged_or_unresolved,not_reviewed
e86q9n,clear,differences,True,flagged_or_unresolved,not_reviewed
e8bc2i,clear,differences,True,flagged_or_unresolved,not_reviewed
e8dtzt,clear,differences,True,flagged_or_unresolved,not_reviewed
e8ep0g,clear,differences,True,flagged_or_unresolved,not_reviewed
e8i2t8,clear,differences,True,flagged_or_unresolved,not_reviewed
e8otom,clear,differences,True,flagged_or_unresolved,not_reviewed
e8qk9g,clear,differences,True,flagged_or_unresolved,not_reviewed
e8t6ex,clear,differences,True,flagged_or_unresolved,not_reviewed
e8tp2u,clear,differences,True,flagged_or_unresolved,not_reviewed
e8zgo2,clear,differences,True,flagged_or_unresolved,not_reviewed
e90gtk,clear,differences,True,flagged_or_unresolved,not_reviewed
e9edkf,unresolved,differences,False,flagged_or_unresolved,not_reviewed
e9fn8e,clear,differences,True,flagged_or_unresolved,not_reviewed
e9ovvw,clear,differences,True,flagged_or_unresolved,not_reviewed
e9xc3n,clear,differences,True,flagged_or_unresolved,not_reviewed
ea65mo,unresolved,differences,False,flagged_or_unresolved,not_reviewed
ea6ynk,clear,differences,False,flagged_or_unresolved,not_reviewed
ea8s7t,clear,differences,True,flagged_or_unresolved,not_reviewed
ea9o63,clear,differences,True,flagged_or_unresolved,not_reviewed
eaa2xw,clear,differences,True,flagged_or_unresolved,not_reviewed
eakjk3,clear,differences,True,flagged_or_unresolved,not_reviewed
eaoczq,clear,differences,True,flagged_or_unresolved,not_reviewed
eaqwdc,clear,clear,True,provisional_clear,not_reviewed
easkhi,clear,differences,True,flagged_or_unresolved,not_reviewed
eathzg,clear,differences,True,flagged_or_unresolved,not_reviewed
eau3tx,clear,differences,True,flagged_or_unresolved,not_reviewed
eav6k3,clear,differences,True,flagged_or_unresolved,not_reviewed
eawbfk,clear,differences,True,flagged_or_unresolved,not_reviewed
eawoow,clear,differences,True,flagged_or_unresolved,not_reviewed
eaya5u,clear,differences,True,flagged_or_unresolved,not_reviewed
eb0fhd,clear,differences,True,flagged_or_unresolved,not_reviewed
eb6adi,clear,differences,True,flagged_or_unresolved,not_reviewed
ebaub2,clear,differences,True,flagged_or_unresolved,not_reviewed
ebi2q7,clear,differences,True,flagged_or_unresolved,not_reviewed
ebkn49,unresolved,differences,False,flagged_or_unresolved,not_reviewed
ebm155,clear,differences,True,flagged_or_unresolved,not_reviewed
ebnmb8,clear,differences,False,flagged_or_unresolved,not_reviewed
ebxn4f,unresolved,unresolved,False,flagged_or_unresolved,not_reviewed
ebzfgm,clear,differences,True,flagged_or_unresolved,not_reviewed
ec5ymo,clear,differences,True,flagged_or_unresolved,not_reviewed
eca2yi,clear,differences,True,flagged_or_unresolved,not_reviewed
eccpli,clear,differences,True,flagged_or_unresolved,not_reviewed
ecggcv,clear,differences,True,flagged_or_unresolved,not_reviewed
ech2v8,clear,differences,True,flagged_or_unresolved,not_reviewed
ecqxjd,clear,differences,True,flagged_or_unresolved,not_reviewed
ecx56i,unresolved,differences,False,flagged_or_unresolved,not_reviewed
ed76ln,clear,differences,True,flagged_or_unresolved,not_reviewed
edaqex,clear,differences,True,flagged_or_unresolved,not_reviewed
edgekq,clear,differences,True,flagged_or_unresolved,not_reviewed
edjkaw,unresolved,differences,False,flagged_or_unresolved,not_reviewed
edmkts,clear,differences,True,flagged_or_unresolved,not_reviewed
edxh77,clear,differences,True,flagged_or_unresolved,not_reviewed
ee0nn4,clear,differences,True,flagged_or_unresolved,not_reviewed
ee3r8i,clear,differences,True,flagged_or_unresolved,not_reviewed
ee4xgg,unresolved,differences,False,flagged_or_unresolved,not_reviewed
ee91fd,clear,differences,True,flagged_or_unresolved,not_reviewed
eeaigo,unresolved,differences,False,flagged_or_unresolved,not_reviewed
eedx9x,clear,differences,True,flagged_or_unresolved,not_reviewed
eegl7c,clear,differences,True,flagged_or_unresolved,not_reviewed
eelq01,clear,differences,True,flagged_or_unresolved,not_reviewed
eemvu8,clear,differences,True,flagged_or_unresolved,not_reviewed
eeoe76,clear,differences,True,flagged_or_unresolved,not_reviewed
eer0uf,clear,differences,True,flagged_or_unresolved,not_reviewed
eesze2,clear,differences,True,flagged_or_unresolved,not_reviewed
ef4lk3,clear,differences,True,flagged_or_unresolved,not_reviewed
efh3ke,clear,differences,True,flagged_or_unresolved,not_reviewed
efj1ru,clear,differences,True,flagged_or_unresolved,not_reviewed
efrydg,unresolved,differences,False,flagged_or_unresolved,not_reviewed
eft67b,clear,differences,False,flagged_or_unresolved,not_reviewed
efuant,unresolved,differences,False,flagged_or_unresolved,not_reviewed
efuf01,clear,differences,True,flagged_or_unresolved,not_reviewed
efx51t,clear,differences,True,flagged_or_unresolved,not_reviewed
efxz8x,clear,differences,True,flagged_or_unresolved,not_reviewed
eggl4y,clear,differences,True,flagged_or_unresolved,not_reviewed
egidl0,clear,differences,True,flagged_or_unresolved,not_reviewed
egijkp,clear,differences,True,flagged_or_unresolved,not_reviewed
eglfp0,clear,differences,True,flagged_or_unresolved,not_reviewed
eglv7i,clear,differences,True,flagged_or_unresolved,not_reviewed
egu9xa,clear,differences,True,flagged_or_unresolved,not_reviewed
egvnmm,clear,differences,True,flagged_or_unresolved,not_reviewed
egxff3,clear,differences,True,flagged_or_unresolved,not_reviewed
eh0ezw,clear,differences,True,flagged_or_unresolved,not_reviewed
eh1eik,clear,differences,True,flagged_or_unresolved,not_reviewed
eh7csf,clear,clear,True,provisional_clear,not_reviewed
eh7wj4,clear,differences,True,flagged_or_unresolved,not_reviewed
ehdbkr,clear,differences,True,flagged_or_unresolved,not_reviewed
ehezwg,clear,differences,True,flagged_or_unresolved,not_reviewed
eho8dq,clear,differences,True,flagged_or_unresolved,not_reviewed
ehp66s,clear,differences,True,flagged_or_unresolved,not_reviewed
ehts7v,clear,differences,True,flagged_or_unresolved,not_reviewed
ei0qy3,clear,differences,True,flagged_or_unresolved,not_reviewed
eibw1d,clear,differences,True,flagged_or_unresolved,not_reviewed
eifs7q,unresolved,unresolved,False,flagged_or_unresolved,not_reviewed
eihp8i,clear,differences,True,flagged_or_unresolved,not_reviewed
eii2f5,clear,differences,True,flagged_or_unresolved,not_reviewed
einmv0,clear,differences,True,flagged_or_unresolved,not_reviewed
eirba7,clear,differences,True,flagged_or_unresolved,not_reviewed
eislck,clear,differences,True,flagged_or_unresolved,not_reviewed
eisz0q,clear,differences,True,flagged_or_unresolved,not_reviewed
eivfee,clear,differences,True,flagged_or_unresolved,not_reviewed
eix7wc,clear,differences,True,flagged_or_unresolved,not_reviewed
eiy34q,clear,differences,True,flagged_or_unresolved,not_reviewed
ej0bw2,clear,differences,True,flagged_or_unresolved,not_reviewed
ej3ugv,clear,differences,True,flagged_or_unresolved,not_reviewed
ej7bpg,clear,differences,True,flagged_or_unresolved,not_reviewed
ejamue,unresolved,differences,False,flagged_or_unresolved,not_reviewed
ejav3p,clear,differences,True,flagged_or_unresolved,not_reviewed
ejbzfb,clear,differences,True,flagged_or_unresolved,not_reviewed
ejiiun,clear,differences,True,flagged_or_unresolved,not_reviewed
ejikpq,clear,differences,True,flagged_or_unresolved,not_reviewed
ejp799,clear,differences,True,flagged_or_unresolved,not_reviewed
ejqhyj,clear,differences,True,flagged_or_unresolved,not_reviewed
ejqo5q,clear,differences,True,flagged_or_unresolved,not_reviewed
ejtnlh,clear,differences,True,flagged_or_unresolved,not_reviewed
ejvk57,clear,differences,True,flagged_or_unresolved,not_reviewed
ejvkhv,clear,differences,True,flagged_or_unresolved,not_reviewed
ejxgw7,clear,differences,True,flagged_or_unresolved,not_reviewed
ejyfpn,clear,differences,True,flagged_or_unresolved,not_reviewed
ejyljj,clear,differences,True,flagged_or_unresolved,not_reviewed
ek691v,clear,clear,True,provisional_clear,not_reviewed
ek759w,clear,differences,True,flagged_or_unresolved,not_reviewed
ek9jkv,clear,differences,True,flagged_or_unresolved,not_reviewed
ekacz7,clear,differences,True,flagged_or_unresolved,not_reviewed
ekh1q5,clear,differences,True,flagged_or_unresolved,not_reviewed
ekh3pb,clear,differences,True,flagged_or_unresolved,not_reviewed
ekhvt5,clear,differences,True,flagged_or_unresolved,not_reviewed
ekjagb,clear,differences,True,flagged_or_unresolved,not_reviewed
ekliqb,clear,differences,True,flagged_or_unresolved,not_reviewed
ekqf0b,clear,differences,True,flagged_or_unresolved,not_reviewed
eks3uk,clear,differences,True,flagged_or_unresolved,not_reviewed
eksd4l,clear,differences,True,flagged_or_unresolved,not_reviewed
ekxi0k,clear,differences,True,flagged_or_unresolved,not_reviewed
el30cp,clear,differences,True,flagged_or_unresolved,not_reviewed
el460c,unresolved,differences,False,flagged_or_unresolved,not_reviewed
el8rza,unresolved,unresolved,False,flagged_or_unresolved,not_reviewed
eld85e,clear,differences,True,flagged_or_unresolved,not_reviewed
elejtg,clear,differences,True,flagged_or_unresolved,not_reviewed
eleptx,clear,differences,True,flagged_or_unresolved,not_reviewed
ellfpe,clear,differences,True,flagged_or_unresolved,not_reviewed
elprmm,unresolved,differences,False,flagged_or_unresolved,not_reviewed
elq1lv,unresolved,differences,False,flagged_or_unresolved,not_reviewed
elvqnj,clear,differences,True,flagged_or_unresolved,not_reviewed
elz0vf,clear,differences,True,flagged_or_unresolved,not_reviewed
em266s,clear,differences,False,flagged_or_unresolved,not_reviewed
em3qbp,clear,differences,True,flagged_or_unresolved,not_reviewed
ema3a3,unresolved,differences,False,flagged_or_unresolved,not_reviewed
emc0rk,clear,differences,True,flagged_or_unresolved,not_reviewed
emlqic,clear,differences,True,flagged_or_unresolved,not_reviewed
emol4p,clear,differences,True,flagged_or_unresolved,not_reviewed
emw2ij,clear,differences,True,flagged_or_unresolved,not_reviewed
emze6y,clear,differences,True,flagged_or_unresolved,not_reviewed
en8izq,clear,differences,True,flagged_or_unresolved,not_reviewed
endeku,clear,differences,True,flagged_or_unresolved,not_reviewed
ene11y,clear,differences,True,flagged_or_unresolved,not_reviewed
enfxrd,clear,differences,True,flagged_or_unresolved,not_reviewed
enh8yk,clear,differences,True,flagged_or_unresolved,not_reviewed
eni0t8,clear,differences,True,flagged_or_unresolved,not_reviewed
enj3ol,clear,differences,True,flagged_or_unresolved,not_reviewed
enpywv,unresolved,differences,False,flagged_or_unresolved,not_reviewed
envdu3,clear,differences,True,flagged_or_unresolved,not_reviewed
envhyk,clear,differences,True,flagged_or_unresolved,not_reviewed
enwia3,clear,differences,True,flagged_or_unresolved,not_reviewed
eo1b8d,clear,differences,True,flagged_or_unresolved,not_reviewed
eob4xh,clear,differences,True,flagged_or_unresolved,not_reviewed
eodw8x,unresolved,differences,False,flagged_or_unresolved,not_reviewed
eofgcq,clear,differences,True,flagged_or_unresolved,not_reviewed
eoj08e,clear,differences,True,flagged_or_unresolved,not_reviewed
eooa9k,clear,differences,True,flagged_or_unresolved,not_reviewed
eootaw,clear,differences,True,flagged_or_unresolved,not_reviewed
eoscvm,clear,differences,True,flagged_or_unresolved,not_reviewed
eotz8u,clear,differences,True,flagged_or_unresolved,not_reviewed
eoyuv9,clear,differences,True,flagged_or_unresolved,not_reviewed
eoz02d,clear,differences,True,flagged_or_unresolved,not_reviewed
ep7l0m,clear,differences,True,flagged_or_unresolved,not_reviewed
ep9yr9,clear,differences,True,flagged_or_unresolved,not_reviewed
epato6,clear,differences,True,flagged_or_unresolved,not_reviewed
epkktk,clear,differences,False,flagged_or_unresolved,not_reviewed
eq0069,clear,differences,True,flagged_or_unresolved,not_reviewed
eq30i6,clear,differences,True,flagged_or_unresolved,not_reviewed
eq3l2r,clear,differences,True,flagged_or_unresolved,not_reviewed
eq7ba4,clear,differences,True,flagged_or_unresolved,not_reviewed
eqb23f,unresolved,differences,False,flagged_or_unresolved,not_reviewed
eqf1fa,clear,differences,True,flagged_or_unresolved,not_reviewed
eqiy1p,unresolved,unresolved,False,flagged_or_unresolved,not_reviewed
eqkkjg,clear,differences,True,flagged_or_unresolved,not_reviewed
eqtu7l,clear,differences,True,flagged_or_unresolved,not_reviewed
equy1m,clear,differences,True,flagged_or_unresolved,not_reviewed
eqwh9w,clear,differences,True,flagged_or_unresolved,not_reviewed
er3q9v,clear,differences,True,flagged_or_unresolved,not_reviewed
ergc1h,unresolved,unresolved,False,flagged_or_unresolved,not_reviewed
erlu6t,clear,differences,True,flagged_or_unresolved,not_reviewed
ero44o,clear,differences,True,flagged_or_unresolved,not_reviewed
eroagx,clear,differences,True,flagged_or_unresolved,not_reviewed
errpxw,clear,differences,True,flagged_or_unresolved,not_reviewed
erts5y,unresolved,differences,False,flagged_or_unresolved,not_reviewed
erwwyx,clear,differences,True,flagged_or_unresolved,not_reviewed
eryzs6,clear,differences,True,flagged_or_unresolved,not_reviewed
es0iog,unresolved,differences,False,flagged_or_unresolved,not_reviewed
es4d40,clear,differences,True,flagged_or_unresolved,not_reviewed
es6oiz,clear,differences,True,flagged_or_unresolved,not_reviewed
es729w,clear,differences,True,flagged_or_unresolved,not_reviewed
esbm63,unresolved,differences,False,flagged_or_unresolved,not_reviewed
esj52v,clear,differences,True,flagged_or_unresolved,not_reviewed
esmfi4,clear,differences,True,flagged_or_unresolved,not_reviewed
esv4im,clear,differences,True,flagged_or_unresolved,not_reviewed
eswbsc,clear,differences,True,flagged_or_unresolved,not_reviewed
et4z4a,clear,differences,True,flagged_or_unresolved,not_reviewed
et8mnf,clear,differences,True,flagged_or_unresolved,not_reviewed
etbogh,clear,differences,True,flagged_or_unresolved,not_reviewed
etgj25,unresolved,unresolved,False,flagged_or_unresolved,not_reviewed
etgtnf,clear,differences,True,flagged_or_unresolved,not_reviewed
etj4ue,clear,differences,True,flagged_or_unresolved,not_reviewed
etw18a,clear,differences,True,flagged_or_unresolved,not_reviewed
etzfcl,clear,differences,True,flagged_or_unresolved,not_reviewed
eu0wnu,clear,differences,True,flagged_or_unresolved,not_reviewed
eu13f0,clear,differences,True,flagged_or_unresolved,not_reviewed
eu3hqz,clear,differences,True,flagged_or_unresolved,not_reviewed
eu7sjv,clear,differences,True,flagged_or_unresolved,not_reviewed
eulpmr,clear,differences,True,flagged_or_unresolved,not_reviewed
euplva,clear,differences,True,flagged_or_unresolved,not_reviewed
euuv86,clear,differences,True,flagged_or_unresolved,not_reviewed
eux6h2,clear,differences,True,flagged_or_unresolved,not_reviewed
euy2af,clear,differences,True,flagged_or_unresolved,not_reviewed
ev3kt8,clear,differences,True,flagged_or_unresolved,not_reviewed
evarqd,clear,differences,True,flagged_or_unresolved,not_reviewed
evbyg8,clear,differences,True,flagged_or_unresolved,not_reviewed
evfouw,clear,differences,True,flagged_or_unresolved,not_reviewed
evfsjs,clear,differences,True,flagged_or_unresolved,not_reviewed
evhyzb,clear,differences,True,flagged_or_unresolved,not_reviewed
evn6ok,clear,differences,True,flagged_or_unresolved,not_reviewed
evoaeu,clear,differences,True,flagged_or_unresolved,not_reviewed
evpsam,clear,differences,True,flagged_or_unresolved,not_reviewed
evq5b4,unresolved,differences,False,flagged_or_unresolved,not_reviewed
evvts6,clear,differences,True,flagged_or_unresolved,not_reviewed
evwly4,clear,differences,True,flagged_or_unresolved,not_reviewed
evzkf3,clear,clear,True,provisional_clear,not_reviewed
ew26rf,unresolved,differences,False,flagged_or_unresolved,not_reviewed
ewb4l9,clear,differences,True,flagged_or_unresolved,not_reviewed
ewjsru,clear,differences,True,flagged_or_unresolved,not_reviewed
ewzsf6,clear,differences,True,flagged_or_unresolved,not_reviewed
ex1889,clear,differences,True,flagged_or_unresolved,not_reviewed
ex1ymz,clear,differences,True,flagged_or_unresolved,not_reviewed
ex2mlt,clear,differences,True,flagged_or_unresolved,not_reviewed
