case_id,speaker,before_sha256,review_after_sha256,selected_frozen_sha256,automatic_verdict,issue_count,reviewed_at,researcher_fidelity_approved,translation_version
3945fy,A,34c4ef173f191f96ee49ee0293f9381db57cacc221681d237433ea0fe1cc9aaa,9dc1ac8d6b9fc19e3c1745d05d9409fd7ccf0841d53bc65c27d5d63e145bee14,9dc1ac8d6b9fc19e3c1745d05d9409fd7ccf0841d53bc65c27d5d63e145bee14,revised,3,2026-10-03T12:00:50.246252+00:00,False,ko-codex-v1
3945fy,B,f47c2e5b5873adfeb31c224fd1600036915e78ce7485ed2993cc9da11c28ea38,0efa53f9961f22c4d963193c517e051d92503a3a3a5237aad033824cf1b14476,0efa53f9961f22c4d963193c517e051d92503a3a3a5237aad033824cf1b14476,revised,3,2026-10-02T21:46:47.243689+00:00,False,ko-codex-v1
3beovs,A,da3d84e46a2ebd98d4285e2e8959317482f793179151f8c941ceb67bb93d044d,eb1ea6e78981d3cd444c923b7ab72b19d4009b79170b9f9eaef3eb0c2192d715,eb1ea6e78981d3cd444c923b7ab72b19d4009b79170b9f9eaef3eb0c2192d715,revised,2,2026-10-03T11:36:13.325832+00:00,False,ko-codex-v1
3beovs,B,2f754e296097f7415b5ccf3e1943d74187c65cc258b3ff4730f2312bae88b13f,2f754e296097f7415b5ccf3e1943d74187c65cc258b3ff4730f2312bae88b13f,2f754e296097f7415b5ccf3e1943d74187c65cc258b3ff4730f2312bae88b13f,pass,0,2026-10-03T00:56:42.692295+00:00,False,ko-codex-v1
3d7cdt,A,a3dd3218f9fe9bcf2bb4796e869d6c69794dbf0287c3cbf6c559ec6f5541a92c,e4ed8ef0faa182b87dacc3961974b9bc58cfdd037a1ae1ef9647d95c1fb50988,e4ed8ef0faa182b87dacc3961974b9bc58cfdd037a1ae1ef9647d95c1fb50988,revised,3,2026-10-02T22:17:14.376670+00:00,False,ko-codex-v1
3d7cdt,B,bb64e564d1f40ba6e503408a424d9c049de02231297320f8837728678766b7d2,bb64e564d1f40ba6e503408a424d9c049de02231297320f8837728678766b7d2,bb64e564d1f40ba6e503408a424d9c049de02231297320f8837728678766b7d2,pass,0,2026-10-03T11:33:58.724889+00:00,False,ko-codex-v1
3he7h3,A,a9a1f867e7d953a7d8cf71e97e6dba21d7507aee1197eea51ddb4cd24e3525f6,720c00b31385af03c147b1d97f1a574bc67ba368c2539a7bc3b54b12ed967ca7,720c00b31385af03c147b1d97f1a574bc67ba368c2539a7bc3b54b12ed967ca7,revised,2,2026-10-03T05:12:29.206579+00:00,False,ko-codex-v1
3he7h3,B,20401e8f91df0f59208e3345b7d0b7b9e1fdfdacac4ab9e30c923ad37aed2950,8c931bb6a0e937dd05710fa9635446ac6a1b5c6547c4c93b1db494c9e9607055,8c931bb6a0e937dd05710fa9635446ac6a1b5c6547c4c93b1db494c9e9607055,revised,2,2026-10-03T02:11:15.527164+00:00,False,ko-codex-v1
3wduqj,A,c2a9ee265b6735ba45bb3635351d54f7d41f54b45a64b7c1bff19813958cb1ab,7ac07f43aba54237cb05ee79401c740f4376c7df2cae964271eff495818001c8,7ac07f43aba54237cb05ee79401c740f4376c7df2cae964271eff495818001c8,revised,5,2026-10-03T07:29:15.248070+00:00,False,ko-codex-v1
3wduqj,B,463dc568bc9a729b4be7c0dda7ada6ec5dd7ee57c7dc3faf4558bcd0424be3ec,63e4386b4b39fcadebe4a6b140515a8b3647c06e6b4ee36ebff34a5d58351a16,63e4386b4b39fcadebe4a6b140515a8b3647c06e6b4ee36ebff34a5d58351a16,revised,4,2026-10-03T05:56:55.836162+00:00,False,ko-codex-v1
3y23i3,A,78bc8a50561146746a5ee40b41cd59f7a95d3b06d5524a904f67db7f94eecd38,4fc2b98d13255ca9a2148a57b566a6824f0ce3595d5809638519c566def31037,4fc2b98d13255ca9a2148a57b566a6824f0ce3595d5809638519c566def31037,revised,1,2026-10-03T05:41:45.208059+00:00,False,ko-codex-v1
3y23i3,B,b7bbf7d5f0136de68c09f5c3971d0eca219c866cd4a7a983e48e778f06c828b1,b7bbf7d5f0136de68c09f5c3971d0eca219c866cd4a7a983e48e778f06c828b1,b7bbf7d5f0136de68c09f5c3971d0eca219c866cd4a7a983e48e778f06c828b1,pass,0,2026-10-02T21:49:51.011581+00:00,False,ko-codex-v1
3yweub,A,0367582738b537ef5ea0fe0b9261701143acfbf0945ddec340a47459e3282c76,80e664da902a0df2ccbb115f2faf8498d9be0ce1d63d3cd79d1e18e4d0824e72,80e664da902a0df2ccbb115f2faf8498d9be0ce1d63d3cd79d1e18e4d0824e72,revised,3,2026-10-03T03:08:40.517546+00:00,False,ko-codex-v1
3yweub,B,a72b4835de0142b80be859b9ce49ad4cac3441e04c4787f54799745193d438bb,335d1d6f42a9db6c983e3eea9afe5afd9dd7775f382ae6505eb2ade004cfcb68,335d1d6f42a9db6c983e3eea9afe5afd9dd7775f382ae6505eb2ade004cfcb68,revised,2,2026-10-02T22:55:58.733845+00:00,False,ko-codex-v1
41lwdf,A,34c33b47df698915e61681d4e2c4fb24ab0603591a8cb51cf88bee2eb639c2f6,18cb79a2e64b23abe9d99fc122da739501396cd9855abaa6a83eb26b44228e36,18cb79a2e64b23abe9d99fc122da739501396cd9855abaa6a83eb26b44228e36,revised,3,2026-10-03T02:50:08.363802+00:00,False,ko-codex-v1
41lwdf,B,8a882935b7d1d9c2242eb7ff53d6d0f66ae5855ac40e80471573773b3a88ba24,8a882935b7d1d9c2242eb7ff53d6d0f66ae5855ac40e80471573773b3a88ba24,8a882935b7d1d9c2242eb7ff53d6d0f66ae5855ac40e80471573773b3a88ba24,pass,0,2026-10-03T04:49:29.588232+00:00,False,ko-codex-v1
44qtnf,A,8f3727469cd670308c8e56d1734959f16d9c267dbc377b42e852bc0428d88f8f,3f008bbeaddf723300c1433cf7cac1d6c9d141569b2dc626f7af15253ab6adb2,3f008bbeaddf723300c1433cf7cac1d6c9d141569b2dc626f7af15253ab6adb2,revised,1,2026-10-03T11:33:46.000266+00:00,False,ko-codex-v1
44qtnf,B,f3182dd84a6f929048f27880ae87d75188fd6d824c2e7cf95261b7c100a786d6,03815d5a62fd8850bd6ac69aa33f392c6064395f0b3c93b0f1a6cace56267ee2,03815d5a62fd8850bd6ac69aa33f392c6064395f0b3c93b0f1a6cace56267ee2,revised,2,2026-10-03T05:01:38.952075+00:00,False,ko-codex-v1
46xd1s,A,c00f347506212dca129eea4684ac6f951ee8bf2d8287d2fcbb888e6d09b14eec,012be9fc2bdfb62c1639a5954c7ab4bc87166bc1eac11eb07849e846a7b4131a,012be9fc2bdfb62c1639a5954c7ab4bc87166bc1eac11eb07849e846a7b4131a,revised,3,2026-10-02T22:31:02.636700+00:00,False,ko-codex-v1
46xd1s,B,3253bf23dd0ef8657d057479a6b981399952bd99e3c123eb1ff41923cf40987f,8513ed6f5b90356fe088ffb1943ddb51cf839e4983e6761ee892aec6f6ae4f57,8513ed6f5b90356fe088ffb1943ddb51cf839e4983e6761ee892aec6f6ae4f57,revised,1,2026-10-03T03:13:49.316427+00:00,False,ko-codex-v1
49hx5g,A,27cf4cb75a1a34b8a333aabc01ed9dce2a3595f05e1637be465e5e10b66eedac,27cf4cb75a1a34b8a333aabc01ed9dce2a3595f05e1637be465e5e10b66eedac,27cf4cb75a1a34b8a333aabc01ed9dce2a3595f05e1637be465e5e10b66eedac,pass,0,2026-10-02T23:09:02.086214+00:00,False,ko-codex-v1
49hx5g,B,3b75e230410232dfb5b375d1ccfbbf9aac91c8adb5987a38fd9c24a33050804a,3b75e230410232dfb5b375d1ccfbbf9aac91c8adb5987a38fd9c24a33050804a,3b75e230410232dfb5b375d1ccfbbf9aac91c8adb5987a38fd9c24a33050804a,pass,0,2026-10-03T12:24:18.528238+00:00,False,ko-codex-v1
4orf18,A,e446f993f4fd93b13b4f02ac7fee84742ceed845e5f524b18ce7e1b038faaa18,b2d7fbdc34570e2adbec0e858b38913ddf6b1af09e6ef87de091b10659ac4263,b2d7fbdc34570e2adbec0e858b38913ddf6b1af09e6ef87de091b10659ac4263,revised,3,2026-10-03T03:22:24.273507+00:00,False,ko-codex-v1
4orf18,B,9550085f7e86cc49cbc05ae2fd119229e28f6c2d55de243d4bffd019873c5fea,9550085f7e86cc49cbc05ae2fd119229e28f6c2d55de243d4bffd019873c5fea,9550085f7e86cc49cbc05ae2fd119229e28f6c2d55de243d4bffd019873c5fea,pass,0,2026-10-03T02:51:11.939497+00:00,False,ko-codex-v1
4slmcz,A,3cdc089df02a740f9499fa1eb644e35dabe9a99a619d3d7fa3c94b8bbf88b06d,146494e3954c80cfdedbbe54957224e980922386943d5d69cf9688808a2dfaae,146494e3954c80cfdedbbe54957224e980922386943d5d69cf9688808a2dfaae,revised,1,2026-10-02T21:21:05.994538+00:00,False,ko-codex-v1
4slmcz,B,19754c73c7f67299c109aeecacdbbd03b5f29f7d00e596f4a12f1aa4f063f6c3,19754c73c7f67299c109aeecacdbbd03b5f29f7d00e596f4a12f1aa4f063f6c3,19754c73c7f67299c109aeecacdbbd03b5f29f7d00e596f4a12f1aa4f063f6c3,pass,0,2026-10-03T04:37:38.909099+00:00,False,ko-codex-v1
4snznj,A,827f87709ad5c7a2a703a363eb5971ecdd769a25ffa9f054e0545c3839907fc2,57f20f55a49fe63eb10ef78e40909602c2459bf697351610336233aecf90dfb9,57f20f55a49fe63eb10ef78e40909602c2459bf697351610336233aecf90dfb9,revised,3,2026-10-03T03:27:44.479841+00:00,False,ko-codex-v1
4snznj,B,72aaee7e9b56a52724dc62992ae1def0f69d8064f1de7c75ef957416be5bd14c,0d8b174824ac5d95ba8baf57b61f884606a20dc37daf7f53700d1ccb0ac8f4ba,0d8b174824ac5d95ba8baf57b61f884606a20dc37daf7f53700d1ccb0ac8f4ba,revised,1,2026-10-03T07:22:47.464756+00:00,False,ko-codex-v1
4vois2,A,d844bff152725efe6b23f5fd26700a459cefb650f7b0dae40cb92520a3c071dc,ab99540739a620d1d31588cbca7060ac2c3c64d5aa13730fd5ad2a86513c5850,ab99540739a620d1d31588cbca7060ac2c3c64d5aa13730fd5ad2a86513c5850,revised,1,2026-10-03T00:55:54.804362+00:00,False,ko-codex-v1
4vois2,B,d172f816870c5a0ba52eb6144ea848fcb9b12aea2c5c11978752c5110c850b94,d172f816870c5a0ba52eb6144ea848fcb9b12aea2c5c11978752c5110c850b94,d172f816870c5a0ba52eb6144ea848fcb9b12aea2c5c11978752c5110c850b94,pass,0,2026-10-02T23:48:23.545340+00:00,False,ko-codex-v1
50eqjy,A,3c13054dd6df076188efbaf85d2541aafb3352a012935bc6b25f7fb9c8c39730,1c6654bcfa9cb2c20b10f87bebd2ae977195af703eae42f2a68e1ae2617f916c,1c6654bcfa9cb2c20b10f87bebd2ae977195af703eae42f2a68e1ae2617f916c,revised,3,2026-10-02T21:31:14.728997+00:00,False,ko-codex-v1
50eqjy,B,0815348bf65d1741687467a8a799fab396c780f9210396c6c1e10e10606a5bcb,565783ef3cb196f459f9def5f92bd9dbb4ae18f3d4c05d1e98b49851138956e8,565783ef3cb196f459f9def5f92bd9dbb4ae18f3d4c05d1e98b49851138956e8,revised,1,2026-10-03T03:24:17.028318+00:00,False,ko-codex-v1
57vp78,A,bca13e4b740fe699c45494e415933b22191ad9984d50fb88d83fa21183af8950,e42ba003b8ce6c31e319fb2204ba5e1570c952f9b1266c75ce5e8da19b952d7e,e42ba003b8ce6c31e319fb2204ba5e1570c952f9b1266c75ce5e8da19b952d7e,revised,2,2026-10-03T00:04:05.938532+00:00,False,ko-codex-v1
57vp78,B,1606a59eb09f171f36e42baa76cbe1b591f36ad33d565321cba107fd33c437e9,71205a289268e2dbbd173683c38ea2095b51381fa533336f209eac0a2fa5df46,71205a289268e2dbbd173683c38ea2095b51381fa533336f209eac0a2fa5df46,revised,3,2026-10-02T23:10:42.396909+00:00,False,ko-codex-v1
5m088n,A,c9fd95ee5393b7bc18a1f9689b4d5f27c048619efe9b7a9d1406278102f35f75,91575f918f1039dacd6dbccb496f591602d5cbc2c52416feae883470f2343ab0,91575f918f1039dacd6dbccb496f591602d5cbc2c52416feae883470f2343ab0,revised,1,2026-10-03T11:59:28.813979+00:00,False,ko-codex-v1
5m088n,B,357c64f6523136fdeeab322623304750eb714cccb6fc79f579754e3eab6202d9,9bc077e0ca98c85378c808f41723d131615cc94fc86a75d009531e52f12d01fc,9bc077e0ca98c85378c808f41723d131615cc94fc86a75d009531e52f12d01fc,revised,1,2026-10-03T07:55:44.433007+00:00,False,ko-codex-v1
6acqd5,A,c1d884555d27b5b5ac356bb4423bb9ae32ddc2ee1006b70b8082e5ae575f04f5,f5204c2ea42dba9867d1286342d72f3ff2d8fbfc05a17bcb5249746ccd0225ae,f5204c2ea42dba9867d1286342d72f3ff2d8fbfc05a17bcb5249746ccd0225ae,revised,1,2026-10-03T01:23:36.303934+00:00,False,ko-codex-v1
6acqd5,B,7167cbe0b5505b65cee42c52ada790f47ea2f61b207d880bd28475969210a785,7167cbe0b5505b65cee42c52ada790f47ea2f61b207d880bd28475969210a785,7167cbe0b5505b65cee42c52ada790f47ea2f61b207d880bd28475969210a785,pass,0,2026-10-02T21:12:41.055847+00:00,False,ko-codex-v1
6d78ki,A,dd343ce6eb3f0f9bb73d35093f9316d8f3f4a1ae3748fcb687d6efaa7f5af030,b2fcfd6b9c847b9c8ca2682a22b600275074f16c32836448f5e41c3f69437049,b2fcfd6b9c847b9c8ca2682a22b600275074f16c32836448f5e41c3f69437049,revised,3,2026-10-03T07:16:01.632669+00:00,False,ko-codex-v1
6d78ki,B,4ca138944ee9540bc8bbca56a6c96e57bd21c5e11baa061875159ba9119d1c57,f43a1071c8fdce59ba3cb01bbda02ed3ce384cbd72b36f1ccf257873be308c94,f43a1071c8fdce59ba3cb01bbda02ed3ce384cbd72b36f1ccf257873be308c94,revised,3,2026-10-02T22:05:24.501198+00:00,False,ko-codex-v1
6f0zxh,A,b5ca913b8ca0153e2140967414b1385ce250738a3a9cf8d15f4d15b19bf30cc7,fbc364a2c1fa9d35f3433c2fa750f1630066a1f41fba3879f00686e05d367a40,fbc364a2c1fa9d35f3433c2fa750f1630066a1f41fba3879f00686e05d367a40,revised,3,2026-10-03T08:14:03.482262+00:00,False,ko-codex-v1
6f0zxh,B,fd5d0f5d5918f83c71dc3121ce94c7c3df51377c926d20c2576595486ff0f174,79181548895ea04b62f0c1f5e0563cb83352978e838f9e9881ed652a22a08a3a,79181548895ea04b62f0c1f5e0563cb83352978e838f9e9881ed652a22a08a3a,revised,1,2026-10-03T03:13:28.187304+00:00,False,ko-codex-v1
6j6v0w,A,99a28ec66e42e3ccd1486de1d36d88f4adcc60176b0bee1c163c34ab372538bf,07483710c292f56b18f392eddc1fe0a75b659fe164f96e9d5e10ebab74b45cd5,07483710c292f56b18f392eddc1fe0a75b659fe164f96e9d5e10ebab74b45cd5,revised,3,2026-10-03T01:38:14.554791+00:00,False,ko-codex-v1
6j6v0w,B,fceb358611515c3c73b2e1a63721e243b6b7cd942a9423e4a6bddca91a98bc7b,476cec837d3757351288bceddb23640a5f04d83919e6bb43b760fc2ab3c909ed,476cec837d3757351288bceddb23640a5f04d83919e6bb43b760fc2ab3c909ed,revised,2,2026-10-03T12:37:32.826275+00:00,False,ko-codex-v1
6pzwac,A,353c4edfe6a35dabd523e916ccfbaa39832e2103c8ae14317e8ddbcbcff39e74,af29d273e298820cbf2cad95f20d1a30124f3007b9c6801f988f91423e26795b,af29d273e298820cbf2cad95f20d1a30124f3007b9c6801f988f91423e26795b,revised,3,2026-10-03T03:55:20.403665+00:00,False,ko-codex-v1
6pzwac,B,69bd2b7205630fc07606b2c170b239c8ac3126fa4bf1c9aaed17a4fd218d44fc,6f37994de158b8d9c2e24547f914a7cfc6a8aeae787db3b4c280c46ed20054fe,6f37994de158b8d9c2e24547f914a7cfc6a8aeae787db3b4c280c46ed20054fe,revised,3,2026-10-03T11:43:48.020169+00:00,False,ko-codex-v1
6utnp2,A,0fd521144088e35fa6cd0cf1bf41ed596931c53ccf0daa2736737ad6a5d7110d,a355776ccd236c5660c5de6af9fbae0aa5bcf5d0877d9e9720d9f0ac8a1f208c,a355776ccd236c5660c5de6af9fbae0aa5bcf5d0877d9e9720d9f0ac8a1f208c,revised,5,2026-10-03T12:34:15.404573+00:00,False,ko-codex-v1
6utnp2,B,323267caf9e07fabb397c92032a9e0bed2efcaa59f349dec366b5d7dc20fb567,81ee6801011216e14043f29cf0b4f88bf47c0269f22384071afd5a082c4f2ada,81ee6801011216e14043f29cf0b4f88bf47c0269f22384071afd5a082c4f2ada,revised,5,2026-10-03T06:00:39.164514+00:00,False,ko-codex-v1
6ws7p6,A,1baba7ba0aa6de3c7cf0b620df8933175c1c0823a55017f8d4d4cf7e79f172b4,a4298dc2c5ea7f6f2e5bb499c60f4e50a9a12cc4a28b292ab35cacb31b667b6e,a4298dc2c5ea7f6f2e5bb499c60f4e50a9a12cc4a28b292ab35cacb31b667b6e,revised,4,2026-10-02T21:43:34.231290+00:00,False,ko-codex-v1
6ws7p6,B,6c5cbaf3d5b8e30521ee5fe1b5afc000917d535bf04f65992842b71db6582865,093f8966c20d49c92fe9fb605440136a5205b9f7615756df44da199a07069413,093f8966c20d49c92fe9fb605440136a5205b9f7615756df44da199a07069413,revised,5,2026-10-03T01:56:38.170317+00:00,False,ko-codex-v1
72ugm9,A,b937207fa20f807061d5e9db6bf3679136eb353f5729cf767c11b1f8d3b5d015,883201ebdc02d0119e514cc4ef09df5f468a7aff92701dd815df69869b6707e4,883201ebdc02d0119e514cc4ef09df5f468a7aff92701dd815df69869b6707e4,revised,2,2026-10-02T21:26:59.885156+00:00,False,ko-codex-v1
72ugm9,B,1e57c98cbe15c09c4831b8db90369934bd4e2bb75589a06a89f7caaefa699ff3,bc8e768f816b94cc107e0bc0e260c52b4bb076b88fc0a11f73f1af912b57da19,bc8e768f816b94cc107e0bc0e260c52b4bb076b88fc0a11f73f1af912b57da19,revised,4,2026-10-03T07:41:16.202302+00:00,False,ko-codex-v1
7776zb,A,7ec93059e288e1ad65f1b3c31e15cc8c97a02c206b0a470622c99fdced6d37d5,d5a594025825ce2f6fefbe38c09146c32992e8faf092f0549f8aebb95a333b1d,d5a594025825ce2f6fefbe38c09146c32992e8faf092f0549f8aebb95a333b1d,revised,6,2026-10-03T01:08:44.172820+00:00,False,ko-codex-v1
7776zb,B,2c561b0b374a96e582ae69f83e4250ec03cdd2f764911b5b6d2bc2fa2080480e,77f46564fbf4f195c3295c29fa1b5c0e2ce14c9fbed1cd79a82bb89d19096a4e,77f46564fbf4f195c3295c29fa1b5c0e2ce14c9fbed1cd79a82bb89d19096a4e,revised,2,2026-10-03T03:52:14.951683+00:00,False,ko-codex-v1
7aaxn5,A,6e966dbd8288c0baed863e30453dbfb992ab1a99a0806ff7f8ead5ea3a9a181f,45c0ed24c344ad6c3ea46f1fcdf830cedcdeb882b5d888576f24da5c4bc5f6fc,45c0ed24c344ad6c3ea46f1fcdf830cedcdeb882b5d888576f24da5c4bc5f6fc,revised,2,2026-10-03T02:07:45.793762+00:00,False,ko-codex-v1
7aaxn5,B,3f19531a2966bc48a172092ab13b5da7ef42287107491e0f8598b57b87913f2c,20a5704961e593b5c6f017ca68f288e76f71c6d410df79de8a95211ccac2bb96,20a5704961e593b5c6f017ca68f288e76f71c6d410df79de8a95211ccac2bb96,revised,2,2026-10-03T10:42:00.649481+00:00,False,ko-codex-v1
7ahlt3,A,1c58913b202facdfe2a135207c0997bcda80f3e66528f51b0ec0bc8b520224b9,3936da3d4504bc17f696276cdbb5f88ab14a90e9f8ba4cc7191b306ab353a0c4,3936da3d4504bc17f696276cdbb5f88ab14a90e9f8ba4cc7191b306ab353a0c4,revised,4,2026-10-03T03:08:49.828769+00:00,False,ko-codex-v1
7ahlt3,B,22c49fa35603933fbb1850c8526ca61b2b96cf01e75ee3960fa05e2c623187c7,1597a345c8c210d6384273c61175a2b6aa5fb26240da75b5f8a6d1a0a1ab3734,1597a345c8c210d6384273c61175a2b6aa5fb26240da75b5f8a6d1a0a1ab3734,revised,4,2026-10-03T03:52:15.360877+00:00,False,ko-codex-v1
7akmcj,A,5d4225943cc303097423fc6633faf47db4cb6dcf19fb54aff47ec13286dde627,e5f288dfd73108aa706b319d4923756ea955aa0f10b729d2e107da984cc05f0f,e5f288dfd73108aa706b319d4923756ea955aa0f10b729d2e107da984cc05f0f,revised,1,2026-10-03T03:54:32.350508+00:00,False,ko-codex-v1
7akmcj,B,bc0cc41d39b9163469c93d5192647fe0a9985489244cd5b3229f16b72c8ba03c,bc0cc41d39b9163469c93d5192647fe0a9985489244cd5b3229f16b72c8ba03c,bc0cc41d39b9163469c93d5192647fe0a9985489244cd5b3229f16b72c8ba03c,pass,0,2026-10-03T02:30:44.473599+00:00,False,ko-codex-v1
7du27g,A,5a5790fb6431ded3cdd1a46587602bfc2e5c25efd88b83f2050377f6878e6304,f118ebbd49e89d0a81e4d62f7607250647c4452a35612023dcbcf2d884c32acc,f118ebbd49e89d0a81e4d62f7607250647c4452a35612023dcbcf2d884c32acc,revised,5,2026-10-03T12:05:19.861691+00:00,False,ko-codex-v1
7du27g,B,470354d0ddbc47c46cc47a496ba21c7fd590cb92e6f8d3cbe50aa3163ad80442,4cb6ba2eb73bba4cf221f3378bd86da43b7c3d88cd2bb5f1da05e1eded55dcaa,4cb6ba2eb73bba4cf221f3378bd86da43b7c3d88cd2bb5f1da05e1eded55dcaa,revised,0,2026-10-03T05:47:45.182699+00:00,False,ko-codex-v1
7dy89e,A,c2f666c1e10ce87f632d69d930f935dc5525e7556629c193a91365e991a083f9,f1b8f7dd2f132183dbc2e64edfde0b2d1d23f8fcfaf8e4714c249ea56c53c81f,f1b8f7dd2f132183dbc2e64edfde0b2d1d23f8fcfaf8e4714c249ea56c53c81f,revised,3,2026-10-03T01:28:50.174306+00:00,False,ko-codex-v1
7dy89e,B,c65ad672c05257f6f8842f410dda377e6d7b565f414083b34fcc55efcc55ac4a,f0fc29319219086004529602ec91da9c99459384c8566639048da4f653687472,f0fc29319219086004529602ec91da9c99459384c8566639048da4f653687472,revised,3,2026-10-03T06:25:03.968452+00:00,False,ko-codex-v1
7efm4p,A,16a0e5c85b676924b60dab23482ffcc3f5de136eab44e6331a75f76f83ceddca,af324cfc764584006387adce5a8af2423151dee5e4a3fb0d4f5a6180de9cf56c,af324cfc764584006387adce5a8af2423151dee5e4a3fb0d4f5a6180de9cf56c,revised,9,2026-10-03T00:24:28.415264+00:00,False,ko-codex-v1
7efm4p,B,e1d694aef2c7ccc8ac3851201bfdcf1482321e429109397c6190cfc82bf2ec1e,a664d18241c9a9f4dad066fee48333d0b82f0af4d24b87fc2afe5d591f2f5671,a664d18241c9a9f4dad066fee48333d0b82f0af4d24b87fc2afe5d591f2f5671,revised,1,2026-10-03T10:45:34.953274+00:00,False,ko-codex-v1
7fhd56,A,5d760fbd0e7d053753d12b2e2cc6761f9fdfbeedebcdc397122380677c178e32,d499c289de9cafdc8728b4cf79e74986585aa2e8a1f69ba69abb3d35e012c474,d499c289de9cafdc8728b4cf79e74986585aa2e8a1f69ba69abb3d35e012c474,revised,5,2026-10-03T04:37:51.824824+00:00,False,ko-codex-v1
7fhd56,B,e471239ad40d13022dceea3a4013a59b70405b743235df7eaa2d030023855b7e,283749c642a25928b65e1bda532d977af9300968e449ade970c9e0d7951c93ac,283749c642a25928b65e1bda532d977af9300968e449ade970c9e0d7951c93ac,revised,2,2026-10-03T00:13:47.016400+00:00,False,ko-codex-v1
7i95ob,A,dd7b576cbbd07ef697b4ad94c379a29f9d0474698f975ed1d18d1d3511236fd1,dd7b576cbbd07ef697b4ad94c379a29f9d0474698f975ed1d18d1d3511236fd1,dd7b576cbbd07ef697b4ad94c379a29f9d0474698f975ed1d18d1d3511236fd1,pass,0,2026-10-03T05:50:49.130351+00:00,False,ko-codex-v1
7i95ob,B,823a171c20cf6fc542e1981d8bda622856a2ca07da9cf3888d9d432a42cda778,823a171c20cf6fc542e1981d8bda622856a2ca07da9cf3888d9d432a42cda778,823a171c20cf6fc542e1981d8bda622856a2ca07da9cf3888d9d432a42cda778,pass,0,2026-10-03T10:38:59.823491+00:00,False,ko-codex-v1
7n5rkf,A,643440d11321cbfeb1bfebea57c10708c3f7d53d7409bd208e76c7707d68bf6e,643440d11321cbfeb1bfebea57c10708c3f7d53d7409bd208e76c7707d68bf6e,643440d11321cbfeb1bfebea57c10708c3f7d53d7409bd208e76c7707d68bf6e,pass,0,2026-10-03T04:36:19.160585+00:00,False,ko-codex-v1
7n5rkf,B,4c64deeec340a575d41d40366736e25667a8b9860657d99773d5e1f1dc3f2bc5,590aa06c84763f89e0a81fb8b825222c183326c8e2e95d00ceda94bf6fb062dd,590aa06c84763f89e0a81fb8b825222c183326c8e2e95d00ceda94bf6fb062dd,revised,2,2026-10-03T06:52:51.453366+00:00,False,ko-codex-v1
7p4nie,A,55c131fefcde42d1a6a7c85971e049756ef793121b60125f556647a19f348d63,da41b2695ebe167f10971d70197b0e7fc2985a713c4244249cf22d96326776c3,da41b2695ebe167f10971d70197b0e7fc2985a713c4244249cf22d96326776c3,revised,1,2026-10-03T06:25:01.713534+00:00,False,ko-codex-v1
7p4nie,B,eb09717992b2c3444915a326d623db14c8f8a27395bfcffdf6021bf545ac5ccc,bf913cde0b1a0d7f9098faf9c150e22e093f75a82761f9fda5ae42e9bf85df81,bf913cde0b1a0d7f9098faf9c150e22e093f75a82761f9fda5ae42e9bf85df81,revised,1,2026-10-02T21:47:08.972646+00:00,False,ko-codex-v1
7tmmtw,A,adf5f490469033737dec355d383dc8f8cfc544740f699e13387fb19e308ad7ca,6c9eae06b10694953b3b40095e2e1f058fed2d7e3adc2241cfeeaec38328b688,6c9eae06b10694953b3b40095e2e1f058fed2d7e3adc2241cfeeaec38328b688,revised,4,2026-10-03T11:43:16.382002+00:00,False,ko-codex-v1
7tmmtw,B,55d593f326f0dbf90def21c381de307418c194fa86a5c7d5238236c145c9a29c,67705e9ef1e96e393f8b0e90604ff0bcb6b61131bc8b92c6ca093c31b9c48c0d,67705e9ef1e96e393f8b0e90604ff0bcb6b61131bc8b92c6ca093c31b9c48c0d,revised,1,2026-10-03T04:15:31.617587+00:00,False,ko-codex-v1
7ue8j0,A,1fe59170bbc861bda233ebe40c04d33423fa3bdfc647a685b6db75606eed5d5a,a34a73721e6b9df6c2e4df35113f78c58d28cd5c8f8120f4be4e1b0b5cafc73c,a34a73721e6b9df6c2e4df35113f78c58d28cd5c8f8120f4be4e1b0b5cafc73c,revised,3,2026-10-03T01:45:03.867125+00:00,False,ko-codex-v1
7ue8j0,B,5d310c6d2d2527b934a87d6bea883229612f7ccda7131bc4d536143738daabbc,c9dff3e72eb4e76f792032a59ec55170b890a3c1b52a41bd537090277b38f20e,c9dff3e72eb4e76f792032a59ec55170b890a3c1b52a41bd537090277b38f20e,revised,1,2026-10-02T21:13:04.281943+00:00,False,ko-codex-v1
7v53r7,A,2bedaed0556a3ea6f7e72d7976f3adcf9b3a484e2bec43cc305977c449f7efac,93f952eb250dfdf2ab6d226e056cdcad9d9958c2cfcca27b0fa7a2aac1a5939b,93f952eb250dfdf2ab6d226e056cdcad9d9958c2cfcca27b0fa7a2aac1a5939b,revised,2,2026-10-02T22:31:33.047381+00:00,False,ko-codex-v1
7v53r7,B,60a0c7fd52443a4ea12779abb96f83c5982acd56f302e754aa0bbcda5d40edb1,946d6f3f529e493771b2241bc775b3f2cf1f740b2d269271a601dde49fff550e,946d6f3f529e493771b2241bc775b3f2cf1f740b2d269271a601dde49fff550e,revised,2,2026-10-02T23:54:26.004076+00:00,False,ko-codex-v1
7vdoov,A,f23139804444a1f0f8a11b34e2ae69c14847467bdb28fbd867976fe0cebb977e,ee87e493084bc9eb4cf9875c374b79ecdac8494d0dba9a483bdd05263bed9f33,ee87e493084bc9eb4cf9875c374b79ecdac8494d0dba9a483bdd05263bed9f33,revised,5,2026-10-03T12:03:40.972177+00:00,False,ko-codex-v1
7vdoov,B,e60b424f8196a5697002caba689cbb940aef25fb4bb07a855e7355af2269ce0e,e60b424f8196a5697002caba689cbb940aef25fb4bb07a855e7355af2269ce0e,e60b424f8196a5697002caba689cbb940aef25fb4bb07a855e7355af2269ce0e,pass,0,2026-10-03T04:57:22.750802+00:00,False,ko-codex-v1
7yt5ci,A,d28d82fb0ce264c76b404d50898fd12d60751088576e971fe879a174e21ca061,b8ff95ba343ba98243c93c7eb51367d700b80cccb2bc09bb2c085e98bb79aa4c,b8ff95ba343ba98243c93c7eb51367d700b80cccb2bc09bb2c085e98bb79aa4c,revised,7,2026-10-02T23:13:52.132037+00:00,False,ko-codex-v1
7yt5ci,B,22141b1498fc37f5822c6a829bb74f009beeec486b7c9d4e1986d477d6f4ad11,77ec940795e231ddbbc0c528bb0b3b7774c9cf0465252817ffbf29c94281366e,77ec940795e231ddbbc0c528bb0b3b7774c9cf0465252817ffbf29c94281366e,revised,5,2026-10-03T05:59:46.270699+00:00,False,ko-codex-v1
7zzrn8,A,0f7df6619148094fc9e84972420a882ddb068a72f2196211503b806402092ddd,c548690010c98c7b92ba5f88cb42129ecf56475c210e7f8e05777ba799fc54b9,c548690010c98c7b92ba5f88cb42129ecf56475c210e7f8e05777ba799fc54b9,revised,4,2026-10-03T03:27:10.805528+00:00,False,ko-codex-v1
7zzrn8,B,8b3bc2f911e1795b2574e37bb6864689ce9c215a0872f9a52a294803fb34e801,916db21217e921b9faab7d54d51db04be982ba58c3b36752ee25b866e2197f88,916db21217e921b9faab7d54d51db04be982ba58c3b36752ee25b866e2197f88,revised,1,2026-10-03T03:49:10.019535+00:00,False,ko-codex-v1
82blxz,A,5ef235dee704535821b2c7d3ee9b01754e22765aa179bd831c79766759e88773,fca5b5c42c13c291b35d8f1f175c33fe93911c4125024ca92dd08b8c510255d4,fca5b5c42c13c291b35d8f1f175c33fe93911c4125024ca92dd08b8c510255d4,revised,3,2026-10-03T00:38:40.678281+00:00,False,ko-codex-v1
82blxz,B,289da7b1f2e5b616498b5564a030bf9f8027316e1a831f9f65d828550e182a4b,a57d24ea434aeeaaee7e8ca4dc5f47768b12c8cf69541c4b1553910954b02335,a57d24ea434aeeaaee7e8ca4dc5f47768b12c8cf69541c4b1553910954b02335,revised,3,2026-10-03T02:03:37.468437+00:00,False,ko-codex-v1
82renn,A,fd3f579a8d5db6a7ce09dc173a6c69f4bd528f68049324a16b9ae409cb71c087,201c7af0b9d85fba3e10ae31c558e67605ea1d1267fd530af5176e5e5d94859d,201c7af0b9d85fba3e10ae31c558e67605ea1d1267fd530af5176e5e5d94859d,revised,2,2026-10-02T22:57:20.297610+00:00,False,ko-codex-v1
82renn,B,f0b90cc82c46b52050b5da0dc6209e551aa90e7c71172ee97a32a9a53f9b698e,f0b90cc82c46b52050b5da0dc6209e551aa90e7c71172ee97a32a9a53f9b698e,f0b90cc82c46b52050b5da0dc6209e551aa90e7c71172ee97a32a9a53f9b698e,pass,0,2026-10-02T22:44:24.808447+00:00,False,ko-codex-v1
82uasr,A,31dcf7de7103f6a2d97ff1fb49797ec0ab5be3bb5ab2f009d694f2e7849b9a11,958f021f398a77a3c38aa8ced7d51c915415a71c7c6d1bd51aec1bacaf670d39,958f021f398a77a3c38aa8ced7d51c915415a71c7c6d1bd51aec1bacaf670d39,revised,3,2026-10-02T22:45:59.421468+00:00,False,ko-codex-v1
82uasr,B,cf6743fefc83e628df835e2bbeb0f4670f3bc444839000ae24163e8a82e0a93d,edbea5216a818d33a228e445259a2d04d0ea2f675d316fd6c339f3731d225596,edbea5216a818d33a228e445259a2d04d0ea2f675d316fd6c339f3731d225596,revised,2,2026-10-02T23:42:41.048152+00:00,False,ko-codex-v1
860uku,A,df2cb49c77fd376ffe6558d3b6dc49c6889e375398fd47c94df6c38b465e30fe,15c4b7b200c03f17c16cd05eae8c28fd1d22753c6db707de987f65fa38e72b4b,15c4b7b200c03f17c16cd05eae8c28fd1d22753c6db707de987f65fa38e72b4b,revised,3,2026-10-03T07:53:35.131064+00:00,False,ko-codex-v1
860uku,B,85a9363d0a4301c4eba45f9d3b7cd66762d9d42f00db1a089fb7f84ee59cfc28,f4dc343ba50f04eff44e497c7a27b30210164d11622d7eca62417d2f9f74fd6d,f4dc343ba50f04eff44e497c7a27b30210164d11622d7eca62417d2f9f74fd6d,revised,5,2026-10-03T03:34:33.817164+00:00,False,ko-codex-v1
8a1d6s,A,e23017e31b74b617e638de53c2e0423b996e22f18e6dc7acb46ca5a4f7eb34d0,f1561b5d2bfd8eb980e89391009624a45ed448d1f29c4cbe1e4044724553eaf5,f1561b5d2bfd8eb980e89391009624a45ed448d1f29c4cbe1e4044724553eaf5,revised,2,2026-10-02T21:44:08.919938+00:00,False,ko-codex-v1
8a1d6s,B,91dbeb5107662ed55e464547ddf78874151056eabc28983a35ac1f8c2e0aa79a,91dbeb5107662ed55e464547ddf78874151056eabc28983a35ac1f8c2e0aa79a,91dbeb5107662ed55e464547ddf78874151056eabc28983a35ac1f8c2e0aa79a,pass,0,2026-10-03T00:22:21.700162+00:00,False,ko-codex-v1
8bv25y,A,688948939d50219092a1e50ad441dd45e0891f1073ab83104159be68c9d3a425,55e96ee56e43075606b6da5cba40ebed604ac9daefb4129dd9a1d8be5332d9c8,55e96ee56e43075606b6da5cba40ebed604ac9daefb4129dd9a1d8be5332d9c8,revised,4,2026-10-03T07:36:55.235432+00:00,False,ko-codex-v1
8bv25y,B,786095578c10a70afd9e358003a77ab7356255978034b1e22ac3c21e6500eeff,149040c0252d30c6ba2c76f3c786e514713829540001bffd340b533b3809f5f5,149040c0252d30c6ba2c76f3c786e514713829540001bffd340b533b3809f5f5,revised,2,2026-10-03T00:42:26.890549+00:00,False,ko-codex-v1
8dkmbc,A,85686de2f216f14e644096d9e89e2f50ad5490391aa1c00cd31fd73ee6cbdde8,dd0cb4b441f8bede809647c12c1e5883d899fe62f7d06755b928b1031428cb8a,dd0cb4b441f8bede809647c12c1e5883d899fe62f7d06755b928b1031428cb8a,revised,2,2026-10-03T00:51:57.970249+00:00,False,ko-codex-v1
8dkmbc,B,ade8777e1e48472bdf40e1959bd085775f69163d212c743e2baeb08c993481e1,ade8777e1e48472bdf40e1959bd085775f69163d212c743e2baeb08c993481e1,ade8777e1e48472bdf40e1959bd085775f69163d212c743e2baeb08c993481e1,pass,0,2026-10-03T04:33:04.447667+00:00,False,ko-codex-v1
8dy5md,A,84365956375b6f05c66d98c1bbcc13a2671a5081d0f01da04a3e0a8970c49ea1,525367c3e07e2da4f4aab51d73d4e6918d05f2228ec3f8f8692924af0362c219,525367c3e07e2da4f4aab51d73d4e6918d05f2228ec3f8f8692924af0362c219,unresolved,4,2026-10-03T05:59:58.855958+00:00,False,ko-codex-v1
8dy5md,B,c1e7a4fa61ece19021ba5b20b9610f5a3427f7ac861614667f5b1d204ca7be89,aa3eda285887e043e60a8765ee309e8dbf6adb2156ca892d87f47e4df42465dc,aa3eda285887e043e60a8765ee309e8dbf6adb2156ca892d87f47e4df42465dc,revised,2,2026-10-03T11:15:54.463532+00:00,False,ko-codex-v1
8ecc1z,A,df1992bf5de161816837b4596704a5b67e4e1b84c52ed8dc49ce302002ad5c56,b44f511e6c8d18ccdffa92a4b8a5bbbff3e8980e3498205bbaaa7c13226eb9c6,b44f511e6c8d18ccdffa92a4b8a5bbbff3e8980e3498205bbaaa7c13226eb9c6,revised,1,2026-10-03T03:32:53.530933+00:00,False,ko-codex-v1
8ecc1z,B,3d7f31e8a040ae600b765a81865430f2e58701e1043bcaa67564838c04b4dd71,3b26986ad24ce29555f35c171f7b4d9003c00b484aa3d5f072abc3cc55d091e8,3b26986ad24ce29555f35c171f7b4d9003c00b484aa3d5f072abc3cc55d091e8,revised,2,2026-10-03T06:19:24.223621+00:00,False,ko-codex-v1
8iiwtz,A,166efbd8461e5b15ae23e786bd364971f4ea32c9e42290918efe3bc21e22648c,5b61b3f565a4121ff76a091551303ba27e704b3e248518471e9068073db12c36,5b61b3f565a4121ff76a091551303ba27e704b3e248518471e9068073db12c36,revised,5,2026-10-03T04:30:58.427161+00:00,False,ko-codex-v1
8iiwtz,B,d7932220838d0cc7844bd5adfc845448c71ad10158d56ab2e9264ebbd356a1a2,5498a4510066d69561df5e8067dc01e2afa9b45be062fa3ceac46d61117d0bef,5498a4510066d69561df5e8067dc01e2afa9b45be062fa3ceac46d61117d0bef,revised,3,2026-10-03T01:09:22.050811+00:00,False,ko-codex-v1
8jyoju,A,b43b16c502e3992277616f1bd53a8897cf054433b86400039064730cdf5373c4,4e467f1d656f36bb45a5bd817a8c4be2ce9d06df8998eb8be32d38e682b88a1b,4e467f1d656f36bb45a5bd817a8c4be2ce9d06df8998eb8be32d38e682b88a1b,revised,3,2026-10-03T11:28:05.178764+00:00,False,ko-codex-v1
8jyoju,B,0f57fb4d8a82280c097f1b6347db6aabbdd0c797f51e0d7fa4d14d0823ce0a85,415faa2a62ef70b0798ecff18185c77a041fb46d13bc92d25cf6168c42659c85,415faa2a62ef70b0798ecff18185c77a041fb46d13bc92d25cf6168c42659c85,revised,3,2026-10-03T04:31:30.067423+00:00,False,ko-codex-v1
8ml9pk,A,a5a4d1dac5a464bb2242dc639b857db19c1a1d52c4694f8d259b1bfe0fe4fc1a,a5a4d1dac5a464bb2242dc639b857db19c1a1d52c4694f8d259b1bfe0fe4fc1a,a5a4d1dac5a464bb2242dc639b857db19c1a1d52c4694f8d259b1bfe0fe4fc1a,pass,0,2026-10-03T00:36:34.660588+00:00,False,ko-codex-v1
8ml9pk,B,0e32015e0dad50f3523decb401d67d485fcb767334aaa62299b4751079c5c36c,0e32015e0dad50f3523decb401d67d485fcb767334aaa62299b4751079c5c36c,0e32015e0dad50f3523decb401d67d485fcb767334aaa62299b4751079c5c36c,pass,0,2026-10-02T23:12:30.411400+00:00,False,ko-codex-v1
8o0t97,A,86a6c0ae345d9773e84da258cccbdc5cbe7d104493a4235988c742bf2453186e,b722d422e5b2f361c34dc0d0c4aea74d4247006f53777f28710fa74900d504ce,b722d422e5b2f361c34dc0d0c4aea74d4247006f53777f28710fa74900d504ce,revised,5,2026-10-02T22:56:56.578442+00:00,False,ko-codex-v1
8o0t97,B,50e6dc43bd6abb5b6c30900da00791bfe25be8a7438bef32e45dbe5ffbf1ddfc,d5917cf1e3027687a9b8094fae0737b4efc3dc49073d286579500813b058c57c,d5917cf1e3027687a9b8094fae0737b4efc3dc49073d286579500813b058c57c,revised,4,2026-10-03T12:21:19.316712+00:00,False,ko-codex-v1
8qfzv8,A,5d8b2368c0aa12ca544b2178a8868001781b13ad8bd0e870c238d8129f95acbd,5d8b2368c0aa12ca544b2178a8868001781b13ad8bd0e870c238d8129f95acbd,5d8b2368c0aa12ca544b2178a8868001781b13ad8bd0e870c238d8129f95acbd,pass,0,2026-10-03T00:16:02.570522+00:00,False,ko-codex-v1
8qfzv8,B,19307cb0915340bd481709a5b91e01a5f97e93297f70e134a68321c471c0319e,e2fbeb5eb2ff9994a241357e9f8fdfd231002dbda084dec87c45ccc3f4e6a6a9,e2fbeb5eb2ff9994a241357e9f8fdfd231002dbda084dec87c45ccc3f4e6a6a9,revised,3,2026-10-03T11:14:49.800023+00:00,False,ko-codex-v1
8tltdo,A,0570599ae9c4784ba89b4094d0dc49ddabb7b49d45a87be0809144d06388d2a5,47ed1c97e6fe369e0b49e06b84d4828c38fe5e8d1c3c147c04a5dbd8019abbfe,47ed1c97e6fe369e0b49e06b84d4828c38fe5e8d1c3c147c04a5dbd8019abbfe,revised,1,2026-10-03T12:15:49.096381+00:00,False,ko-codex-v1
8tltdo,B,b3b5c420626c3f47d6a211141482d01101b5be304462772a85336d3beb3ccb8c,6aae2b80f7e4241332a1ace67f898208b81b03f459807eaa9c927ac8cef87d4b,6aae2b80f7e4241332a1ace67f898208b81b03f459807eaa9c927ac8cef87d4b,revised,1,2026-10-03T10:41:10.673026+00:00,False,ko-codex-v1
8vfd2w,A,ee4f2c9e05d7fbcd0068e86b2fe299029ad996388d9ff3c0e74f3c363487afc3,4ed54371be4066fb8773b874de1472eab8f12b9a0b6c36f43481627146cfbba8,4ed54371be4066fb8773b874de1472eab8f12b9a0b6c36f43481627146cfbba8,revised,3,2026-10-03T00:41:31.999901+00:00,False,ko-codex-v1
8vfd2w,B,57386ac43b12e861d9e8c102991aec6141a6d6b31315b8ac04f38aa5a22e5fae,154c07d524279b9fa08dec8ddce58506ce489c0c4a50003fd3231dc524411497,154c07d524279b9fa08dec8ddce58506ce489c0c4a50003fd3231dc524411497,revised,4,2026-10-03T08:17:22.596263+00:00,False,ko-codex-v1
8z8045,A,75291c74982a743c002006e161d291d21f6d81d638d9a2c13a03c6b4118c9fa2,151f6571ebe40272d9e80a510eedda5815e3d09bc987f87d899e9ba4f994d7e3,151f6571ebe40272d9e80a510eedda5815e3d09bc987f87d899e9ba4f994d7e3,revised,2,2026-10-03T03:25:48.283852+00:00,False,ko-codex-v1
8z8045,B,a5e50bcea5f988f562b1ae867ed8df96647715d628d4b1d208f90e68a2b0fc2f,3101aa1e1f4ca1535bf203e9a52ac657213693727433c500f9a94d981ad1f8cd,3101aa1e1f4ca1535bf203e9a52ac657213693727433c500f9a94d981ad1f8cd,revised,3,2026-10-03T02:37:06.860475+00:00,False,ko-codex-v1
90cxda,A,b30c3a7196c432a32fecd0d96a25fa518187532a3bb97f87f28d05220c180cfe,2de8266d8c5beb276fc0584a0c37fe3884850e97d5e246db02efcb48fc6dd10c,2de8266d8c5beb276fc0584a0c37fe3884850e97d5e246db02efcb48fc6dd10c,revised,1,2026-10-03T07:49:16.405046+00:00,False,ko-codex-v1
90cxda,B,9a092066110d2249217f8d49fbf4bdd7a80dfd7157db4c749007ab5f399cc5de,a779133fd189a6b01e072d3f514758f593028ffbe4361c47560e81ec5655d030,a779133fd189a6b01e072d3f514758f593028ffbe4361c47560e81ec5655d030,revised,2,2026-10-03T05:32:39.812647+00:00,False,ko-codex-v1
92n7xx,A,51b3bde570bb7fc6fcc020d871e6c913177b75f47d4583832f44cfe9b1cec78f,7bdea1db2bee643c8f15fe902aa330d28836ccb755c3442f68e3cd148c6fdc8f,7bdea1db2bee643c8f15fe902aa330d28836ccb755c3442f68e3cd148c6fdc8f,revised,1,2026-10-02T22:17:55.986342+00:00,False,ko-codex-v1
92n7xx,B,88713b5d3cbc05404ea659947ee29a787cb66d302a8bee2029b995e9ca5bdea2,88713b5d3cbc05404ea659947ee29a787cb66d302a8bee2029b995e9ca5bdea2,88713b5d3cbc05404ea659947ee29a787cb66d302a8bee2029b995e9ca5bdea2,pass,0,2026-10-03T07:56:37.595961+00:00,False,ko-codex-v1
94rrin,A,dd9b4531dbb16fd580bfa35f4c397303c338fc58f73c78d3312e3527239a355f,8ed77766aaeca76d1cb851a41b9fc397f3ba360d9988abd0f5ce5cc9a7db95b9,8ed77766aaeca76d1cb851a41b9fc397f3ba360d9988abd0f5ce5cc9a7db95b9,revised,3,2026-10-03T03:46:26.288534+00:00,False,ko-codex-v1
94rrin,B,da56d58094a9d8eebf3e990032fd7dee6df6342b95a58e8af467fc31430320a4,496fc88bc3ef7dd608567b8f4becf7d24f0a9e0ad8c2c075cfdbe13c1dcd43fe,496fc88bc3ef7dd608567b8f4becf7d24f0a9e0ad8c2c075cfdbe13c1dcd43fe,revised,1,2026-10-03T05:31:30.168373+00:00,False,ko-codex-v1
96src6,A,6dbccbef823403cb78469c1f89033267551c4f622778215c3cdbe12923fca0c2,6dbccbef823403cb78469c1f89033267551c4f622778215c3cdbe12923fca0c2,6dbccbef823403cb78469c1f89033267551c4f622778215c3cdbe12923fca0c2,pass,0,2026-10-03T02:24:12.124645+00:00,False,ko-codex-v1
96src6,B,61654dfa54d57dbb0e0a797ac694e21476445a1fe26ad5a0eb509844080c5f10,3f55f18356b9c8f645cebb20ebd301f698a68278159c7bc185bff26e62b93a41,3f55f18356b9c8f645cebb20ebd301f698a68278159c7bc185bff26e62b93a41,revised,3,2026-10-03T07:34:27.038083+00:00,False,ko-codex-v1
98a3sy,A,8461faa2faf0627b2cac5778eb2dbc26530055b67a28ba9fd4454d9ab02f7a5c,2c9612e2c142488855b3dd54cd62a85583e7b6db9915e10f2cee23fda293a9cc,2c9612e2c142488855b3dd54cd62a85583e7b6db9915e10f2cee23fda293a9cc,revised,1,2026-10-03T03:51:53.498542+00:00,False,ko-codex-v1
98a3sy,B,aa37e2f93663a610bafe1b1687b48592636e8bf9a8057a9e763f83572f7336ce,4b05a6a50b89b1d7aa2c02c6a14cbab5375088d7b06a1db664c2e81fe5e1ccee,4b05a6a50b89b1d7aa2c02c6a14cbab5375088d7b06a1db664c2e81fe5e1ccee,revised,2,2026-10-03T11:44:34.534604+00:00,False,ko-codex-v1
99d35e,A,90a18e82a17ba742c674c1bd8bdb25dcf917bc9b19c4b512e0b37fa41b895297,ecf7e9c61ed3c5f54cbf129bfa1a1e48edb5759e7e4184ecd60153e338e3b6ec,ecf7e9c61ed3c5f54cbf129bfa1a1e48edb5759e7e4184ecd60153e338e3b6ec,revised,3,2026-10-03T00:01:06.958129+00:00,False,ko-codex-v1
99d35e,B,fd160a16512a58907fb2e0affa92cfb1b8a6853bd45a4af2c03fe8f010432755,fd160a16512a58907fb2e0affa92cfb1b8a6853bd45a4af2c03fe8f010432755,fd160a16512a58907fb2e0affa92cfb1b8a6853bd45a4af2c03fe8f010432755,pass,0,2026-10-03T03:53:50.117418+00:00,False,ko-codex-v1
9a7ske,A,972e89dad5f9cefef760416ff6d6e2e34800088c7c0429dc384840baf79dd4c7,5efa97e2d87f6533388c396ba2173a51406c9ad0e45de7f8391490436e9b5597,5efa97e2d87f6533388c396ba2173a51406c9ad0e45de7f8391490436e9b5597,revised,3,2026-10-03T01:48:05.195646+00:00,False,ko-codex-v1
9a7ske,B,3b433067035e356b6cf6b9be448ea8d704bb55e65f455061b7fda4a1b04c4d64,9ea90ec2df981a6459434fdcbc6c082eb4c2a51db3f80a7d1e878f137c1f439b,9ea90ec2df981a6459434fdcbc6c082eb4c2a51db3f80a7d1e878f137c1f439b,revised,2,2026-10-03T07:10:10.939900+00:00,False,ko-codex-v1
9ao5ss,A,47d9b72c878553566c8e5b51ca33e96fc910a59b4e19352ddf51bfa9404d5d51,7d22cb40fd9f5997edf2274316387bde8ab5d618cf509d7f79fa956dc6a22425,7d22cb40fd9f5997edf2274316387bde8ab5d618cf509d7f79fa956dc6a22425,revised,6,2026-10-03T05:10:14.500985+00:00,False,ko-codex-v1
9ao5ss,B,6027ed62271c636bef727bcc3c0cc675fe1f41c0988faad878bec72bc1c4cd41,c1a726cb56c709ecfb94d2797b3f935bbf65c770ab38940a17322ef099f42a4a,c1a726cb56c709ecfb94d2797b3f935bbf65c770ab38940a17322ef099f42a4a,revised,2,2026-10-03T02:20:58.117538+00:00,False,ko-codex-v1
9fe4j5,A,71eea492ab96065bbef8be60d0b881d5fb9628a4fd78476e6d3cb9ebb3949744,cef71ccb18b0904643fd53bd9cde14e3a7a5336dc633efcd942cbfc26e916ec4,cef71ccb18b0904643fd53bd9cde14e3a7a5336dc633efcd942cbfc26e916ec4,revised,2,2026-10-03T10:49:55.693024+00:00,False,ko-codex-v1
9fe4j5,B,86e4b49371043012ce22ccf9ae8685992dd3a07053e23fdc8c53e2f1226d4872,5b15c16a3e461a6e63aeb81c6555d2a9ae377b55a9f9a306d34e46f55bec31f2,5b15c16a3e461a6e63aeb81c6555d2a9ae377b55a9f9a306d34e46f55bec31f2,revised,4,2026-10-02T23:39:10.621042+00:00,False,ko-codex-v1
9gbo9y,A,ea7d0f36c3af0e8d9d91abc8a91c7dfd0b49ad0af4251d70b6d034de4a045ab5,ea7d0f36c3af0e8d9d91abc8a91c7dfd0b49ad0af4251d70b6d034de4a045ab5,ea7d0f36c3af0e8d9d91abc8a91c7dfd0b49ad0af4251d70b6d034de4a045ab5,pass,0,2026-10-03T00:22:47.495018+00:00,False,ko-codex-v1
9gbo9y,B,45b23e8f514715834ece04fdb4ae4ff6e1f3d69761cdd36a45d370de341ce0d1,45b23e8f514715834ece04fdb4ae4ff6e1f3d69761cdd36a45d370de341ce0d1,45b23e8f514715834ece04fdb4ae4ff6e1f3d69761cdd36a45d370de341ce0d1,pass,0,2026-10-03T05:35:57.703542+00:00,False,ko-codex-v1
9gbyhi,A,2df000fb708acd5288cfd2c773a1673e33b7fed05fe5553b3cd09a13c6b9e1df,83a1e624046f88720eb11bef22630ebbb7ed88cded6b3a1cb4869a3a77682f21,83a1e624046f88720eb11bef22630ebbb7ed88cded6b3a1cb4869a3a77682f21,revised,3,2026-10-03T12:22:53.652999+00:00,False,ko-codex-v1
9gbyhi,B,5c1c416e3a7c0bf419f4b51d57beb8de4a34d50ce7fffe81cd0f707dfab15d4b,937a9d72f165cbc5465f8022beb3907d0d204d7c0d2da03295e403e43dccf859,937a9d72f165cbc5465f8022beb3907d0d204d7c0d2da03295e403e43dccf859,revised,3,2026-10-03T08:12:54.433027+00:00,False,ko-codex-v1
9goy3w,A,450655b338c214801ec5d1f9034634d60543177e44ffabdd0f59a3c7e39033fd,b370ab7611066a466a35af53f3689d658cf57fd845264d84aad66701e651aba4,b370ab7611066a466a35af53f3689d658cf57fd845264d84aad66701e651aba4,revised,3,2026-10-03T02:52:37.738972+00:00,False,ko-codex-v1
9goy3w,B,2ce82a15eec75e1c668e1805ffe1f17cd9c7672da12d817ef270fa3581c73448,e0474bcf122932d7219cfb4f9a6fb4b407d326925a43ffe77e9253baa0fcd0ba,e0474bcf122932d7219cfb4f9a6fb4b407d326925a43ffe77e9253baa0fcd0ba,revised,1,2026-10-03T04:51:52.833545+00:00,False,ko-codex-v1
9kirt8,A,ca137fbeef079baf5a78608888763545101b2424b9b7ded4de94f638e8e8e0e7,d7fc9457c8d139f5eccaf1edd8ded057b522b0c776e4ebffeda30982a8f1834d,d7fc9457c8d139f5eccaf1edd8ded057b522b0c776e4ebffeda30982a8f1834d,revised,6,2026-10-03T11:43:27.953330+00:00,False,ko-codex-v1
9kirt8,B,ecfdf2c060220fd8e6f2b04df1f7a8cb4c6ab4cb60c2fd1b70a5bcddd2f01446,c08ba330a7cc0ab45de8548d1d9e392d0ef522e25013df5f659c64edc76a702d,c08ba330a7cc0ab45de8548d1d9e392d0ef522e25013df5f659c64edc76a702d,revised,3,2026-10-03T07:57:05.480828+00:00,False,ko-codex-v1
9l5npk,A,50194e73f24b284a2ac06eb24518353180c5390ed64343cec97c949bc3b5b259,e1fb5c39513a928d998b91de976a2cbc408506a2c2f8e785437eaadd582c54cd,e1fb5c39513a928d998b91de976a2cbc408506a2c2f8e785437eaadd582c54cd,revised,6,2026-10-02T22:37:29.836935+00:00,False,ko-codex-v1
9l5npk,B,ae7499418554b9a35939033c634ab9949522766b64c7956a26faa959eedffe2c,8c8dfbdadc802ce09e2b1294df3a533070340624a59d38db545606a0d3771cf2,8c8dfbdadc802ce09e2b1294df3a533070340624a59d38db545606a0d3771cf2,revised,4,2026-10-03T06:17:40.648289+00:00,False,ko-codex-v1
9mcpx8,A,be0420fe6f0edfbf8bd1be19c5620ce7225a450ce40c5b1e45fcd9fd346efe42,831208144a2943ee7ced55c222940758f3f2e5edb478dabee75cb087f0dfb4b5,831208144a2943ee7ced55c222940758f3f2e5edb478dabee75cb087f0dfb4b5,revised,4,2026-10-03T00:17:27.059791+00:00,False,ko-codex-v1
9mcpx8,B,d310afcaa553416a5c3c4e5de3f899d1dcf965aa15c51871fc0c4a6a12151654,d310afcaa553416a5c3c4e5de3f899d1dcf965aa15c51871fc0c4a6a12151654,d310afcaa553416a5c3c4e5de3f899d1dcf965aa15c51871fc0c4a6a12151654,pass,0,2026-10-02T22:10:44.769085+00:00,False,ko-codex-v1
9nfb03,A,63fea6a2c29279b27d8ff571b53838ae162f15581556124f6eba005075ff5858,758bd1d275d5aa83adcae14554720b7875e3ca354c5413428f180873c088175b,758bd1d275d5aa83adcae14554720b7875e3ca354c5413428f180873c088175b,revised,1,2026-10-03T03:00:21.958778+00:00,False,ko-codex-v1
9nfb03,B,4fddef1a57ac2eeb4c049c9b44ad70f7d9a6e602cc4f29afaa54d253f9499259,2a0c4f520c598b87dd9dce9c37e716aa4a3f98567b5ae509de9c2a161c8ee76f,2a0c4f520c598b87dd9dce9c37e716aa4a3f98567b5ae509de9c2a161c8ee76f,revised,1,2026-10-03T02:22:40.367304+00:00,False,ko-codex-v1
9owvo4,A,2785a55c44d60f035e0e674d40cf178a42a087990c1e336493bb6bfcad0ac267,fce4c94a7fb9b6e6d21120c19f326e5a6fac82b5cc6842e3999dc5e45e1bcd01,fce4c94a7fb9b6e6d21120c19f326e5a6fac82b5cc6842e3999dc5e45e1bcd01,revised,2,2026-10-03T11:06:05.186142+00:00,False,ko-codex-v1
9owvo4,B,f7dcf00f79fb62eda03434ec0ac35e6cd6725653796beee6fbbf81ed34309f30,f7dcf00f79fb62eda03434ec0ac35e6cd6725653796beee6fbbf81ed34309f30,f7dcf00f79fb62eda03434ec0ac35e6cd6725653796beee6fbbf81ed34309f30,pass,0,2026-10-03T07:39:37.112955+00:00,False,ko-codex-v1
9p1400,A,f44d86f1d733eea12d1b8f4fda776832465dc1b64d0374f8c754e8dc07b84848,003a8d9e418bf99745ffe25546cc26e8f59c9624d0b3214d3a06e490625baa1e,003a8d9e418bf99745ffe25546cc26e8f59c9624d0b3214d3a06e490625baa1e,revised,4,2026-10-03T12:31:20.248840+00:00,False,ko-codex-v1
9p1400,B,aaa7835defab7e988caab6a8ec53e356a561b54d96f7607da05059376116acb0,aaa7835defab7e988caab6a8ec53e356a561b54d96f7607da05059376116acb0,aaa7835defab7e988caab6a8ec53e356a561b54d96f7607da05059376116acb0,pass,0,2026-10-02T23:46:37.208922+00:00,False,ko-codex-v1
9p7m8t,A,89eacb953e6ccaafa7489f39ff9b8f12e3708cf76f6a12b822705c135859df55,04f98851107a5d8075f162b4d50f9e802ef24ff0c5d404c8cba89af27409120b,04f98851107a5d8075f162b4d50f9e802ef24ff0c5d404c8cba89af27409120b,revised,4,2026-10-03T03:58:41.537726+00:00,False,ko-codex-v1
9p7m8t,B,f84782ebccdf77bc9932aff87bc64705444b546e7f990cd47163cb06f4945bf7,eb6b2f1104e8da4c99d332162511640ba2a73f1c4404bfc6aa4929a4211db1d7,eb6b2f1104e8da4c99d332162511640ba2a73f1c4404bfc6aa4929a4211db1d7,revised,3,2026-10-02T21:30:15.825167+00:00,False,ko-codex-v1
9pq5ip,A,d282b68076ef253b1c0773ecef4c6ff7333ae03c10a70b5b7d6ddf30b03c19de,99d8dd2bd5bc31ed707ceb250ff3492f27088ef99b825768c10728ab2555add4,99d8dd2bd5bc31ed707ceb250ff3492f27088ef99b825768c10728ab2555add4,revised,8,2026-10-03T04:05:16.753901+00:00,False,ko-codex-v1
9pq5ip,B,02e85bdb27b1cc9e6938bea408ab1a76691d855e3b199efce32c2e98108aeab2,b17bdd257b056641f780128cb4446fa921ae4a2454021af074b18408aa897707,b17bdd257b056641f780128cb4446fa921ae4a2454021af074b18408aa897707,revised,1,2026-10-02T23:12:00.131434+00:00,False,ko-codex-v1
9q1t1s,A,48273f3337c37e03f4eb317dd1272e73a8b04e3e676007ee539274edde7b413b,48273f3337c37e03f4eb317dd1272e73a8b04e3e676007ee539274edde7b413b,48273f3337c37e03f4eb317dd1272e73a8b04e3e676007ee539274edde7b413b,pass,0,2026-10-02T21:34:39.587500+00:00,False,ko-codex-v1
9q1t1s,B,786591308d68f0158be7f24babc04c231874cdd1036f279d59f1ad033d8a09f2,d1ab9c6d9113ec1e65a8f1f6e81df363132d8d4f6f01e161ce92cfb6e615d3a2,d1ab9c6d9113ec1e65a8f1f6e81df363132d8d4f6f01e161ce92cfb6e615d3a2,revised,3,2026-10-02T23:55:20.905291+00:00,False,ko-codex-v1
9qebi9,A,c18dfcb1db29aabffa1472c697f08c91ead7e9b93670b06f7223a1c014147ad9,1526471a7844fc70f943548ee6c1af4908a400276bdf0671889b031989e591e0,1526471a7844fc70f943548ee6c1af4908a400276bdf0671889b031989e591e0,revised,5,2026-10-02T21:47:44.325333+00:00,False,ko-codex-v1
9qebi9,B,deadc4aa4ac84a203017b7e2bf20b19d93cd40fb33adab5f0aae9324da8de938,17934e9522a68e426ece8e3fb18f9814b2c3e3cb4586943b74c4c6ffb76f86cc,17934e9522a68e426ece8e3fb18f9814b2c3e3cb4586943b74c4c6ffb76f86cc,revised,3,2026-10-03T07:47:12.622070+00:00,False,ko-codex-v1
9qexan,A,51c5419ed0d23ee7d9fc15154ed5d1d3e500817d53f6be1cb5afa3b4cdff4360,51c5419ed0d23ee7d9fc15154ed5d1d3e500817d53f6be1cb5afa3b4cdff4360,51c5419ed0d23ee7d9fc15154ed5d1d3e500817d53f6be1cb5afa3b4cdff4360,pass,0,2026-10-03T08:23:17.386073+00:00,False,ko-codex-v1
9qexan,B,37581b9c64c8357df2795975bfe90ded9b5fbc0edb0d371cee7386eee5fe2d43,37581b9c64c8357df2795975bfe90ded9b5fbc0edb0d371cee7386eee5fe2d43,37581b9c64c8357df2795975bfe90ded9b5fbc0edb0d371cee7386eee5fe2d43,pass,0,2026-10-03T08:24:36.201313+00:00,False,ko-codex-v1
9qpvt6,A,18b5536a0fd286c8424fd5324114ffa9e3fd535f249ec6b38f065a2a3d32213f,18b5536a0fd286c8424fd5324114ffa9e3fd535f249ec6b38f065a2a3d32213f,18b5536a0fd286c8424fd5324114ffa9e3fd535f249ec6b38f065a2a3d32213f,pass,0,2026-10-03T04:14:50.000172+00:00,False,ko-codex-v1
9qpvt6,B,68ab8a170fb5d8ae23ff138668a8152eb69861e0dd5be4ac7c6fa64ac2d5f464,68ab8a170fb5d8ae23ff138668a8152eb69861e0dd5be4ac7c6fa64ac2d5f464,68ab8a170fb5d8ae23ff138668a8152eb69861e0dd5be4ac7c6fa64ac2d5f464,pass,0,2026-10-03T05:13:29.160590+00:00,False,ko-codex-v1
9qubt3,A,e09a15f46c904d2e643ddbfad41e41af10b61e20ed3780e02fd7351fcca5219d,e4f39df0227f097eeb4a4678176a5bc187fbcfb02dc7f989ee80bd2f38db2bb4,e4f39df0227f097eeb4a4678176a5bc187fbcfb02dc7f989ee80bd2f38db2bb4,revised,3,2026-10-03T03:50:56.744040+00:00,False,ko-codex-v1
9qubt3,B,650ab1baf45592f5f1473b300668158fcaa4537276e9bdbf290a064aa41cadab,dfd2924ce48bcb29aab5531e7f7d973c22e81be095c7d5722ebc2e2e8bb8115b,dfd2924ce48bcb29aab5531e7f7d973c22e81be095c7d5722ebc2e2e8bb8115b,revised,4,2026-10-03T11:24:18.965840+00:00,False,ko-codex-v1
9r3zy5,A,b759c7343fb37986884ffa1d6d02e9be839bf2283d1953a9ec0dae3408218316,115df5fa5dbca66bf484115bf320ed4b4496def5fb3f44411834b8f895c1397c,115df5fa5dbca66bf484115bf320ed4b4496def5fb3f44411834b8f895c1397c,revised,4,2026-10-02T22:14:36.617931+00:00,False,ko-codex-v1
9r3zy5,B,53b17c42656f4d8b358f4028e32c0401c06c45e94992bb2d2d5cc550d7f298a5,d38023524e31ef93af7d19d98d4d79e72c1c8452ad2e53185177f87bf6bf35d0,d38023524e31ef93af7d19d98d4d79e72c1c8452ad2e53185177f87bf6bf35d0,revised,1,2026-10-03T08:35:16.651263+00:00,False,ko-codex-v1
9r4pjq,A,e4abccaefeeba15b9f4c5c9bd17b82e9071e591f896ee9d4c78b697553179418,fd8f397690c4b6fbd0a9ed79dc9beaa54b4305c29ea5d74f0bdb5eb665c2b4e5,fd8f397690c4b6fbd0a9ed79dc9beaa54b4305c29ea5d74f0bdb5eb665c2b4e5,revised,4,2026-10-03T02:20:51.376417+00:00,False,ko-codex-v1
9r4pjq,B,3c5272f65837e488a529ffda00430b9e689ade90e5213ec0eff450874fc6ea4e,4526068d985fd76f6211b6a8b2461d29f05913c23aeb5002448debabc59559c4,4526068d985fd76f6211b6a8b2461d29f05913c23aeb5002448debabc59559c4,revised,5,2026-10-03T02:36:30.970580+00:00,False,ko-codex-v1
9r76fm,A,b579f02407e4febeba996879d7d72a1b2c72fbcd02ec218cfb583de45f69520d,070f51306cd40bfd78e0b7e11fec8b0093081394808f82aa93b4025f474ea551,070f51306cd40bfd78e0b7e11fec8b0093081394808f82aa93b4025f474ea551,revised,6,2026-10-03T07:32:03.011001+00:00,False,ko-codex-v1
9r76fm,B,f433ad6b29a51c9d262123d7414938552be3be883512717dee9dbbd287feaee5,22f841701440c418083782f3a8524bc2f8ff7867e07239aeb190e5f999657eef,22f841701440c418083782f3a8524bc2f8ff7867e07239aeb190e5f999657eef,revised,3,2026-10-03T07:54:31.159545+00:00,False,ko-codex-v1
9ruyvg,A,3827236d9e0f2d0fdb96df1b0327b7d7d8c2a6b42ad86ea69916f0405cdb017d,4d97b42c32f632865d1fea6bdd35aca4aba37ce371b1101d9bfc2157c0cd4218,4d97b42c32f632865d1fea6bdd35aca4aba37ce371b1101d9bfc2157c0cd4218,revised,6,2026-10-03T08:47:47.101008+00:00,False,ko-codex-v1
9ruyvg,B,3fb41c7fb0b089270c9215f27c0aab86c3754f8e483dbebfaf39699742ddd17c,aa881e523c99ddae2600d32f5aeb33529e5b7d59b4ca57c752b4884652e790da,aa881e523c99ddae2600d32f5aeb33529e5b7d59b4ca57c752b4884652e790da,revised,3,2026-10-02T21:38:41.644100+00:00,False,ko-codex-v1
9s99k6,A,6e766eb26f110aa39068b657a21fbdaf52638196f0fb63584b53038fe9825c83,ba1e6fd9b21b854f8fc7ad6316007bcdf595cce4f5ff77971bde144a60e66e59,ba1e6fd9b21b854f8fc7ad6316007bcdf595cce4f5ff77971bde144a60e66e59,revised,4,2026-10-03T08:12:22.660192+00:00,False,ko-codex-v1
9s99k6,B,e95a27d98492064b65e764a28d21b728ba0c4cf12f9f964bdb8f647f4d211f07,155401674a324299e2941d68a0ad0fb458584982e6fa9b67eb330705a7d1f493,155401674a324299e2941d68a0ad0fb458584982e6fa9b67eb330705a7d1f493,revised,3,2026-10-03T07:14:35.587756+00:00,False,ko-codex-v1
9swcnp,A,5b75fcc3b204af8e815a0926328133bbbe2e7569ef1c8ec0147abbe99d89a72e,2407354584222fe17f94518d87139cc545da241e87ab3b58a5abd1090c46df51,2407354584222fe17f94518d87139cc545da241e87ab3b58a5abd1090c46df51,revised,3,2026-10-02T21:45:49.507314+00:00,False,ko-codex-v1
9swcnp,B,2d7a656b190b21ae6eb646757c09209f8999a62de4d0cc5cd321725448058562,7791856d876f0553495aa153818b0a22dcf998c5c02844a0167b91989ec85058,7791856d876f0553495aa153818b0a22dcf998c5c02844a0167b91989ec85058,revised,1,2026-10-02T22:12:48.019130+00:00,False,ko-codex-v1
9t3t22,A,c94df50f33a01d2e0e247b1d08a0fe27144b89dddbd72ddc72d48bb962037685,cd43a50cb1078df8ebade1f706ad81f795640966eccf55642f4f45620ce61c62,cd43a50cb1078df8ebade1f706ad81f795640966eccf55642f4f45620ce61c62,revised,2,2026-10-02T23:39:37.700387+00:00,False,ko-codex-v1
9t3t22,B,334895f6e9bc4c62e49655d32d461f7f576e20f0902cc3e0c2e81c727fe80021,f9c39d261f91d3f7097c0cde579243e0f42b058caff12c1a0f9499ec5cef9e11,f9c39d261f91d3f7097c0cde579243e0f42b058caff12c1a0f9499ec5cef9e11,revised,2,2026-10-02T22:17:37.027847+00:00,False,ko-codex-v1
9te0gp,A,767ae272fcc8d6429d195d3f27bd1ca8a17123e5442aeaab51134cb4b6c00e0e,d8c7f6e38997eb516999161f6bbc7f2b13234a62ca12433a780f42553e06f609,d8c7f6e38997eb516999161f6bbc7f2b13234a62ca12433a780f42553e06f609,revised,2,2026-10-03T03:18:25.469677+00:00,False,ko-codex-v1
9te0gp,B,45847f997900ce6a22027cc80eea17227696435ae24bab02864fd14eaf5d30c1,f1ed45865495861773fc0831d6083bc705544f7494c3633eeeca20147e870469,f1ed45865495861773fc0831d6083bc705544f7494c3633eeeca20147e870469,revised,5,2026-10-02T21:28:08.550758+00:00,False,ko-codex-v1
9tih57,A,f6d99c8f8958002de926c978fdbef4074a40debb455027c2eb94d8cd8f4c03ca,40cbb760ae60f285d40c8e397eb9ac6575f5b653f450b1038ae4b7c12112c4b2,40cbb760ae60f285d40c8e397eb9ac6575f5b653f450b1038ae4b7c12112c4b2,revised,3,2026-10-03T04:26:27.467200+00:00,False,ko-codex-v1
9tih57,B,2a5617b6768f601c8a69e879eeaf6a3b5389023d923031bfa13a30755cacd62a,94b119d2230ec31895f1075cd45c893b9d2dce91a717ab4002909595a80f6a2c,94b119d2230ec31895f1075cd45c893b9d2dce91a717ab4002909595a80f6a2c,revised,4,2026-10-03T00:35:35.917038+00:00,False,ko-codex-v1
9tr2y9,A,bfc4e79227ad8a52575f97752114cf03fbde9c20afbdec1a4efc84335eebe0fb,20511d3600ab3d9130fbbabb32fbbbfd9e60a569d141ec9135dba564a1f4a60a,20511d3600ab3d9130fbbabb32fbbbfd9e60a569d141ec9135dba564a1f4a60a,revised,1,2026-10-02T23:32:43.918402+00:00,False,ko-codex-v1
9tr2y9,B,edf5208f21f100f2306bb61d593ae056cb6683533a9306bbcaac74a8cd211c7e,edf5208f21f100f2306bb61d593ae056cb6683533a9306bbcaac74a8cd211c7e,edf5208f21f100f2306bb61d593ae056cb6683533a9306bbcaac74a8cd211c7e,pass,0,2026-10-03T08:14:08.455646+00:00,False,ko-codex-v1
9tykdu,A,b1b111a615974a7c9d51c4b27ddd6212fb157850889f622b567bb2f607b4d84a,3c6d9d06d91f7a7c5acfd2ea92dc91493afdbeba190d1d267f0891ca7e782109,3c6d9d06d91f7a7c5acfd2ea92dc91493afdbeba190d1d267f0891ca7e782109,revised,2,2026-10-03T05:13:50.698593+00:00,False,ko-codex-v1
9tykdu,B,7013b99b9e42ff1cb924519a844592b759facbddded1737b4f00afc3e4e4d44a,90b31bfd667cbe8e7ae65f3105ba89783c3373150cb2e4ef092f77c887fa20e8,90b31bfd667cbe8e7ae65f3105ba89783c3373150cb2e4ef092f77c887fa20e8,revised,3,2026-10-03T10:41:33.099135+00:00,False,ko-codex-v1
9u11xy,A,39d742e02cad343b269d6f476af1a7388ca4f1a2c66f1c7d6ccfefc1cdae26d9,9d7c35e72df4cf05fe6712ff5757dcdf88d08cf4ae607f7415aa17884172a3bd,9d7c35e72df4cf05fe6712ff5757dcdf88d08cf4ae607f7415aa17884172a3bd,revised,3,2026-10-03T07:35:13.473457+00:00,False,ko-codex-v1
9u11xy,B,622b6a8688c17336a9699e6e7d8ca8ac4a9c2b6fd58a57304f317b7e550cf456,dcb472679c1989ee6eda5d0f49d6639012d1c50da324a30bdfb4e20b8451b651,dcb472679c1989ee6eda5d0f49d6639012d1c50da324a30bdfb4e20b8451b651,revised,5,2026-10-03T02:07:03.295393+00:00,False,ko-codex-v1
9ubl05,A,48f1da08fe0e1e7fe45297ea616b27291d75db3bf51fec4d14cd818c348e60f6,48f1da08fe0e1e7fe45297ea616b27291d75db3bf51fec4d14cd818c348e60f6,48f1da08fe0e1e7fe45297ea616b27291d75db3bf51fec4d14cd818c348e60f6,unresolved,1,2026-10-03T06:01:18.951886+00:00,False,ko-codex-v1
9ubl05,B,3c7b360c6277dd8c650dbb39e32e11840bdab6ee59e5f523c3f893d27d90e159,3c7b360c6277dd8c650dbb39e32e11840bdab6ee59e5f523c3f893d27d90e159,3c7b360c6277dd8c650dbb39e32e11840bdab6ee59e5f523c3f893d27d90e159,pass,0,2026-10-02T23:55:56.545379+00:00,False,ko-codex-v1
9uk845,A,66999ae24d3a7bd7893a8c8f2381a2b36cb051da25c6567b4092fd798e13b557,8e858ad575c32bdcc8935d25f7b5f66f575739628b13c119760c9050a4e0dcea,8e858ad575c32bdcc8935d25f7b5f66f575739628b13c119760c9050a4e0dcea,revised,2,2026-10-03T01:31:40.035593+00:00,False,ko-codex-v1
9uk845,B,8ba48dd7a920693b421ba5a3a0802b35ea14d659575b9ea76a503d3f1a4738b4,75cfe22f522101b4bdcc70c7d3d6f007588fe9374a865aa9678e63859a2639c9,75cfe22f522101b4bdcc70c7d3d6f007588fe9374a865aa9678e63859a2639c9,revised,2,2026-10-03T04:25:21.569203+00:00,False,ko-codex-v1
9v536v,A,09c5369640227eb7d5a0b84551fbd2b5e7f2b93778bfd45a672261ca1cfce534,3bedd6f76b70b63c34fe8743d8bd125784621e001976698f0898c18a00589a2b,3bedd6f76b70b63c34fe8743d8bd125784621e001976698f0898c18a00589a2b,revised,6,2026-10-03T06:33:23.812043+00:00,False,ko-codex-v1
9v536v,B,867c3153577e16e43a1c744120d43e73819873f3f334beeebdf1e1a3cbbc7b80,aacca6ef41f103d001e449464372061ef55b74cbc55e968d7519876341869a20,aacca6ef41f103d001e449464372061ef55b74cbc55e968d7519876341869a20,revised,4,2026-10-03T01:30:17.343949+00:00,False,ko-codex-v1
9vi2fh,A,d80a4222f4d4f0a8294a83de846b38b8d8b48e64a44c593c14971f485d4c9c93,b62b3081abbfcca448e01dd3bd56220d4791b76b7abf04a33376c1fbc344d478,b62b3081abbfcca448e01dd3bd56220d4791b76b7abf04a33376c1fbc344d478,revised,7,2026-10-03T00:53:11.778500+00:00,False,ko-codex-v1
9vi2fh,B,ac7ebc410ce0fee00c275d2e14fd434f2f0fe7957345e6f675d8e6f5b9baaec9,3cd66e56c04b5b7cdf4379810c667712a30d6bb1d797ff7bb786c997987fbbb6,3cd66e56c04b5b7cdf4379810c667712a30d6bb1d797ff7bb786c997987fbbb6,revised,3,2026-10-03T05:08:27.862872+00:00,False,ko-codex-v1
9vyi45,A,b3ea5c9c302a4bf2c272738ff2c9837e3b0d4756889d33778b22448d5f09bdd6,b3ea5c9c302a4bf2c272738ff2c9837e3b0d4756889d33778b22448d5f09bdd6,b3ea5c9c302a4bf2c272738ff2c9837e3b0d4756889d33778b22448d5f09bdd6,pass,0,2026-10-03T02:02:46.092039+00:00,False,ko-codex-v1
9vyi45,B,952459a46201e8ec38420eb53c03739eea3d570584c6df0d43dcd39542617ba5,952459a46201e8ec38420eb53c03739eea3d570584c6df0d43dcd39542617ba5,952459a46201e8ec38420eb53c03739eea3d570584c6df0d43dcd39542617ba5,pass,0,2026-10-03T08:44:50.984916+00:00,False,ko-codex-v1
9w2qjy,A,64e44cb4a9880da487fe815de1d523860601f9e91729720a2410a9b573722012,6a7a166de993b5cadf061f81f38edd076f2f463b6440717f8266552dfbb2ee93,6a7a166de993b5cadf061f81f38edd076f2f463b6440717f8266552dfbb2ee93,revised,2,2026-10-02T21:38:44.604131+00:00,False,ko-codex-v1
9w2qjy,B,d531d1724e7e06f6b41929c39a9f5d55ea246d2d42d61ed83539e0d6cacff354,885cd50d6d7530e0e34c4d250af532865c3c9ed9ab1fabda48e85e3ffef71c4b,885cd50d6d7530e0e34c4d250af532865c3c9ed9ab1fabda48e85e3ffef71c4b,revised,1,2026-10-03T00:49:29.655382+00:00,False,ko-codex-v1
9w3o4k,A,3a6fb2f266a16f27889cea47b3cbb94c19947a1c1e4015a45d227e8f21a8e371,de99a9dbddfdece2cf57abb48fb78e6f3d4a1859c633db032ab109c907db830a,de99a9dbddfdece2cf57abb48fb78e6f3d4a1859c633db032ab109c907db830a,revised,2,2026-10-03T08:55:21.757559+00:00,False,ko-codex-v1
9w3o4k,B,36697db0c51815dce47832c37c612d3a795481148e0b5428e56b1ee63ca98bfa,a24df697bce02f0aacdf21bedbe052ce1ac46a5d14c6114888a8a0a87edcb671,a24df697bce02f0aacdf21bedbe052ce1ac46a5d14c6114888a8a0a87edcb671,revised,3,2026-10-03T06:17:04.959676+00:00,False,ko-codex-v1
9w8l9c,A,1c61b60d442244764320ab8b4fe497a8dbfc1bb6a469785ab36c65b6eca44e84,aac7b54facb957d214f550f7198f349894d629ae25604e6159ac190a122051dd,aac7b54facb957d214f550f7198f349894d629ae25604e6159ac190a122051dd,revised,4,2026-10-02T22:13:11.872837+00:00,False,ko-codex-v1
9w8l9c,B,a9bd2f78604670887f4f0514008159cdd72b2a8a00bb4dc64e8ecc5cc443d881,6e3b2311effa7b4f7d8a882f562c3d7387beb1af62d9ad6cc3ad55efbe1e0201,6e3b2311effa7b4f7d8a882f562c3d7387beb1af62d9ad6cc3ad55efbe1e0201,revised,3,2026-10-03T07:01:21.832216+00:00,False,ko-codex-v1
9wt806,A,8224b950126edce302b6edd7616c3423645f1e952916457d188a42daadf830bd,d8df55da0762292b7d6b63529a08dbd3909a898c5bea710ceeca76ea2fa77c48,d8df55da0762292b7d6b63529a08dbd3909a898c5bea710ceeca76ea2fa77c48,revised,3,2026-10-03T12:13:59.103938+00:00,False,ko-codex-v1
9wt806,B,744d30bda1f8363a20dca32350cb07c71b8b6c4b322934a14f5d23e8af7392ee,53f2fb8ed11b02c2c5f36ac46de5359ad0cfe09146e5e0da67d7d938d2eac2fc,53f2fb8ed11b02c2c5f36ac46de5359ad0cfe09146e5e0da67d7d938d2eac2fc,revised,3,2026-10-03T07:03:25.290696+00:00,False,ko-codex-v1
9wv8xq,A,324b83971883eedef7da982dc35e75d3a95f836cac47e15ad82bc0de4b32ba94,c736261bb7b54c9ccf0877191edf4a0af6678194c7309fd2e0338ad285bb6e2f,c736261bb7b54c9ccf0877191edf4a0af6678194c7309fd2e0338ad285bb6e2f,revised,3,2026-10-03T03:31:47.951479+00:00,False,ko-codex-v1
9wv8xq,B,b2cf3084ba34c77f46b3b02209e6bdf6c85ab30215f43e469ec69c3f88c7fd11,f255508246d6ef3941fc2f2eacc25e90c0223e92e7672d866c385323ad6cc3a3,f255508246d6ef3941fc2f2eacc25e90c0223e92e7672d866c385323ad6cc3a3,revised,3,2026-10-03T10:52:38.874988+00:00,False,ko-codex-v1
9x7hau,A,912b966472146a7b519d446fa489cd541526f0296aaf441801c5eadd7cdcb528,1c58647e3dc3e7010325977f0a6ec9df01afccba6c2bab2d44d8902d71066142,1c58647e3dc3e7010325977f0a6ec9df01afccba6c2bab2d44d8902d71066142,revised,4,2026-10-03T06:52:26.762868+00:00,False,ko-codex-v1
9x7hau,B,7d7bd428d42c79b2e0c27dcc3223b399c9aaab1a8438b276b4c42505d7123497,7d7bd428d42c79b2e0c27dcc3223b399c9aaab1a8438b276b4c42505d7123497,7d7bd428d42c79b2e0c27dcc3223b399c9aaab1a8438b276b4c42505d7123497,pass,0,2026-10-02T23:35:21.385660+00:00,False,ko-codex-v1
9xqfj1,A,81a49fd2f9d460def44c7cc7672361053656cef5e87547e22da043faab839fd1,c05a199bf58345a30d5a667728e6a0a00489a4ef39ffb89d53a73e8a82ec8954,c05a199bf58345a30d5a667728e6a0a00489a4ef39ffb89d53a73e8a82ec8954,revised,3,2026-10-03T05:15:21.661368+00:00,False,ko-codex-v1
9xqfj1,B,1f295a1879f5f19846165ec84d5094f3b0605836ec2af31c056c623b75286505,c80b235669763177e8dc34186d3d024f87a478ecb042bc1dffb2fd7d67b0ae90,c80b235669763177e8dc34186d3d024f87a478ecb042bc1dffb2fd7d67b0ae90,revised,4,2026-10-03T04:31:58.510163+00:00,False,ko-codex-v1
9xqxxe,A,de548f0090866bfe7be6178fbe2b21ce9eb4f7b24fa745d54037b5d64790a225,41d8c98e89fc89a74dce885ff8dc6a8db18576398bbd6d8533c5c111b6c3d5e8,41d8c98e89fc89a74dce885ff8dc6a8db18576398bbd6d8533c5c111b6c3d5e8,revised,2,2026-10-03T12:15:08.814499+00:00,False,ko-codex-v1
9xqxxe,B,c9dcccf5c2192a20d4201fda6d5650beeab2e0edb8823452e7cc016b6b2e66b1,c9dcccf5c2192a20d4201fda6d5650beeab2e0edb8823452e7cc016b6b2e66b1,c9dcccf5c2192a20d4201fda6d5650beeab2e0edb8823452e7cc016b6b2e66b1,pass,0,2026-10-03T06:26:35.765572+00:00,False,ko-codex-v1
9xrqv9,A,bcc7b3a72236b8158d3ee3387e926e0b1e08986cd53fe2366218183dce882bcf,505ddf8455a1fbec1e0844e6391a64d0dfe0aea2a9541337f229431c1e00aa41,505ddf8455a1fbec1e0844e6391a64d0dfe0aea2a9541337f229431c1e00aa41,revised,4,2026-10-03T01:51:26.332415+00:00,False,ko-codex-v1
9xrqv9,B,f128fc9a53ffff8e54408f88e0f5cac0364416af3202f6e5aa056753c0a0bef7,042c22fda3be5a13feee1ce864d4a859007f0e179536eb9c9b11b1bef8b65a93,042c22fda3be5a13feee1ce864d4a859007f0e179536eb9c9b11b1bef8b65a93,revised,1,2026-10-03T00:43:43.911409+00:00,False,ko-codex-v1
9y5x0i,A,06aa62b18bf7dbf49cdea7048d69ab0d6172338e2309f310de48d413d3ac0a7e,c0e31943b93bad2a1ec256ad9834e5ff1d0ca5304fe57408db25ddffcb4d5c96,c0e31943b93bad2a1ec256ad9834e5ff1d0ca5304fe57408db25ddffcb4d5c96,revised,2,2026-10-03T06:22:42.529227+00:00,False,ko-codex-v1
9y5x0i,B,b41398739a6dceb002455b82a2dacec009a173a7bfb18dd618d2b98a917cc7e9,b27accfd52b2718ae8c4a1c3fed1e622fcdb77370a6469c6a2b3489ba4b494d2,b27accfd52b2718ae8c4a1c3fed1e622fcdb77370a6469c6a2b3489ba4b494d2,revised,2,2026-10-03T05:03:20.172858+00:00,False,ko-codex-v1
9ya4yu,A,c03bdfefc96c9894b8e5d16933fc1050899ce4feefec119a5487f14fdb04ad6a,59a1ba1ec87ddce0274df66ff70654ad197e16a85af1a1a7b825bf5d38a4d92f,59a1ba1ec87ddce0274df66ff70654ad197e16a85af1a1a7b825bf5d38a4d92f,revised,5,2026-10-03T00:26:12.491468+00:00,False,ko-codex-v1
9ya4yu,B,c243d2e81e8a7e68f20f880bf4ed14a646ee8ae502f57354f8e8461170f1d494,cd870c6d4455913a3bc9c32ca8c37c41316525fe57f4d57df2a19024bc46c96d,cd870c6d4455913a3bc9c32ca8c37c41316525fe57f4d57df2a19024bc46c96d,revised,4,2026-10-03T03:15:24.825821+00:00,False,ko-codex-v1
9ya9d2,A,c0a823f31b4a8528b9122dd49b67f3cef4c3ca0e92368255025e32375a08ce60,7984a23e3499bc221ae4b2914fa4b4703f52e3f7f20f27b48f806aaa4ac53862,7984a23e3499bc221ae4b2914fa4b4703f52e3f7f20f27b48f806aaa4ac53862,revised,2,2026-10-02T21:26:21.226806+00:00,False,ko-codex-v1
9ya9d2,B,b4bf8cb01d9a50ea3890fa93527c016a3be1af8afdc3ec3d007854db870ad297,1a6778fffce2973935aa88972f91ce45cb67f322ebf0bcad5e5904d673fc93d5,1a6778fffce2973935aa88972f91ce45cb67f322ebf0bcad5e5904d673fc93d5,revised,2,2026-10-02T21:57:20.168179+00:00,False,ko-codex-v1
9zgozu,A,b4ee74b888ee21aa4e9d54f31ecea049bad10d6d566173f6d8ddc19e85be1149,981f2483cd694c3c11eb5430e5c306d132014a61d0fe2e36ee2f0e4f1d98a973,981f2483cd694c3c11eb5430e5c306d132014a61d0fe2e36ee2f0e4f1d98a973,revised,1,2026-10-03T03:28:16.287317+00:00,False,ko-codex-v1
9zgozu,B,edf2dae1c3079e7f12ff3825eccae674f57894a36e145bd3b25d02a89747aff8,675507431d017bb65c11cd6c7322c2684ba2ab9288c5a4e23c3773c1c53a7edd,675507431d017bb65c11cd6c7322c2684ba2ab9288c5a4e23c3773c1c53a7edd,revised,1,2026-10-02T21:27:53.883777+00:00,False,ko-codex-v1
9zk8dw,A,c418e1e7f59120e26ff46dff801bf68cdf30781c0bcb0200620fa9c8350774bf,e94999771562f831cc457da9ea0ad39e6bf6e4c7d89f11d0c84c45923223a60a,e94999771562f831cc457da9ea0ad39e6bf6e4c7d89f11d0c84c45923223a60a,revised,4,2026-10-03T07:38:29.159802+00:00,False,ko-codex-v1
9zk8dw,B,0264b5feb0bbfee548eb039eb45daa4af0f21a85ddd9f9ea22e932439bf52b2d,4f0388b2b7210e8658726ef8fea93454a32ad664c76c0a3732856102be0d3f52,4f0388b2b7210e8658726ef8fea93454a32ad664c76c0a3732856102be0d3f52,unresolved,2,2026-10-03T06:34:37.071008+00:00,False,ko-codex-v1
9zkw5r,A,75af51e4e1d46c9642bc882d53585e535865e04b80db8920803742caa09edc08,0ceaf684b6a6986c3f9b477b3692e68975d9b84098d0df05ddd981f92f195f0a,0ceaf684b6a6986c3f9b477b3692e68975d9b84098d0df05ddd981f92f195f0a,revised,4,2026-10-03T01:57:31.439131+00:00,False,ko-codex-v1
9zkw5r,B,841d1557b8d1904da3d8670406fe08a6d7c5b379b71b71713a3cb628cc258eb7,841d1557b8d1904da3d8670406fe08a6d7c5b379b71b71713a3cb628cc258eb7,841d1557b8d1904da3d8670406fe08a6d7c5b379b71b71713a3cb628cc258eb7,pass,0,2026-10-03T08:06:28.810524+00:00,False,ko-codex-v1
9zlwbs,A,80e7286418f4fc2fa511b2bc520b538129054b526b0dea96a12411ce0273dc6d,6d326e9bb97dc3334784661384ff39061c3b9ca424c550ea5e97098dba653678,6d326e9bb97dc3334784661384ff39061c3b9ca424c550ea5e97098dba653678,revised,2,2026-10-03T06:03:49.685697+00:00,False,ko-codex-v1
9zlwbs,B,3371eaf0cbfc83222dc24483dc81b59627bbc802e7c1d4de16f95f1225ac5d68,3fcd65b9e76123228b96497083b108912876a44c928079a87ce90b941b487122,3fcd65b9e76123228b96497083b108912876a44c928079a87ce90b941b487122,revised,2,2026-10-03T08:12:04.504663+00:00,False,ko-codex-v1
9ztw6t,A,ed5a9b1ed682bb04fd7a3a14909a3910c338a3acfc08e2d63ddbc42711010525,8597959dfe6263a32d4cb6b1aa490b5990fc433a54a2f2cbb6ad7127e2486907,8597959dfe6263a32d4cb6b1aa490b5990fc433a54a2f2cbb6ad7127e2486907,revised,2,2026-10-02T23:51:39.292768+00:00,False,ko-codex-v1
9ztw6t,B,22ca41f7c86353c04b30247145cfffd1128820db6b82169f59960bdf7ad247fe,67a4d41f3eb379965c2ee5ff71d047316d898fbeaedeb5faddc653af9f952479,67a4d41f3eb379965c2ee5ff71d047316d898fbeaedeb5faddc653af9f952479,revised,4,2026-10-02T21:14:44.453232+00:00,False,ko-codex-v1
a0a6vw,A,356aae5b097f75b9a4cde0f2121dd8ff7fab1a6455c632e2babb5ccb0f592d95,a4417093760662da63bc428654e80e37d056c9ad099806ce81d5f9104b71bf4e,a4417093760662da63bc428654e80e37d056c9ad099806ce81d5f9104b71bf4e,revised,4,2026-10-03T12:17:25.471076+00:00,False,ko-codex-v1
a0a6vw,B,1d2a2739bfef99d247421d42814d02c1417749d902789d150c7aa5059ae93391,1d2a2739bfef99d247421d42814d02c1417749d902789d150c7aa5059ae93391,1d2a2739bfef99d247421d42814d02c1417749d902789d150c7aa5059ae93391,pass,0,2026-10-03T05:57:58.631606+00:00,False,ko-codex-v1
a13dfh,A,25c50e4cda621e7e4021db6f00b9366df6ee5f301047663dc2f6075eba17ca16,1fe1841f1f6cbe3f4324ea2770309f088ae8657b5bb8c58143abe536d6107bc5,1fe1841f1f6cbe3f4324ea2770309f088ae8657b5bb8c58143abe536d6107bc5,revised,3,2026-10-03T03:04:52.526996+00:00,False,ko-codex-v1
a13dfh,B,ba2c5708be4c2ed64af3620f50d01e651c7854a56c01c402940fcfdbdaf495b5,a360daf5ef20e45362d27eb7b09ad63a35a63370d3feeeede85877922a7ccc43,a360daf5ef20e45362d27eb7b09ad63a35a63370d3feeeede85877922a7ccc43,revised,5,2026-10-02T23:11:15.511788+00:00,False,ko-codex-v1
a15h7n,A,24f4dd1a6cb83b8476e3e76fb02872a5775c8b8f72cdf857854bcae171350c9c,8edc201f974d899f46e4f77e5b4ec39f797d90ee7c58dd675834683a3e686c15,8edc201f974d899f46e4f77e5b4ec39f797d90ee7c58dd675834683a3e686c15,revised,3,2026-10-03T02:29:06.735616+00:00,False,ko-codex-v1
a15h7n,B,3dd3c7b2bf81e5005ede316cc7963dc186a2750f8252b26c26aac08f9ac4970f,3dd3c7b2bf81e5005ede316cc7963dc186a2750f8252b26c26aac08f9ac4970f,3dd3c7b2bf81e5005ede316cc7963dc186a2750f8252b26c26aac08f9ac4970f,pass,0,2026-10-03T05:20:02.976753+00:00,False,ko-codex-v1
a17tmp,A,40e49eebea4325dcf20952dcbf5e052f0ff0ebd82d4489d662fe4bb86fe7a26c,89caa45ab8866baf639d6fbcb1a75af5b1a59cbb971e2df988f931a34773459b,89caa45ab8866baf639d6fbcb1a75af5b1a59cbb971e2df988f931a34773459b,revised,4,2026-10-03T11:50:07.863740+00:00,False,ko-codex-v1
a17tmp,B,c6496f3deb721973c8da7b013b706c9777999dddd71cbe4c09f8d2314293f66e,369eb4da8cc9db74094ec3c664b38b1a315d0d51655e3252eafbfb620f3968e2,369eb4da8cc9db74094ec3c664b38b1a315d0d51655e3252eafbfb620f3968e2,revised,4,2026-10-02T21:26:13.770882+00:00,False,ko-codex-v1
a1qf57,A,1be7e4e9d8eadce7103cf998ca8ed64056fe38117b40c8e54f82058215c849d9,0e94679b776c4297e3cee1a634fc1658a0884a8a9fc4b243bb9d71b5ebca586a,0e94679b776c4297e3cee1a634fc1658a0884a8a9fc4b243bb9d71b5ebca586a,revised,2,2026-10-03T10:50:31.465027+00:00,False,ko-codex-v1
a1qf57,B,2ccfc75460def20b256f7fdb4f94fbd814ef28ea1d03af4ed666b7035587f8c2,fb1955090ff892ba101facd6a4e3e0e1953f6d259d5533e13422066f85f31b26,fb1955090ff892ba101facd6a4e3e0e1953f6d259d5533e13422066f85f31b26,revised,2,2026-10-02T21:03:35.652085+00:00,False,ko-codex-v1
a1w5nv,A,0af00ac25a7229157c73f0e043e9ced5ae79df2f195612a0b6267a27de71cf06,c20b25629cc8c60d239cbcb765a2e16880a517cfaafef8a916fa9365d4ad98a3,c20b25629cc8c60d239cbcb765a2e16880a517cfaafef8a916fa9365d4ad98a3,revised,3,2026-10-03T01:27:20.707333+00:00,False,ko-codex-v1
a1w5nv,B,83fcd9ce7df2fc74bd1c39ce593a1423da572fa0ca5c8cf36cbebdda38dced39,5644687d89db73240485af790fbfdbd0b50cdf863bb857ba131f9f426c96e4af,5644687d89db73240485af790fbfdbd0b50cdf863bb857ba131f9f426c96e4af,revised,3,2026-10-03T00:12:00.099644+00:00,False,ko-codex-v1
a3apqq,A,4306ebc1cbee5baed7f158f72a4b946c2a2f399cfc4e9fca58b67c57054dfae5,6a019379964308a5c9eda1f2d2c13f43d6d9d666700e750ce5fdaa25222409ec,6a019379964308a5c9eda1f2d2c13f43d6d9d666700e750ce5fdaa25222409ec,revised,3,2026-10-03T10:57:03.235602+00:00,False,ko-codex-v1
a3apqq,B,d3292fc0b74f5a198affa760e5920c3724d0584bd4e3f7d82a30fe77c8968c01,d3292fc0b74f5a198affa760e5920c3724d0584bd4e3f7d82a30fe77c8968c01,d3292fc0b74f5a198affa760e5920c3724d0584bd4e3f7d82a30fe77c8968c01,pass,0,2026-10-03T05:04:40.399571+00:00,False,ko-codex-v1
a3d5ct,A,632c23188eeb42c1b2be5225f96115e8996857e0dbaf61b176764034a33e6b04,ba6dc36bcc7c80ad6f2ec132e515a5e2be1e3c31d76cb93b94a17d826a2befa2,ba6dc36bcc7c80ad6f2ec132e515a5e2be1e3c31d76cb93b94a17d826a2befa2,revised,2,2026-10-03T06:05:32.593591+00:00,False,ko-codex-v1
a3d5ct,B,3d228d7c577fba3db0321705a67fc5cc6ee34a3d1d9239f7ddca307bf549d2a4,1ba60e2df67cc67a29d3a6fd6af79c85f324893f4453347c670e0ba2aed1e5bc,1ba60e2df67cc67a29d3a6fd6af79c85f324893f4453347c670e0ba2aed1e5bc,revised,1,2026-10-03T01:31:18.520376+00:00,False,ko-codex-v1
a3kdx6,A,a3712cbf64d8bc23d492612efed8948d8b66d8c44f55ca5217d3be402e98ecb6,66da6416823598e9c4e231ccdd7d1fd3176acacb0f503784a38f5952faf8af20,66da6416823598e9c4e231ccdd7d1fd3176acacb0f503784a38f5952faf8af20,revised,4,2026-10-03T06:10:33.457181+00:00,False,ko-codex-v1
a3kdx6,B,cd2933be786f742cfc3a0bd667f7af4ca3cd3d657f80f8eeb525204dee97289d,1baf3c57b38e56a8950f1133ddcf7bf31e4937316008e23b18aa0506febbbda1,1baf3c57b38e56a8950f1133ddcf7bf31e4937316008e23b18aa0506febbbda1,revised,3,2026-10-03T11:07:06.862261+00:00,False,ko-codex-v1
a4791k,A,88aa2853bb9ef69ed14f4936fb2555ee5f69c0ef4fe98492403e9cc9bc260a12,8c17e56708345b1415b51bd165869ddf68074e7bef8ce12b0c79b096547e41bb,8c17e56708345b1415b51bd165869ddf68074e7bef8ce12b0c79b096547e41bb,revised,1,2026-10-03T03:49:51.896841+00:00,False,ko-codex-v1
a4791k,B,16e39111d236e4d80d07b59183a284d161e08bd12ff2d0a518e3d55c35ba0be4,16e39111d236e4d80d07b59183a284d161e08bd12ff2d0a518e3d55c35ba0be4,16e39111d236e4d80d07b59183a284d161e08bd12ff2d0a518e3d55c35ba0be4,pass,0,2026-10-03T03:01:33.329450+00:00,False,ko-codex-v1
a4920p,A,760430b88e2b634581266fd698a6b224d5fafca21e0fb0588ff55d2fd891228e,3a6b7c4d38afa0fc95d8917fe0ee29ee64c7e2341288e07a791d759443cdac62,3a6b7c4d38afa0fc95d8917fe0ee29ee64c7e2341288e07a791d759443cdac62,revised,2,2026-10-02T22:28:33.148116+00:00,False,ko-codex-v1
a4920p,B,6330cdd7e156134c9af72cf818f897376e4757bab077dac37a0da3d4096f4a43,6330cdd7e156134c9af72cf818f897376e4757bab077dac37a0da3d4096f4a43,6330cdd7e156134c9af72cf818f897376e4757bab077dac37a0da3d4096f4a43,pass,0,2026-10-03T11:46:08.803548+00:00,False,ko-codex-v1
a493wd,A,3b34287a8db5187d4aaa8a2208da26046f8fcf031fd3ff611fb583d9cbc5a4ed,d9a64ab7334d43c4eacfa5e1c67d3f818c06c30acef4f7794036de014bf22ee9,d9a64ab7334d43c4eacfa5e1c67d3f818c06c30acef4f7794036de014bf22ee9,revised,4,2026-10-03T06:13:06.983617+00:00,False,ko-codex-v1
a493wd,B,9d58825607ef082a228823d5eddd134ee241000cc98099003a7ee20cc72edcd0,1c811b4ef4a3b3bb99d38b0e0f49cc73664f2e83f32a9c06fc3206565c661b3f,1c811b4ef4a3b3bb99d38b0e0f49cc73664f2e83f32a9c06fc3206565c661b3f,revised,1,2026-10-03T12:31:42.191489+00:00,False,ko-codex-v1
a4b98h,A,03a958d9ebd3d089bc5e237281c36157df2726215d98766c57901188488cc15c,5eb2fdb393520dcd34e9a6f9dfed2fd2653f6e502c69cb77b0eda8ab811a7c78,5eb2fdb393520dcd34e9a6f9dfed2fd2653f6e502c69cb77b0eda8ab811a7c78,revised,2,2026-10-03T06:46:38.422344+00:00,False,ko-codex-v1
a4b98h,B,d60bbc3a4b638b3a09f88caaf417206f94f5cb430078bb0651e45fdb45592d83,d60bbc3a4b638b3a09f88caaf417206f94f5cb430078bb0651e45fdb45592d83,d60bbc3a4b638b3a09f88caaf417206f94f5cb430078bb0651e45fdb45592d83,pass,0,2026-10-03T12:16:24.273813+00:00,False,ko-codex-v1
a4linw,A,f95d69b42ae3c3df48b0bfd4767bd4383e0f5ebea207c5f79467ef9dcbcb8914,29ffe9fd4299e091126c3d43eb452ff5a2148ea34ae94a4c3e88909917c42d0a,29ffe9fd4299e091126c3d43eb452ff5a2148ea34ae94a4c3e88909917c42d0a,revised,4,2026-10-02T21:20:17.331387+00:00,False,ko-codex-v1
a4linw,B,49c817ef77e6fc6319cd24ad5c53e423a747b04bd054f59d633cd98186c1715b,181e7971b0480fa9a790df47ff00dfd9530209a4f6ea7ba94a81aec05c727bd9,181e7971b0480fa9a790df47ff00dfd9530209a4f6ea7ba94a81aec05c727bd9,revised,6,2026-10-03T01:19:20.887249+00:00,False,ko-codex-v1
a4za6x,A,dfed72aee14e921fcdb9973fb65e2d8440c9c0dc015efe0e4f9bd5b7556b9ac0,5305e56587fe8f63ba38a59fdb96d56497059ee313fc2bb6cf554fd11aed800c,5305e56587fe8f63ba38a59fdb96d56497059ee313fc2bb6cf554fd11aed800c,revised,4,2026-10-03T02:54:30.824878+00:00,False,ko-codex-v1
a4za6x,B,d3a1b4cde2cd19326cd9047f59a98c55871659576feb2eabd36c787ebd5186ca,60997c513c6f7e2ca92f2c0d535d814376ec4d5ae35fbb37c70eef8133e6edc2,60997c513c6f7e2ca92f2c0d535d814376ec4d5ae35fbb37c70eef8133e6edc2,revised,2,2026-10-03T08:42:08.846522+00:00,False,ko-codex-v1
a52wlq,A,c07544a993c540ced325acbf9a5f2cf5f9125293cebdcf299308f6e7537824ab,7113337944dfba5b8e772b2fd51d2e0cbf0262d5f699465a404c8dda27e8e551,7113337944dfba5b8e772b2fd51d2e0cbf0262d5f699465a404c8dda27e8e551,revised,7,2026-10-03T08:10:25.114126+00:00,False,ko-codex-v1
a52wlq,B,b4327bce258468dd2a95e7e285c9f4708ef503217ccedae6d1bca76c64232f85,2e0a87be72e53fbf82c0e6459e37e867a2cdfc24fb4e665a11b06e2cf82f4068,2e0a87be72e53fbf82c0e6459e37e867a2cdfc24fb4e665a11b06e2cf82f4068,revised,4,2026-10-02T23:07:21.538059+00:00,False,ko-codex-v1
a54w1g,A,19504e7a9886d504f5a6d42ff434c813c6a00ff95d2cceec8eadb7fb4bdbee97,dbe70ab622c8c87b4176359b13c07c24fe21d02d631144fbdf5e4605ddf76d9f,dbe70ab622c8c87b4176359b13c07c24fe21d02d631144fbdf5e4605ddf76d9f,revised,2,2026-10-03T04:20:03.887143+00:00,False,ko-codex-v1
a54w1g,B,7b844c410c34f9e026a11f1cfe420c92e3838774e3001780aac38fc30d4dd3be,5912f7985f1e42e46558a4d19db11da1cddcf81a902a6a5b76a99c9900554bab,5912f7985f1e42e46558a4d19db11da1cddcf81a902a6a5b76a99c9900554bab,revised,2,2026-10-03T07:35:46.440051+00:00,False,ko-codex-v1
a58j74,A,c8093bc5101e89ded4c5eeebe6667f56bca3ee69563bc65f229cfa4527783834,c8093bc5101e89ded4c5eeebe6667f56bca3ee69563bc65f229cfa4527783834,c8093bc5101e89ded4c5eeebe6667f56bca3ee69563bc65f229cfa4527783834,pass,0,2026-10-03T00:12:17.420926+00:00,False,ko-codex-v1
a58j74,B,f51672bc2f7f95c51c3aecb53716924d741bd4bb7e6360742a680799b967a2f5,f51672bc2f7f95c51c3aecb53716924d741bd4bb7e6360742a680799b967a2f5,f51672bc2f7f95c51c3aecb53716924d741bd4bb7e6360742a680799b967a2f5,pass,0,2026-10-03T06:01:37.078063+00:00,False,ko-codex-v1
a5nxrx,A,7aaa452a1c55916acc936a97656deb874d3057d67cad67c56aee38abaab25585,7906143ec7024e9e0d967708e9a16c943d39f20d4d90d3ccdece5366a37beab5,7906143ec7024e9e0d967708e9a16c943d39f20d4d90d3ccdece5366a37beab5,revised,2,2026-10-02T21:43:43.791434+00:00,False,ko-codex-v1
a5nxrx,B,4327015a00c6de53288e664e5b4371d36e5c32c751c1e1031765b5763021ddde,4327015a00c6de53288e664e5b4371d36e5c32c751c1e1031765b5763021ddde,4327015a00c6de53288e664e5b4371d36e5c32c751c1e1031765b5763021ddde,pass,0,2026-10-03T11:53:20.666442+00:00,False,ko-codex-v1
a5zs9b,A,dc60c5742c09822cc9948c30b948536b7f1e366e232cb91a9a46358069ddb11f,560e27dc06d6da0a29b113ea3789acd5bdd587f29fd4854b7234c45b903179e1,560e27dc06d6da0a29b113ea3789acd5bdd587f29fd4854b7234c45b903179e1,revised,4,2026-10-03T02:12:34.583784+00:00,False,ko-codex-v1
a5zs9b,B,3ccf457a2bba5378fb57ab9dcf91c2130ba94db57f619c04306b98100fa9b9b2,3ccf457a2bba5378fb57ab9dcf91c2130ba94db57f619c04306b98100fa9b9b2,3ccf457a2bba5378fb57ab9dcf91c2130ba94db57f619c04306b98100fa9b9b2,pass,0,2026-10-03T04:00:08.809674+00:00,False,ko-codex-v1
a6hmqy,A,d1209bc41b5959cd61219d2b213e3c8956022f77a252d8dd7d7dbbe475dc7018,3d1f778cfdd2a5c3404e223ce97daeb109025f252fbe4ae516a5f0e1bf4f1633,3d1f778cfdd2a5c3404e223ce97daeb109025f252fbe4ae516a5f0e1bf4f1633,revised,3,2026-10-03T03:20:47.663748+00:00,False,ko-codex-v1
a6hmqy,B,204bc768935c38ea4cf76eaa381e2a7156dbdb8ecb0dd9b1752fb510f626badc,1b282577d621bbefd9f1e583b91688ab44499c7d1960538f7761958ef4f25b81,1b282577d621bbefd9f1e583b91688ab44499c7d1960538f7761958ef4f25b81,revised,2,2026-10-03T10:44:34.322461+00:00,False,ko-codex-v1
a6johi,A,e671f8a2b4a1e0fbda5e2c15f9c1b9509df4e58923a73f42614e9d862afec76a,b77ef239f7ac3abf3bd600c38f1f8292a2477395dc7a34c6ff625a0a7595efdc,b77ef239f7ac3abf3bd600c38f1f8292a2477395dc7a34c6ff625a0a7595efdc,revised,4,2026-10-02T21:18:16.592431+00:00,False,ko-codex-v1
a6johi,B,c24beaaf82fd2d3a3e61c834062a4980b38f1e20b157485c575411392968df24,9b83bbfd41c5b4988e54f3a972058ba23af27c457a5eb9bb6d7fee03ba49dfe0,9b83bbfd41c5b4988e54f3a972058ba23af27c457a5eb9bb6d7fee03ba49dfe0,revised,4,2026-10-03T07:08:01.057407+00:00,False,ko-codex-v1
a70nhu,A,35c8b461daedc8c2a1a8198d002dfc0df3dade138e483d98b4c9008ee1f3c446,06b13b00bcd599241b1aade5f65f4b42aabc996925bcd5126bc8176ed1d7d611,06b13b00bcd599241b1aade5f65f4b42aabc996925bcd5126bc8176ed1d7d611,revised,1,2026-10-02T22:02:44.623463+00:00,False,ko-codex-v1
a70nhu,B,0ca0e9f9f859aaeaaffc55c10c342f8c451da7c2667aec10857aea7653092ca9,0ca0e9f9f859aaeaaffc55c10c342f8c451da7c2667aec10857aea7653092ca9,0ca0e9f9f859aaeaaffc55c10c342f8c451da7c2667aec10857aea7653092ca9,pass,0,2026-10-03T07:22:19.464178+00:00,False,ko-codex-v1
a7327z,A,cd3d0d4f218f347f29db011479123ee546560a97e5425187f3013ef69805efd6,a2df662f8ee3089bbe1850dcc32f614265a8a0a6e6825f9a5271c0cc1a44cc30,a2df662f8ee3089bbe1850dcc32f614265a8a0a6e6825f9a5271c0cc1a44cc30,revised,2,2026-10-03T12:35:27.146195+00:00,False,ko-codex-v1
a7327z,B,437aa7fd302a4b94987c6f7819dbd1e3dd45d63173036a82130c2f4bf5b4bb8c,437aa7fd302a4b94987c6f7819dbd1e3dd45d63173036a82130c2f4bf5b4bb8c,437aa7fd302a4b94987c6f7819dbd1e3dd45d63173036a82130c2f4bf5b4bb8c,pass,0,2026-10-03T05:04:55.683915+00:00,False,ko-codex-v1
a7arhe,A,d57b6b2b24e263af6ae3979e9d1fcfc101bed78a05c38768f189284e36154dba,7cb9f4edeeda3d5ad6edeacaef83b614d8ab81d9a1faddebd12c28eb99211c44,7cb9f4edeeda3d5ad6edeacaef83b614d8ab81d9a1faddebd12c28eb99211c44,revised,1,2026-10-02T23:17:08.823969+00:00,False,ko-codex-v1
a7arhe,B,ead837f94c454b45651526370e37e0f0393b4b5352d9cf3903dfefcb50696a8e,6faf6f81941e31c7bd7f2727ccb4039ef335526befeca4b80ab9fc865e43eaae,6faf6f81941e31c7bd7f2727ccb4039ef335526befeca4b80ab9fc865e43eaae,revised,1,2026-10-03T00:04:14.136421+00:00,False,ko-codex-v1
a85k8d,A,07e45e7a5a63656ce73d7b94ac7acdbe3ef894e19cb81788032beed9a73c36ed,7786f79b2d744a0f1926f3656505db4042e4a8bad0691ec7601a5e6d7cddfa0f,7786f79b2d744a0f1926f3656505db4042e4a8bad0691ec7601a5e6d7cddfa0f,revised,4,2026-10-03T04:45:40.176960+00:00,False,ko-codex-v1
a85k8d,B,276ec258a0e9fb4a55cbb0a62a264f5f85d8489acc334ca9f364b4accbe626bf,1b384e3867891f9bbb88039130482815fc6b210478cb131ad64a623b23b7adc0,1b384e3867891f9bbb88039130482815fc6b210478cb131ad64a623b23b7adc0,revised,2,2026-10-03T02:23:07.671145+00:00,False,ko-codex-v1
a8ofko,A,5f8be665b72abc193798b9f3b6eabd881984299b91f3e1ef6a1852bdd6c4affe,df6209b66bab633e0eb2c5843f911c8bda3e046ee160463a82bd449480f96a56,df6209b66bab633e0eb2c5843f911c8bda3e046ee160463a82bd449480f96a56,revised,1,2026-10-03T07:39:14.344929+00:00,False,ko-codex-v1
a8ofko,B,2523a2a2b475109b3b6f08676bace252dec6dd7486d8170e5b6b3d8f16062383,72cedb583ac96a700fcffa3b863d4e50c73a908761bb3ded45bf7f402ff3821d,72cedb583ac96a700fcffa3b863d4e50c73a908761bb3ded45bf7f402ff3821d,revised,1,2026-10-03T00:50:30.505768+00:00,False,ko-codex-v1
a8p43o,A,71e44da01b879186ff5a31abcdfc650d9e589276c0872eb51ee64fa056c09e7f,8a05f28cb105c3924474f112f9b2dc8dd7569259365f8d4a38cda2ec3da170c0,8a05f28cb105c3924474f112f9b2dc8dd7569259365f8d4a38cda2ec3da170c0,revised,3,2026-10-02T21:25:57.015837+00:00,False,ko-codex-v1
a8p43o,B,c104ace96e65de717c4efe1ba9b217d22e213fc80a2f7495c85a45c50989084b,96a4af0fce01561f87db878ff4736bdf93807c0654be79e6baaea57f06cec7b6,96a4af0fce01561f87db878ff4736bdf93807c0654be79e6baaea57f06cec7b6,revised,2,2026-10-03T01:58:44.381210+00:00,False,ko-codex-v1
a8wxbt,A,e026cf4b2e4b98359e10016e94110a05ed8c3c9cbd4993e359c137331e276078,1722ff29b36cd7eb40b4d22da2cc7f9e0b371d5939bd067a249e5ac82faa585a,1722ff29b36cd7eb40b4d22da2cc7f9e0b371d5939bd067a249e5ac82faa585a,revised,2,2026-10-03T01:53:59.845709+00:00,False,ko-codex-v1
a8wxbt,B,bfe490f4bb34ccbea811a5083916c60f0ba689a4c3eb96d3fbd4fe6989de1fe1,e6a9fa51d75ea65ffc2f3a6fb8c6b3fca80c33bf9ccff5bf501287beb296cf64,e6a9fa51d75ea65ffc2f3a6fb8c6b3fca80c33bf9ccff5bf501287beb296cf64,revised,3,2026-10-03T04:34:24.174251+00:00,False,ko-codex-v1
a9c01p,A,6007f14c6b30bb267db932fe133a6e409f4d4ad6276f0acd4d228f896a7fed12,7fc7dd400d02ed150636036ce814431c212381063861543aa749bd1886019be0,7fc7dd400d02ed150636036ce814431c212381063861543aa749bd1886019be0,revised,4,2026-10-03T07:55:05.608954+00:00,False,ko-codex-v1
a9c01p,B,564b77ae7e212277bc44f413305091f6f6caa4666bd45345fa80439e088d33ec,5875349d66e35901601b6fe09635483a97bf43224ed9b3eccc72442fb7279be0,5875349d66e35901601b6fe09635483a97bf43224ed9b3eccc72442fb7279be0,revised,2,2026-10-03T11:29:37.511845+00:00,False,ko-codex-v1
a9mcn3,A,19456b4376b47a1be476a39d346e5dfdb36bf6ddc92c9ec79a636986b848b78d,1daa1cbd1207d8eb88d3ce963efdce24282f4e766637b113a5f41ed43e9ae13a,1daa1cbd1207d8eb88d3ce963efdce24282f4e766637b113a5f41ed43e9ae13a,revised,1,2026-10-03T02:37:47.580853+00:00,False,ko-codex-v1
a9mcn3,B,b49f20d86148ddfda470a2de757e3b443dd9124aeddb21060ed9f53b7757de8b,b49f20d86148ddfda470a2de757e3b443dd9124aeddb21060ed9f53b7757de8b,b49f20d86148ddfda470a2de757e3b443dd9124aeddb21060ed9f53b7757de8b,pass,0,2026-10-03T02:07:51.582248+00:00,False,ko-codex-v1
a9vsto,A,170798b19857446a00350c31c2238b52294938614274e81c9f6cf00a9d67b251,919ee637f5599546f1911ac5416f2438d1c3f8a830cd17e064f4c6b9e3341f83,919ee637f5599546f1911ac5416f2438d1c3f8a830cd17e064f4c6b9e3341f83,revised,6,2026-10-02T23:23:12.852684+00:00,False,ko-codex-v1
a9vsto,B,eb7d08c419837e6863acdfab5f1204605175c697bc0b2aa6225aa758b86d7028,56ec701b333e30596e3fb927a90188541f8f2a64e6df3e4cb102d2facc19672d,56ec701b333e30596e3fb927a90188541f8f2a64e6df3e4cb102d2facc19672d,revised,4,2026-10-03T00:32:22.193293+00:00,False,ko-codex-v1
a9x60b,A,7ad0a7471d48fae8fe307fdf444a5535c690b909e44a42e31f11671264bb07bd,335b23ee1ca377ad2b0bdd63a2ef087dc46d73cc20456d1d94466e22c3ec4e48,335b23ee1ca377ad2b0bdd63a2ef087dc46d73cc20456d1d94466e22c3ec4e48,revised,3,2026-10-03T02:22:11.210270+00:00,False,ko-codex-v1
a9x60b,B,ffd25dec178ba89891cfb2a651da97c60f3ddbcb1680721a4efc3ab21159efa8,570aca1692a2cd9d0749dfc5958b22d316befa0d751f9dca32f6a61b0583f21c,570aca1692a2cd9d0749dfc5958b22d316befa0d751f9dca32f6a61b0583f21c,revised,3,2026-10-03T00:21:55.548557+00:00,False,ko-codex-v1
aa5iny,A,d1a6d43e8dab16be599a2bc3c720d385a6f5bc06001f996e507db61aa7aa2052,d1a6d43e8dab16be599a2bc3c720d385a6f5bc06001f996e507db61aa7aa2052,d1a6d43e8dab16be599a2bc3c720d385a6f5bc06001f996e507db61aa7aa2052,pass,0,2026-10-03T05:52:52.779634+00:00,False,ko-codex-v1
aa5iny,B,ae7380edf9167bc5806d84e4ab2c11b571d8cce83be0f7c860e317cbf588a239,ae7380edf9167bc5806d84e4ab2c11b571d8cce83be0f7c860e317cbf588a239,ae7380edf9167bc5806d84e4ab2c11b571d8cce83be0f7c860e317cbf588a239,pass,0,2026-10-03T01:13:39.998734+00:00,False,ko-codex-v1
aa5sde,A,a317dd53855f2d6ca3ee81dd1f8304eb39ce26b88b161b526a0d9eb3f08d0f38,a72e51b42b38f083d3db154c5900ee5499d01eb2a4781b7c3c4f7fca780daf7b,a72e51b42b38f083d3db154c5900ee5499d01eb2a4781b7c3c4f7fca780daf7b,revised,1,2026-10-03T07:06:32.857429+00:00,False,ko-codex-v1
aa5sde,B,c53915aed52b2269afd294a59b615b7acbff709a7a56c137e63049ed87b1beec,3cb44b0f8a2445dd4406feb55bac72bc5f29bfdc9c4a9cb9997b29ba32ab8e09,3cb44b0f8a2445dd4406feb55bac72bc5f29bfdc9c4a9cb9997b29ba32ab8e09,revised,1,2026-10-03T08:33:53.545752+00:00,False,ko-codex-v1
aa6vne,A,3c7be87611be2243c043ffdaf142c63946cdb5534f8e9a8c314023462426986e,9691d375cf9710478626fab957e96bf58a5500ec334f17905270595e7e27cfbf,9691d375cf9710478626fab957e96bf58a5500ec334f17905270595e7e27cfbf,revised,4,2026-10-03T11:02:52.073126+00:00,False,ko-codex-v1
aa6vne,B,53998c0e9f261a00e1515e70ad878256a018fc2638e56aacbc28259279b0cf83,53998c0e9f261a00e1515e70ad878256a018fc2638e56aacbc28259279b0cf83,53998c0e9f261a00e1515e70ad878256a018fc2638e56aacbc28259279b0cf83,pass,0,2026-10-03T05:14:47.703044+00:00,False,ko-codex-v1
aa82yt,A,8b3382482e84f9a127e7ad1ed48eb1ff86c0fc091f327e691a514d09bba682a0,bdacd6266d28902baf8842919239e07288340ee2ff92e2e1822dc38852e1a9ef,bdacd6266d28902baf8842919239e07288340ee2ff92e2e1822dc38852e1a9ef,revised,3,2026-10-03T06:41:03.296279+00:00,False,ko-codex-v1
aa82yt,B,7620ccc56ea842e45b97b138d94c03683e6e9bd363e9057323e4253f13fff824,a49f1f32b0fd08e56b78c52dc05027f56f30adfbe4f3fc2ed02a9221e02c6daa,a49f1f32b0fd08e56b78c52dc05027f56f30adfbe4f3fc2ed02a9221e02c6daa,revised,2,2026-10-02T21:53:27.350804+00:00,False,ko-codex-v1
aab2e8,A,93aa2e07549a34a843a8cda244b60069dcdaaf1cf68e91f7f806efade40ddd26,760aec19983c93605ee92db61f2f31f31f454cf5fb715b7eb4df83ed24f523d2,760aec19983c93605ee92db61f2f31f31f454cf5fb715b7eb4df83ed24f523d2,revised,6,2026-10-03T11:20:06.324498+00:00,False,ko-codex-v1
aab2e8,B,6f0bee9bedf14b7eadefb692b60bd789c740d339a402aaf83b11efd50a306698,cada1b7ad1bf3bac3764c9fb99ea49b5b417ee7d0530d8def73b5d2be1606635,cada1b7ad1bf3bac3764c9fb99ea49b5b417ee7d0530d8def73b5d2be1606635,revised,2,2026-10-02T22:23:01.105937+00:00,False,ko-codex-v1
ab0s9b,A,a0c14774c99c9bc87023d7f85f6f5ce54cedf7ad3d1a671d05155e8c01a0ab93,dd8b737742b20a1c10647a9ec1078a869bac30335d3d867385d144502e152226,dd8b737742b20a1c10647a9ec1078a869bac30335d3d867385d144502e152226,revised,1,2026-10-03T01:13:09.394958+00:00,False,ko-codex-v1
ab0s9b,B,eb0476bfbe12931fd64d9d5e33132ee03ffeacb10cf574d6f9582b7f995767e2,7cc5f645319966ca718193a7ed4c7125b7dc88522ece49548c3d32c981839cc5,7cc5f645319966ca718193a7ed4c7125b7dc88522ece49548c3d32c981839cc5,revised,1,2026-10-03T05:54:58.347597+00:00,False,ko-codex-v1
abgz0i,A,2961983eef632ce2ecc98addaa615c8a2ba628c33c202437bf1c9a430a5bd370,c250cd0560013ffe0886c1785c49a0122ff9be7d90f842862c10cc407c63e8d8,c250cd0560013ffe0886c1785c49a0122ff9be7d90f842862c10cc407c63e8d8,revised,3,2026-10-03T01:45:38.683476+00:00,False,ko-codex-v1
abgz0i,B,3748701ce227450aa5546a06d0e239e374690b201229a7d6079b629b9c8897a4,f00931c46909b236392ed5a3e7144021e1abc6ff5e0a78c8dd2155bfd28f3d33,f00931c46909b236392ed5a3e7144021e1abc6ff5e0a78c8dd2155bfd28f3d33,revised,1,2026-10-03T08:30:32.453712+00:00,False,ko-codex-v1
abl8fb,A,01e46921a552ef50ff6a63acae03e990ba0adb636a3e8ab58b5ac573bbb40f82,0273d4907d9314bcbe27cd1538b70068d33ea6ea0e5ea15eb37db407b6cf7c2a,0273d4907d9314bcbe27cd1538b70068d33ea6ea0e5ea15eb37db407b6cf7c2a,revised,4,2026-10-03T05:51:36.813216+00:00,False,ko-codex-v1
abl8fb,B,f29e6c3bc97f24b6d09bf83cb26ff66e75cfe2024608207c7e2c97713d2e6c8f,c2eb4837170e659d772516f8e04a23513289319117f672a6e74b66d5f33c005f,c2eb4837170e659d772516f8e04a23513289319117f672a6e74b66d5f33c005f,unresolved,2,2026-10-02T22:04:52.267448+00:00,False,ko-codex-v1
ablk65,A,92e56999af9c47ece2517ffebc0eab72f870d761790071e8e47bf6cbbfe3079e,3f5f679b442b359d421637af7e7b7e2f7feb40196394388b37f017c2087cc3f7,3f5f679b442b359d421637af7e7b7e2f7feb40196394388b37f017c2087cc3f7,revised,4,2026-10-03T11:42:29.934911+00:00,False,ko-codex-v1
ablk65,B,98f1d7ea146b8d2ba641f721dcab93b728f2bf22a7028c0a3cd1c92883ed2f05,98f1d7ea146b8d2ba641f721dcab93b728f2bf22a7028c0a3cd1c92883ed2f05,98f1d7ea146b8d2ba641f721dcab93b728f2bf22a7028c0a3cd1c92883ed2f05,pass,0,2026-10-03T03:31:10.667746+00:00,False,ko-codex-v1
ablttb,A,920ac6c282dffb9a1b8351ed863cf533537d59f9020c44a1cfb354e3c23dc83e,0a466d0b8ff3e71effc5a60937f61ac13b4ce75334c8665175f29ca15dd96e71,0a466d0b8ff3e71effc5a60937f61ac13b4ce75334c8665175f29ca15dd96e71,revised,6,2026-10-03T04:39:40.077058+00:00,False,ko-codex-v1
ablttb,B,517191cc7367484b14d6f4d8893161fa4ab0de168754cf3b805c9ac840b11b71,517191cc7367484b14d6f4d8893161fa4ab0de168754cf3b805c9ac840b11b71,517191cc7367484b14d6f4d8893161fa4ab0de168754cf3b805c9ac840b11b71,unresolved,2,2026-10-03T01:24:24.693151+00:00,False,ko-codex-v1
abmn7h,A,88e43a5eb32796c51890c0a0f80ac34bb58a9b45c77d20c6d51bf0cbd39ec6d7,b5a55ce6b0f1a51c23212d1b113b4e73c92027bc6ab8a6917451ad65a66938e6,b5a55ce6b0f1a51c23212d1b113b4e73c92027bc6ab8a6917451ad65a66938e6,revised,6,2026-10-03T00:45:27.465426+00:00,False,ko-codex-v1
abmn7h,B,f7c6273851ed1f9e8a163efbe8b6bd637dc7c160234d046103edb127b648dea8,b60ac5a9b2ff44a13cf7869e4ee4fbefe2f29e72e5b7e28d21671de36911bff5,b60ac5a9b2ff44a13cf7869e4ee4fbefe2f29e72e5b7e28d21671de36911bff5,revised,2,2026-10-03T01:40:44.686515+00:00,False,ko-codex-v1
abvilk,A,ed98c615014a75814a52bd6fbbe93614cbf36a62db6af1d500dec2298019c9b6,7ba911ce0082fff0b95d84899c11f811a905a141034ce254442a033791bd7d86,7ba911ce0082fff0b95d84899c11f811a905a141034ce254442a033791bd7d86,revised,4,2026-10-03T13:19:14.721645+00:00,False,ko-codex-v1
abvilk,B,7af40866e2dd3170a8aa05a94c7ad37d454479b568284334f5d01038ec4c46d3,7af40866e2dd3170a8aa05a94c7ad37d454479b568284334f5d01038ec4c46d3,7af40866e2dd3170a8aa05a94c7ad37d454479b568284334f5d01038ec4c46d3,pass,0,2026-10-03T02:36:38.698686+00:00,False,ko-codex-v1
accwij,A,b3fb49c30c4ea0a26020c6ecc81f46b052ffaa43057091a42d3643578eda2bff,b3fb49c30c4ea0a26020c6ecc81f46b052ffaa43057091a42d3643578eda2bff,b3fb49c30c4ea0a26020c6ecc81f46b052ffaa43057091a42d3643578eda2bff,pass,0,2026-10-03T04:18:17.579651+00:00,False,ko-codex-v1
accwij,B,96baa9485b2ec6601de932883059f0a545c4a0a81da9d38e87f70b05244b4565,d38c2e24c4d0209337b3b7cc3ad96d841a170a2ebf76a26e5069667c15a79179,d38c2e24c4d0209337b3b7cc3ad96d841a170a2ebf76a26e5069667c15a79179,revised,2,2026-10-03T00:24:39.692767+00:00,False,ko-codex-v1
acfps3,A,c166a1ece868575a2b9a8ecd71e459a4cf97d4de2ae4c121a017463f4e8efda5,e4185ef74975eefdd0f75925f060afcdb2ab9053446c3aeea4f629e28ffefd55,e4185ef74975eefdd0f75925f060afcdb2ab9053446c3aeea4f629e28ffefd55,revised,3,2026-10-03T01:43:39.541586+00:00,False,ko-codex-v1
acfps3,B,bdcbdd76caa3e7188fc52d8fc482011ccef5d45730dd100f2214383477ef652f,b2ffc5d9f871ab7edb1ffefc38285362dea7e2ae60b1c5e7f368f6b9ed91f1f3,b2ffc5d9f871ab7edb1ffefc38285362dea7e2ae60b1c5e7f368f6b9ed91f1f3,revised,1,2026-10-03T07:33:43.468449+00:00,False,ko-codex-v1
ach6h2,A,9152b16a1a435edbd97a257f12b3fcdae5d253438e044c9f52dcf8eb0c67d690,9fcacc0fcabf10fcf33fb8a3c35f944db18cdf04ed2b9b7d4750c13f37b330a2,9fcacc0fcabf10fcf33fb8a3c35f944db18cdf04ed2b9b7d4750c13f37b330a2,revised,2,2026-10-03T02:56:27.952883+00:00,False,ko-codex-v1
ach6h2,B,0726cbbd4bd635f18e65ecda4f82c264a1587cad61599e02c40d44ddc5489d4e,cde39f6123dc01a099f389ba404e0330a8b618dd2f2133e8b8ebcf0b38da9b6e,cde39f6123dc01a099f389ba404e0330a8b618dd2f2133e8b8ebcf0b38da9b6e,revised,2,2026-10-03T01:36:47.735774+00:00,False,ko-codex-v1
acml4b,A,81ad11c2c7bcb1beb2cf414caaad1e06dde23e6e6b8788f305d91c6cab9b4675,910b11ab232bc6b0af60371a1ad617f5223d8333bf3903cb47c5675025837f4b,910b11ab232bc6b0af60371a1ad617f5223d8333bf3903cb47c5675025837f4b,revised,3,2026-10-02T21:39:47.482364+00:00,False,ko-codex-v1
acml4b,B,da228136b1ae37e7b4193888ce5a0e1f0181a5cfd3cd4c5ba04cd0115888e006,b73166c2c4d66f3ef9a89b1e59c65a07a4bd360dc379d34a1847c52a25b78ffb,b73166c2c4d66f3ef9a89b1e59c65a07a4bd360dc379d34a1847c52a25b78ffb,revised,3,2026-10-03T04:50:49.479988+00:00,False,ko-codex-v1
acrcgr,A,863eadb9709ee5699ae4e9c1a1e2c7532a6638e8d3be983f6df969812f7b91c7,bedebff3a27eeecb6f5d01601e15fb213e51a9822b445b67d6d9fd613fd8f6a9,bedebff3a27eeecb6f5d01601e15fb213e51a9822b445b67d6d9fd613fd8f6a9,revised,2,2026-10-02T23:26:42.496302+00:00,False,ko-codex-v1
acrcgr,B,554282e8a5f309203d868c7415191c37655b40ebfa3f7744a8d7523e7619a8f9,2bb4a817edc4ae5435ea92d1d34456ae92aa5dcc1abfcaf7b338cd3c12927a83,2bb4a817edc4ae5435ea92d1d34456ae92aa5dcc1abfcaf7b338cd3c12927a83,revised,3,2026-10-03T10:44:15.963410+00:00,False,ko-codex-v1
acu2dy,A,be96c871f33f1f9fd682d8c7514b866b52d49ddd92170ddcc7e582dcd9545afe,2573ace7ba4439a1ac815a98e537001ae7d161e713967d00c2d7d5d8d7eb224c,2573ace7ba4439a1ac815a98e537001ae7d161e713967d00c2d7d5d8d7eb224c,revised,2,2026-10-03T04:52:27.472825+00:00,False,ko-codex-v1
acu2dy,B,cebb475842cdd175e1478e425a304efca64812213fc28043c9d6dfc8c836a645,cebb475842cdd175e1478e425a304efca64812213fc28043c9d6dfc8c836a645,cebb475842cdd175e1478e425a304efca64812213fc28043c9d6dfc8c836a645,pass,0,2026-10-02T22:56:20.652815+00:00,False,ko-codex-v1
ad6qd8,A,79769e38480cd63d1c2299668ca279e820aa3a4a1be5ed1d290ab4561c967421,8a30f38384ea14f1909f682aa3bdbbe54fb453b0a80b88727965bbf79dc9cbd2,8a30f38384ea14f1909f682aa3bdbbe54fb453b0a80b88727965bbf79dc9cbd2,revised,4,2026-10-03T11:03:54.856456+00:00,False,ko-codex-v1
ad6qd8,B,bda5406863f96a7656fcf9c9d2770d4ccbe2f6187044a0b6827993d50e70e211,a13af9ad0d86962864c485354684270817e3b940f9c093a998ffa7eee5802264,a13af9ad0d86962864c485354684270817e3b940f9c093a998ffa7eee5802264,revised,1,2026-10-03T11:01:42.050523+00:00,False,ko-codex-v1
ad7afe,A,5657b92793852e53899db34cecc2629fb61eb5ccdc305d8cb0f7c9d81b8e7b21,2f10d418f981ac1d9bbe8597dd01d9945be91f29fbac617d8cbc34620e5d9ce4,2f10d418f981ac1d9bbe8597dd01d9945be91f29fbac617d8cbc34620e5d9ce4,revised,7,2026-10-02T21:44:50.505622+00:00,False,ko-codex-v1
ad7afe,B,9f2dbf97c6f1bf5fe62ea4df0f9ecdb223119e4e5907d8404dce16b2eb6dae89,bae834bc18f50a1b103369c48b19c5024a290fcb9b387d28f0bc4677aac249d8,bae834bc18f50a1b103369c48b19c5024a290fcb9b387d28f0bc4677aac249d8,revised,6,2026-10-03T06:25:36.199195+00:00,False,ko-codex-v1
adbagk,A,3d1b5870614fcaa05a80f7cddc7662ef67c87f3894ff1a0783570a2db77a9714,6524442ac8d3a24e7b722b3124b190fcf8232e81ec8bfea1c11b051dfbadca38,6524442ac8d3a24e7b722b3124b190fcf8232e81ec8bfea1c11b051dfbadca38,revised,3,2026-10-02T22:42:53.623768+00:00,False,ko-codex-v1
adbagk,B,1f6b0cd8523e1261e81e0a6b1b949fc60c0eafeba17c688587355fc3e1d04b82,1759ad4ca7907fabdd9377c930a899d01672896226c667109f30ccd7679a6f97,1759ad4ca7907fabdd9377c930a899d01672896226c667109f30ccd7679a6f97,revised,4,2026-10-02T23:43:37.718015+00:00,False,ko-codex-v1
adi5fv,A,25acce537acb67695b8ec5934cc03a2bfc05d6600898155035b6b566b032560b,6db9198b1de3fabe6bbb0d012a304c04784860eb0fbc604c5a6397f7007f5221,6db9198b1de3fabe6bbb0d012a304c04784860eb0fbc604c5a6397f7007f5221,revised,9,2026-10-03T06:59:44.178595+00:00,False,ko-codex-v1
adi5fv,B,9ed01de4d3fc292f64604307c45f4cd2e4f6a69f6975265af691b823b7309f1e,7c31bc141260bc753d57b90d2293bef01eb3497e98642212decabdabaabe88b5,7c31bc141260bc753d57b90d2293bef01eb3497e98642212decabdabaabe88b5,revised,2,2026-10-03T01:26:52.228541+00:00,False,ko-codex-v1
adm44j,A,469cc51413ba548bd4d3b3e284487c8132ee52b6f01fe1babc85bdcc452d2a35,5734b6f991e9bf39a9dc7753755c6d07044055e0d9eab27efa008c19e0710fd0,5734b6f991e9bf39a9dc7753755c6d07044055e0d9eab27efa008c19e0710fd0,revised,3,2026-10-02T23:08:43.636977+00:00,False,ko-codex-v1
adm44j,B,083019fc8157bb159d91a1af2a81cdd81a3bc02eb3963a9068ea89dcf2f7c2ef,7bc41fcd1e107fcb9eecff0d2af3a5413ead86c5803831ae718753cc0adb1e07,7bc41fcd1e107fcb9eecff0d2af3a5413ead86c5803831ae718753cc0adb1e07,revised,4,2026-10-03T11:08:22.427058+00:00,False,ko-codex-v1
aed0qd,A,7ce878f47c9e5fee3190b04096bc9c4c435ee704e14b335c1a49cb4bbc1c79bc,a6f04b2727dde8b70f881cb6586f2506d4369e112de2b6d4e16fcb5a9a1991a9,a6f04b2727dde8b70f881cb6586f2506d4369e112de2b6d4e16fcb5a9a1991a9,revised,2,2026-10-03T08:50:25.181086+00:00,False,ko-codex-v1
aed0qd,B,8dce3d5073f38cb5b96903c8f506cf260368cd21955dfec5f772fec7effb86ee,8fe480c5e2d876dda2d6583526fd8a213ec2066747905542cbb79aa078ab9fa0,8fe480c5e2d876dda2d6583526fd8a213ec2066747905542cbb79aa078ab9fa0,revised,4,2026-10-03T03:41:34.160131+00:00,False,ko-codex-v1
aed3e9,A,4714a35d117e811968a64fbe6576aea6d0ee9ff79151decc521844bdbbf00b0f,4714a35d117e811968a64fbe6576aea6d0ee9ff79151decc521844bdbbf00b0f,4714a35d117e811968a64fbe6576aea6d0ee9ff79151decc521844bdbbf00b0f,pass,0,2026-10-02T23:10:57.721029+00:00,False,ko-codex-v1
aed3e9,B,39748c657df084e890305e2c2fcb8ba268ece6d6581463b42a7afe731e59ddbf,39748c657df084e890305e2c2fcb8ba268ece6d6581463b42a7afe731e59ddbf,39748c657df084e890305e2c2fcb8ba268ece6d6581463b42a7afe731e59ddbf,pass,0,2026-10-03T02:09:05.565151+00:00,False,ko-codex-v1
aeofpq,A,6f978decad4c7c93c3fc26fbe9c4e4bb2959af09ee4c6c52801333b608688ddb,e8256c016c8ced82f2649f25253389942aeca135297cf23056a5352272e66fba,e8256c016c8ced82f2649f25253389942aeca135297cf23056a5352272e66fba,revised,1,2026-10-03T00:22:46.168050+00:00,False,ko-codex-v1
aeofpq,B,aef865c69eee74e849a2e9dc4a019d4e14442268b5aa8867082566573b71e8b4,aef865c69eee74e849a2e9dc4a019d4e14442268b5aa8867082566573b71e8b4,aef865c69eee74e849a2e9dc4a019d4e14442268b5aa8867082566573b71e8b4,pass,0,2026-10-03T03:19:37.050278+00:00,False,ko-codex-v1
aes8hr,A,cd75eeb6db87b9e33f51ad25f107f7c73ff367ade458752ad83dcdbd03c313e6,84c4ae6e4c6bc6a735bdba0fde2a46e90bd87633d5e99721b516a132775361c7,84c4ae6e4c6bc6a735bdba0fde2a46e90bd87633d5e99721b516a132775361c7,revised,4,2026-10-02T21:49:07.085808+00:00,False,ko-codex-v1
aes8hr,B,966ffbd63752b3d7fa6afee9dac5c3e7d31d48daf785b4c1ed40db064c6cc410,6413f1b8f4825ca8d14b875c97b163a2e70513dea73ff5a5fb5193d226d8cca9,6413f1b8f4825ca8d14b875c97b163a2e70513dea73ff5a5fb5193d226d8cca9,revised,5,2026-10-02T23:25:17.436610+00:00,False,ko-codex-v1
aewoik,A,4bf7fb4a6a596cdf4a7789e3bcddb58f05856af2b1c8f88ccef193c430e0c855,69b2316b6617005179f3f4bc2bc7595da0b57a348f0631212e822df5366ae405,69b2316b6617005179f3f4bc2bc7595da0b57a348f0631212e822df5366ae405,revised,3,2026-10-03T02:06:01.721621+00:00,False,ko-codex-v1
aewoik,B,206b8492de1978b8bc1731b581bad90ee899f59a650ee0aa952749acf2a9f4d7,211f4f8909ac4c5ab0a36c9ed3016da0c3984c6206b75bf824f16ec19d324fe8,211f4f8909ac4c5ab0a36c9ed3016da0c3984c6206b75bf824f16ec19d324fe8,revised,1,2026-10-03T08:09:22.434468+00:00,False,ko-codex-v1
aey6au,A,ae84887e163a4bcbe2e2072de916c7a9fa75e000e5bed21288526c72b482e714,73f13a278358bcb2090d19a45518fc3f191af9d00e2e93bd8d234f97c058354b,73f13a278358bcb2090d19a45518fc3f191af9d00e2e93bd8d234f97c058354b,revised,3,2026-10-02T22:16:53.647970+00:00,False,ko-codex-v1
aey6au,B,6ccb637f40e6a4e9f1e7d437e2fb1d14b8dfb5cfbc673881e98facc2ac155988,fd424a47e44ef8674c0d645be10ab4f3c0b421f9fd89fc94fcd79b4422479e59,fd424a47e44ef8674c0d645be10ab4f3c0b421f9fd89fc94fcd79b4422479e59,revised,5,2026-10-03T07:00:19.975919+00:00,False,ko-codex-v1
afmf4k,A,7485d15e2416270cbee2fdb719af0b76721ca44b096b34283dcafa950f774b9e,1295d1afe2d4a07ab6dc4ffca7f193dac2d575c4f1c7ffed8037e451f31542c3,1295d1afe2d4a07ab6dc4ffca7f193dac2d575c4f1c7ffed8037e451f31542c3,revised,5,2026-10-03T00:05:38.004580+00:00,False,ko-codex-v1
afmf4k,B,33c56d20b52c94e62daa8663428712665ed0acc2706c5a8805b7df06ac416032,58a801e07525e50740b7fae883404192a0d9e391501c05552d106109a87523a8,58a801e07525e50740b7fae883404192a0d9e391501c05552d106109a87523a8,revised,2,2026-10-03T04:03:17.487149+00:00,False,ko-codex-v1
afqezb,A,88a50f3dee55e2ca51b9163b4b327b37a44728cd75f30c12838086d4cb7068d1,149f36931a4b36251b73cd153c0a2edbdc710a30e66c38710e38fd1adc500d1c,149f36931a4b36251b73cd153c0a2edbdc710a30e66c38710e38fd1adc500d1c,revised,3,2026-10-03T05:26:42.975389+00:00,False,ko-codex-v1
afqezb,B,a24c3a272ff3209f0f0b3276a4ff736e23332487642a9efb4097f45566bfeee6,eef9e02bf6df53b10a58be2625a6b6bcdc24c00810437778fec1778f3b6d609d,eef9e02bf6df53b10a58be2625a6b6bcdc24c00810437778fec1778f3b6d609d,revised,3,2026-10-02T21:20:45.438907+00:00,False,ko-codex-v1
afrb1e,A,3bbce7edddbbe0347385b6acda0cb5584a193098a27edc03785d81b4f0b19030,10d1d885ab69ca46d8c1ac3ea002c13f2501a82c7f230e0460b846b3dbb72d3c,10d1d885ab69ca46d8c1ac3ea002c13f2501a82c7f230e0460b846b3dbb72d3c,revised,4,2026-10-03T00:05:42.325168+00:00,False,ko-codex-v1
afrb1e,B,dd51e9e54068759d17a10b60261943f9d534cba989474959cac0d918f53fbe2c,b1fdb9d41b0a81e5ca96bcd10b0e71fe354f7c1bd91d3db69f4adb64b78822a8,b1fdb9d41b0a81e5ca96bcd10b0e71fe354f7c1bd91d3db69f4adb64b78822a8,revised,4,2026-10-03T08:35:53.859882+00:00,False,ko-codex-v1
afslk9,A,98dc2c3878c55b1a18f93224092ed0482b4098e94887056b40646b01ed8702ae,d5b360f81d750e91d33dd7dd5036583f82bc65d3172d03712da794c16eadec46,d5b360f81d750e91d33dd7dd5036583f82bc65d3172d03712da794c16eadec46,revised,4,2026-10-03T04:09:09.803832+00:00,False,ko-codex-v1
afslk9,B,8d79120d3f0218b87c910a8b40f53777b763ed5ddb4278e3e55b720b848ce41e,8d79120d3f0218b87c910a8b40f53777b763ed5ddb4278e3e55b720b848ce41e,8d79120d3f0218b87c910a8b40f53777b763ed5ddb4278e3e55b720b848ce41e,pass,0,2026-10-02T21:14:32.048245+00:00,False,ko-codex-v1
afurnp,A,1da5d99da1b1ae846265b08362b2963015f10627b08360be29137d7f78278423,fa56c0ead939241a5aae1ec2c88a887772c5081485050a372cc490eabfbdab90,fa56c0ead939241a5aae1ec2c88a887772c5081485050a372cc490eabfbdab90,revised,3,2026-10-02T21:48:35.925908+00:00,False,ko-codex-v1
afurnp,B,b47739fecd469e8a4a80212322a19e716c89a8dce996154a1a0338b564d332ec,a9497b7db935067a52e331462e7c6a96e69c87fbca3f67f905877366bbbccf05,a9497b7db935067a52e331462e7c6a96e69c87fbca3f67f905877366bbbccf05,revised,1,2026-10-03T03:29:54.450656+00:00,False,ko-codex-v1
aggtxp,A,f6aa8699913131a34e1a0b0f0b6415a93f334fdfab0f0cdc344630c00257eae3,094172aea8ea725191d22b17bdc59a168e173ca80aaf7425557b5ef8b4510577,094172aea8ea725191d22b17bdc59a168e173ca80aaf7425557b5ef8b4510577,revised,4,2026-10-03T02:02:03.579775+00:00,False,ko-codex-v1
aggtxp,B,75e93f59333e41c1cfc9f395a57d212b1d541f283f4ee19dc18e21fdd2e8df09,17a4afb9a78eac1fcbfeb95866e172543cdf7ffb32bbc8898b67309c5308b9dc,17a4afb9a78eac1fcbfeb95866e172543cdf7ffb32bbc8898b67309c5308b9dc,revised,3,2026-10-03T07:27:25.089973+00:00,False,ko-codex-v1
agp939,A,119f70c66aa27dd58c6884ef709fc557837dce36b108477302c21c54d3ac97e8,e894e45a5a398750bae9c299a5939ab54c54d1e37d75d0634092b5a5e9383685,e894e45a5a398750bae9c299a5939ab54c54d1e37d75d0634092b5a5e9383685,revised,7,2026-10-02T22:15:07.431401+00:00,False,ko-codex-v1
agp939,B,c1d4e80cdb5eddce979fdb8e538e9ed02a333586d0d9c4a55952b8068281f133,63922376335e7e72158cff576175db73bfe3f8f03ec6b8f2b50a304b6089cf7b,63922376335e7e72158cff576175db73bfe3f8f03ec6b8f2b50a304b6089cf7b,revised,4,2026-10-03T02:08:25.560061+00:00,False,ko-codex-v1
ah01yi,A,8af24d305acdff6c0e60395dc98e151aa68f296b6950b0394e3e665592084f4f,71b48a007bd63a01cc3093267995b081158d15499a3f19171522e8936101ab93,71b48a007bd63a01cc3093267995b081158d15499a3f19171522e8936101ab93,revised,5,2026-10-03T00:34:28.393426+00:00,False,ko-codex-v1
ah01yi,B,e39047ccb7d1d98d48c759f64d82fa97d40c7ccd9ac105fbb636d9862080cd30,3f6bcb0816bd094096b799fcefc024d031f4b90d7058696c76dcff1183e1b970,3f6bcb0816bd094096b799fcefc024d031f4b90d7058696c76dcff1183e1b970,revised,5,2026-10-02T22:15:27.533898+00:00,False,ko-codex-v1
ahir69,A,41448ad94a2e9786e04c85915a9ac5bcd9c4976b18769a11666d2b6fead7f519,23bd9063b796bfb8978e873dfaabbcf1da8a2fdf026747c85a5db7e51a839258,23bd9063b796bfb8978e873dfaabbcf1da8a2fdf026747c85a5db7e51a839258,revised,2,2026-10-03T04:43:54.972811+00:00,False,ko-codex-v1
ahir69,B,1380aff2f93eb7745fad20546a781b4369f727cf71f0e9d33161d7ed13118a1a,1380aff2f93eb7745fad20546a781b4369f727cf71f0e9d33161d7ed13118a1a,1380aff2f93eb7745fad20546a781b4369f727cf71f0e9d33161d7ed13118a1a,pass,0,2026-10-03T02:27:34.994550+00:00,False,ko-codex-v1
ahke0q,A,9a4d35f7f0b4db6281db7e0cca9eca75cac6f30dce9db6c4fc020eb947fda24e,3f30e23c991458b1587b38f49337e521ec3c962be24aef0d958f91abe21b8db1,3f30e23c991458b1587b38f49337e521ec3c962be24aef0d958f91abe21b8db1,revised,4,2026-10-03T06:56:14.234530+00:00,False,ko-codex-v1
ahke0q,B,fbd85f9c19ab60c207f6354e31eb61b14c43838f026dd4d222ef92ef1bedcaad,371cda5366ae5c2fa25ae3b0ac3a0f195516edfd5bbca8e6df76d1e096bda21d,371cda5366ae5c2fa25ae3b0ac3a0f195516edfd5bbca8e6df76d1e096bda21d,revised,1,2026-10-03T12:12:09.388817+00:00,False,ko-codex-v1
ahq8eq,A,500b3e51f8d52d95fee140bfe4b99b37c05df5da46f662590eb030da9df24a93,588e59fde1926862e4a86d797723f33673eb5081b227cf099077591e9cc7689b,588e59fde1926862e4a86d797723f33673eb5081b227cf099077591e9cc7689b,revised,4,2026-10-03T03:59:53.763182+00:00,False,ko-codex-v1
ahq8eq,B,a4a4aeb9866d9c22c86f2afcd667d1932efdc2e0a7c963f8fcc31de31ab4e100,a4a4aeb9866d9c22c86f2afcd667d1932efdc2e0a7c963f8fcc31de31ab4e100,a4a4aeb9866d9c22c86f2afcd667d1932efdc2e0a7c963f8fcc31de31ab4e100,pass,0,2026-10-03T10:41:07.840627+00:00,False,ko-codex-v1
ahw3i9,A,8aa527d9a100a29ddf0fdf1cfe4ddb9757ff0a9ba9e8e783717b0f03e70db1a0,2fbe812856975f3dc0136a9e674b19921820a926b5bc83e1260028d1bc495883,2fbe812856975f3dc0136a9e674b19921820a926b5bc83e1260028d1bc495883,revised,3,2026-10-03T04:24:53.852293+00:00,False,ko-codex-v1
ahw3i9,B,f6f6b5df52e7a03992677b0eabb62a8f74e0628d65109e65000ccb7bbb6cfb11,14fdcb79bbd7024ddc0f8161c82ece44f7d0db8cea8e526c829a69a40c054674,14fdcb79bbd7024ddc0f8161c82ece44f7d0db8cea8e526c829a69a40c054674,revised,2,2026-10-03T01:43:09.457288+00:00,False,ko-codex-v1
ai07jd,A,7d5827b4f43455fe2022768d72e74e6da0be590e8cf16bad6fcee2d485aa4ed8,c6a1d1ab759bdf37325ba182c980c716ac6a08666f10301064319df5ec7aeef4,c6a1d1ab759bdf37325ba182c980c716ac6a08666f10301064319df5ec7aeef4,revised,4,2026-10-03T06:59:44.977459+00:00,False,ko-codex-v1
ai07jd,B,57494c126561a9bb60e5b9f001ce08529830f0595f3aa8fb29e7613c8ea0b43d,34633ae8f41930752bb4e2f161f3b79c426c7944bbcf742280df4c723c896fb2,34633ae8f41930752bb4e2f161f3b79c426c7944bbcf742280df4c723c896fb2,revised,4,2026-10-03T06:54:06.853662+00:00,False,ko-codex-v1
aibiat,A,0dc9cf60632c3a8f82c0f0218b755a26af1640f5ef4dfdc6cddda1361890fcb3,ce2116135f094ac13844e39826061b2d2d585fdb982dfb693adcbba7b36878f3,ce2116135f094ac13844e39826061b2d2d585fdb982dfb693adcbba7b36878f3,revised,2,2026-10-02T22:48:40.369648+00:00,False,ko-codex-v1
aibiat,B,76a88a652e808b5471e646c98f145f958d7c4264d7106440c767916c6fdb26c2,4908117f7dd3de09cadf2ad74e92b2bbfcf13cd193139ec1f05a5cab67768f6d,4908117f7dd3de09cadf2ad74e92b2bbfcf13cd193139ec1f05a5cab67768f6d,revised,1,2026-10-03T11:15:33.391350+00:00,False,ko-codex-v1
aifr3w,A,05e83816cc353c4df9fbaa68f0025a0c2310a9869f6cd7541303f4872cd82e64,aa1ee0166cfa28754536a38b613540f9176c12c6dddd6fecd68fa9934d421eb6,aa1ee0166cfa28754536a38b613540f9176c12c6dddd6fecd68fa9934d421eb6,revised,3,2026-10-03T04:09:34.889352+00:00,False,ko-codex-v1
aifr3w,B,861988ebf2a8cb69d4c9604969bfde182b8e70138d4d55b9d44d3eba1bb1583a,a2b1541388b1af9ef0be214f301e48e6cd6244ab012bc22cfb2d7f8d6d213c60,a2b1541388b1af9ef0be214f301e48e6cd6244ab012bc22cfb2d7f8d6d213c60,revised,4,2026-10-03T04:14:57.572829+00:00,False,ko-codex-v1
aih81f,A,4cb0d9830aef2cd725e15feaa16542fcb626e0293c44a4bd9baa54a02303e8bd,1e44d251cf5514681b3ace40e9b05be9a584f935ea63acbf5e7d5419d96d0b7b,1e44d251cf5514681b3ace40e9b05be9a584f935ea63acbf5e7d5419d96d0b7b,revised,1,2026-10-03T00:36:51.152007+00:00,False,ko-codex-v1
aih81f,B,21553225372808dcbf387638730067cd315378f5fb588f48a25b928b7af78ce5,21553225372808dcbf387638730067cd315378f5fb588f48a25b928b7af78ce5,21553225372808dcbf387638730067cd315378f5fb588f48a25b928b7af78ce5,pass,0,2026-10-02T22:25:50.460389+00:00,False,ko-codex-v1
ais2mp,A,e20adc33a0aa46d38d2fb29a75c9335010f474e06869e7629d20f35169046e77,18336427d9c02801a4ccaa35424a512f6ad0888b3d779089ede0a8a3f2fc36ea,18336427d9c02801a4ccaa35424a512f6ad0888b3d779089ede0a8a3f2fc36ea,revised,5,2026-10-03T01:21:28.844838+00:00,False,ko-codex-v1
ais2mp,B,dc4bed407ba37a9ef407dfa2951809122c39a9c264767711bf26abf307795888,758733924d61e676b40de6453986b33c45e800bb76fc73b0f5776dd98d69fbb1,758733924d61e676b40de6453986b33c45e800bb76fc73b0f5776dd98d69fbb1,revised,2,2026-10-03T07:51:37.745140+00:00,False,ko-codex-v1
aisfk7,A,9b63a0c750db7e96c5c70eb5a16536afcf1afb9e56a8bfdd2872fffa09eddbb6,4c0b0034b2eef42c5489dbe1d94f4ebd4ae5b6c8116c51fc8c685af15f732d4c,4c0b0034b2eef42c5489dbe1d94f4ebd4ae5b6c8116c51fc8c685af15f732d4c,revised,6,2026-10-03T03:10:21.691892+00:00,False,ko-codex-v1
aisfk7,B,2983076a3ee56bae297383ab5dc062088599c8cbc62e671696f2fac70853b14b,1bebff9bbf2c74d55fcd9b0dc63e0632ef20aa391962848720aff3d0eab718f5,1bebff9bbf2c74d55fcd9b0dc63e0632ef20aa391962848720aff3d0eab718f5,revised,2,2026-10-03T03:10:17.421268+00:00,False,ko-codex-v1
aivcsr,A,1b6dd2015d06b38a0c516c6b7cdbf0da9fe44294a019c6b1b2e9624df589764a,e59db020843265d846d644ae113daf37137cadb4278454ceaca7a9c1759ca5c1,e59db020843265d846d644ae113daf37137cadb4278454ceaca7a9c1759ca5c1,revised,3,2026-10-03T02:17:04.978839+00:00,False,ko-codex-v1
aivcsr,B,797f7fbd3379f05124eb2da1458169ee7514fa95e444414783877cfc4fd7cead,8a55898518369691b92c39b665e51931e0ab826dd93e43add76afb5faa13078c,8a55898518369691b92c39b665e51931e0ab826dd93e43add76afb5faa13078c,revised,2,2026-10-03T00:48:53.687678+00:00,False,ko-codex-v1
aiy4fc,A,6c5b9afe2a275547e452e7c410b6fa14a807c78514c7cd7fc0bfbb63d3254a05,dba37b8184593eb9efff6fa57ad9da31d1b0f004fe143e9f559a5e2d4a15cd4a,dba37b8184593eb9efff6fa57ad9da31d1b0f004fe143e9f559a5e2d4a15cd4a,revised,3,2026-10-03T04:53:43.728003+00:00,False,ko-codex-v1
aiy4fc,B,4eea9d7e315328d3f39692bea9a437bf20b2eafaf96360c2e1de11f26f4d67e3,cb3b2fa4bcfcbf6fb74492c45b4cbc93be02fa76105488e4cfad3e11e34c5748,cb3b2fa4bcfcbf6fb74492c45b4cbc93be02fa76105488e4cfad3e11e34c5748,revised,4,2026-10-02T22:15:55.201891+00:00,False,ko-codex-v1
ajihjz,A,61e7b95286a0bab061ec59de40fcf9fcc63230eda83e5604066a4a50ae82d0d6,5e950e3cac4b85a8dbf38b43cfb4d4908240c57b6fc2059d2f88c0ae55e21567,5e950e3cac4b85a8dbf38b43cfb4d4908240c57b6fc2059d2f88c0ae55e21567,revised,5,2026-10-03T02:59:27.396937+00:00,False,ko-codex-v1
ajihjz,B,00aa42d8d5ae003f3f2522095ec53d4efbeee1b4edcfd3e785f100c62fa7c884,c4f67f57d5a3070ee5abe3f732bc56b123703c7002ed1855f56dc98592b02bd6,c4f67f57d5a3070ee5abe3f732bc56b123703c7002ed1855f56dc98592b02bd6,revised,1,2026-10-02T21:15:23.928884+00:00,False,ko-codex-v1
ajwzy1,A,cab70e2bbc96e01f949b85b2a880a6f7a4a1a170ffbdaa7e5bc2af6ec5ea729f,0f31dc72c8f1af6f0ed1831ff9bd044fba2290d12aa1bb5357adb2069109cc12,0f31dc72c8f1af6f0ed1831ff9bd044fba2290d12aa1bb5357adb2069109cc12,revised,3,2026-10-03T00:12:55.959151+00:00,False,ko-codex-v1
ajwzy1,B,0bfac01cb6a57b01e94b2ef0acb05a7d0d14cba991a4a35ad1feaafb31d6938e,837d83506c0f1050750d1ded515e248330282e89516a11f262cc6d3f252e9b46,837d83506c0f1050750d1ded515e248330282e89516a11f262cc6d3f252e9b46,revised,4,2026-10-02T23:51:06.458462+00:00,False,ko-codex-v1
ak6zkl,A,86676ffa4a00104da21cb2d1f989dacec1479166978dcf88507e6cf49b6c8f56,86676ffa4a00104da21cb2d1f989dacec1479166978dcf88507e6cf49b6c8f56,86676ffa4a00104da21cb2d1f989dacec1479166978dcf88507e6cf49b6c8f56,pass,0,2026-10-02T22:56:20.224960+00:00,False,ko-codex-v1
ak6zkl,B,fa7d9aef96c58f956846b4ade5548f9f8fc9abcc57b8c98c8a0e05e1a89d3355,95688e7f9a59e6cbf803db69a0cad1c08ef6debb6024f9841f6adc3bd06f2f00,95688e7f9a59e6cbf803db69a0cad1c08ef6debb6024f9841f6adc3bd06f2f00,revised,1,2026-10-02T23:27:02.616936+00:00,False,ko-codex-v1
ak7xaf,A,eabf8438f427a8c439e5b459469a3c6b293a0079d505484aed03410678ef783e,6798150747862c793eab8a9ec1dfa1e32d154773abe0a3bf1b66c10ab27f879d,6798150747862c793eab8a9ec1dfa1e32d154773abe0a3bf1b66c10ab27f879d,revised,6,2026-10-03T10:48:46.612543+00:00,False,ko-codex-v1
ak7xaf,B,5dcd7c7824fa70a0979011508848eec69b37d9f56ef10e70fbc3903c2b1afbb4,3f2169872ed1b6a0d9c23a93781d1e869971d940783e0f0d442164b07ec6602f,3f2169872ed1b6a0d9c23a93781d1e869971d940783e0f0d442164b07ec6602f,revised,4,2026-10-03T02:35:34.357187+00:00,False,ko-codex-v1
akx2df,A,1a0a6644d47beeb2db9573d26e82d2842b85ac95860eaf9a7b1f80ef671b57c3,33fb73acac83127f2b491812aa3d4414acd20ac669a6a11b2a8b30a5edfe6e50,33fb73acac83127f2b491812aa3d4414acd20ac669a6a11b2a8b30a5edfe6e50,revised,6,2026-10-02T22:39:16.628476+00:00,False,ko-codex-v1
akx2df,B,b4d3564fed6911d185f479b8c970c93b524b83365d10de784532ba36a37a5ef8,0d719252d6e2c9ef16f128cb16ca36b2a8ad64a5c6c90de9bdc6dea063c2e662,0d719252d6e2c9ef16f128cb16ca36b2a8ad64a5c6c90de9bdc6dea063c2e662,revised,5,2026-10-03T01:45:11.657932+00:00,False,ko-codex-v1
al6igx,A,e64e29fa18b090e539f08567ce9292adbd17f10d9784452a4f90de2fe166b44c,19983ae8f27ece57e69af86ce8c93841863c364d4ffd9b85cf92a571f4ceaa49,19983ae8f27ece57e69af86ce8c93841863c364d4ffd9b85cf92a571f4ceaa49,revised,4,2026-10-03T07:33:29.420068+00:00,False,ko-codex-v1
al6igx,B,650880d45901c7b1c51c3c0f63e6a37660780ef66d562b7e7aecfd5d28b1f272,fe484a15263c2deb0016aed32e3b4cdd3e29f596dce4451b70c5e7597c79bf71,fe484a15263c2deb0016aed32e3b4cdd3e29f596dce4451b70c5e7597c79bf71,revised,2,2026-10-03T06:58:42.650636+00:00,False,ko-codex-v1
alnfoi,A,47f6058b7b5a5a2fc621f5d170cb6baeacd4f09f6ae0185e975c03337ec19ab0,47f6058b7b5a5a2fc621f5d170cb6baeacd4f09f6ae0185e975c03337ec19ab0,47f6058b7b5a5a2fc621f5d170cb6baeacd4f09f6ae0185e975c03337ec19ab0,pass,0,2026-10-02T22:44:09.204171+00:00,False,ko-codex-v1
alnfoi,B,19c6132be93ce68c095e0a0b303e1adffe5e1c51ee82c88c3f00bb460197705e,19c6132be93ce68c095e0a0b303e1adffe5e1c51ee82c88c3f00bb460197705e,19c6132be93ce68c095e0a0b303e1adffe5e1c51ee82c88c3f00bb460197705e,pass,0,2026-10-03T04:51:29.647790+00:00,False,ko-codex-v1
alooaf,A,5e1a0cbc24c3bc60cc0367bddb83c64c8f888d84de29aca1c0530de6680706b8,303f152d607cd27bc8407f2adc6f095ba8284be28fa7127c8c782e2bfd827d05,303f152d607cd27bc8407f2adc6f095ba8284be28fa7127c8c782e2bfd827d05,revised,2,2026-10-03T06:22:02.058350+00:00,False,ko-codex-v1
alooaf,B,0bd9b4b560e94a003d2ee59e5b5014b069ed9034f318a9d3f0ccd1d86ae9603b,f0f988a08d548090f4c6ad9cf81229f3c40e4fbdfcbe5ca100a25ad4582667bf,f0f988a08d548090f4c6ad9cf81229f3c40e4fbdfcbe5ca100a25ad4582667bf,revised,1,2026-10-03T12:32:55.274023+00:00,False,ko-codex-v1
alowl6,A,d5b3dd49a53c6723fea2dd678b7475df6795cd31dccf085e484020bbc1e9873d,cb2fa18a10b56f78309f71c2c4ee2d0a697b7e9360d909b8f3736b6f06858551,cb2fa18a10b56f78309f71c2c4ee2d0a697b7e9360d909b8f3736b6f06858551,revised,2,2026-10-03T06:29:09.588225+00:00,False,ko-codex-v1
alowl6,B,f5a96015c1c163c89683c077acbe69698c2bb40792aeb64cc33d9fdd53bcf91d,f5a96015c1c163c89683c077acbe69698c2bb40792aeb64cc33d9fdd53bcf91d,f5a96015c1c163c89683c077acbe69698c2bb40792aeb64cc33d9fdd53bcf91d,pass,0,2026-10-03T11:11:06.275493+00:00,False,ko-codex-v1
alsd4d,A,082e53185cf54466984d56e8bae3381b3d65dad7a9195b28bac5b0e4119fe643,a1cdb323ba0eceb1633689f34913abcee981384df01331c92df244a686581dad,a1cdb323ba0eceb1633689f34913abcee981384df01331c92df244a686581dad,revised,5,2026-10-03T01:56:10.998169+00:00,False,ko-codex-v1
alsd4d,B,cc40bec10533a650e874d392ac755d0360bae270487b7aff62974cfccdef7f99,c7ae2e5671d575ebfe27cfe34d6a2b6111eef916cc3626f372a3917b083e7945,c7ae2e5671d575ebfe27cfe34d6a2b6111eef916cc3626f372a3917b083e7945,revised,7,2026-10-03T04:21:22.925858+00:00,False,ko-codex-v1
am0049,A,c51699cd6f6a5d0cf7ba5553f9d5e1fb4ce8d814ea5bb47a88f8725bd09c65c4,61a2099dffac5c24cd2629489d74ca4d426438142079da4c63c2c503a564573b,61a2099dffac5c24cd2629489d74ca4d426438142079da4c63c2c503a564573b,revised,4,2026-10-02T21:35:57.427973+00:00,False,ko-codex-v1
am0049,B,61fa2dbddd1e78cbfe3dda0612b275627ae4a620c929d16b83f60c2f2dd1fee0,fadc18e519eb52ff5e9cf412359444a5c38e5786c5fa185cbef416478dd3f3f7,fadc18e519eb52ff5e9cf412359444a5c38e5786c5fa185cbef416478dd3f3f7,revised,2,2026-10-03T12:34:07.457258+00:00,False,ko-codex-v1
am95u0,A,05d9810ff1156cd84a9226824d97824a54f5bb1cdd2000c06531187b188e0e01,048f871eb01fd56fcbb8192f8d6f014b12b9a6d4efa22303297e7639d3aefafe,048f871eb01fd56fcbb8192f8d6f014b12b9a6d4efa22303297e7639d3aefafe,revised,2,2026-10-03T00:52:28.344766+00:00,False,ko-codex-v1
am95u0,B,573b4c141aa5c4756d430114def6f589690bd40d7bc7050178dd5273a44eacd2,573b4c141aa5c4756d430114def6f589690bd40d7bc7050178dd5273a44eacd2,573b4c141aa5c4756d430114def6f589690bd40d7bc7050178dd5273a44eacd2,pass,0,2026-10-03T07:51:05.221168+00:00,False,ko-codex-v1
ambzuc,A,c01d88f4a8696d7b61c49c32714bbe40d04206142a1cceaf7868ec82c79901dc,29fd3a40c3c30e8157c8d4b75bd5b8170ee2d9f45de124e44f04b31e1decfe19,29fd3a40c3c30e8157c8d4b75bd5b8170ee2d9f45de124e44f04b31e1decfe19,revised,1,2026-10-03T06:56:55.527289+00:00,False,ko-codex-v1
ambzuc,B,171a5921ba4402c32e8f8bad430530bc3c5c5c942b82e5830310aab0916a3f16,171a5921ba4402c32e8f8bad430530bc3c5c5c942b82e5830310aab0916a3f16,171a5921ba4402c32e8f8bad430530bc3c5c5c942b82e5830310aab0916a3f16,pass,0,2026-10-02T23:00:32.496755+00:00,False,ko-codex-v1
amit9l,A,be701355d1b6b07e058522f77dc1b75c5038f3c9ec2e60229e08c383d59c1873,37e85f12fca15b8a8d98c5a60499eebd5118cd849763a5a42c8923b9db836f3d,37e85f12fca15b8a8d98c5a60499eebd5118cd849763a5a42c8923b9db836f3d,revised,3,2026-10-03T03:23:11.213794+00:00,False,ko-codex-v1
amit9l,B,c18e3cb0856da9c7fb08b74e5b0b5c3e1e1d8d15d99af7a72cbf947e2840f242,c7abe4ebc00b9b08381b4068fcc6670953676df109bdf0e6e9685489db0147d8,c7abe4ebc00b9b08381b4068fcc6670953676df109bdf0e6e9685489db0147d8,revised,2,2026-10-03T03:40:48.306110+00:00,False,ko-codex-v1
an0eeb,A,a7308edb351a6bfb45f823b2524d76b45247b2683c79bab7e259a29b4124fa01,401d1651727d59250efe715b4ddf2f57d4ef2f4283c1b50aba431c28483f0ff9,401d1651727d59250efe715b4ddf2f57d4ef2f4283c1b50aba431c28483f0ff9,revised,1,2026-10-03T03:36:10.922355+00:00,False,ko-codex-v1
an0eeb,B,470747a186035fb9f8c7aa3ef805cb5c699b3fa09fd47e7995b32c68d178e0a1,4ac58c40769c5479a8574e488aef0aa560107eed308dfd20220c444b2868d75b,4ac58c40769c5479a8574e488aef0aa560107eed308dfd20220c444b2868d75b,revised,2,2026-10-03T03:48:01.863851+00:00,False,ko-codex-v1
an2tqw,A,3d8e6b3e06b5ff8cbecced23ced01bbf6cf106f40dd00943126ba878755701d8,7f8a8457407a26f7d3192a557fc2ef3b8f572f6f39cae065764e4db2d8e81c7e,7f8a8457407a26f7d3192a557fc2ef3b8f572f6f39cae065764e4db2d8e81c7e,revised,2,2026-10-03T12:01:32.402437+00:00,False,ko-codex-v1
an2tqw,B,61862e6f042df97edd66d726406007259308a78928a722afe2b21b8ea2075b66,a639e552f27ea756b55c5196b1ed0126c7c009490200f3afb92c106023545ee9,a639e552f27ea756b55c5196b1ed0126c7c009490200f3afb92c106023545ee9,revised,2,2026-10-03T01:24:56.483943+00:00,False,ko-codex-v1
an33ff,A,5e5a949a0f64f53934f6f0b73fba4e05cdf4e4d45ad961c32d83a3823998b5bb,836fa36c77fc8518ad9523bdb490ccd41751d2d88f54931e9583b689f34a33f2,836fa36c77fc8518ad9523bdb490ccd41751d2d88f54931e9583b689f34a33f2,revised,5,2026-10-02T23:04:37.740976+00:00,False,ko-codex-v1
an33ff,B,083b278154fa5b2767c6dbacb0ed95b5b4547092e1a45fca33333d887d58b091,6308c9a90efbc8e4bce6e433fffb50b2176c628cb2137cb8fda22b70b34dd2e8,6308c9a90efbc8e4bce6e433fffb50b2176c628cb2137cb8fda22b70b34dd2e8,revised,1,2026-10-02T22:43:44.442771+00:00,False,ko-codex-v1
an3chd,A,64c069dd952cf6b870fb66f16f22962168cb03c5e600f598fbb0bde4e4a16804,16fea08878d7da051d4ff34f66dffe46ee15bfc2d2e1d8e4438a88a2a7c813ea,16fea08878d7da051d4ff34f66dffe46ee15bfc2d2e1d8e4438a88a2a7c813ea,revised,2,2026-10-03T00:29:59.110122+00:00,False,ko-codex-v1
an3chd,B,d5e5d9ac01a0cfa8bc8c0be7b81387da424e67b5b2200aec4a36984a52bd3fbd,d5e5d9ac01a0cfa8bc8c0be7b81387da424e67b5b2200aec4a36984a52bd3fbd,d5e5d9ac01a0cfa8bc8c0be7b81387da424e67b5b2200aec4a36984a52bd3fbd,pass,0,2026-10-03T08:00:37.100013+00:00,False,ko-codex-v1
an3wy0,A,b5205bece1b54aed209c9f97ebbe0e8d350141863259555d7e303d6846842d57,57b16811c15d8a67f3fb5a3a3609ed9a262711b5e1f2dccd3e236b3957787c82,57b16811c15d8a67f3fb5a3a3609ed9a262711b5e1f2dccd3e236b3957787c82,revised,4,2026-10-02T23:00:01.244113+00:00,False,ko-codex-v1
an3wy0,B,a4277fdfe096cd3b0db316c174f691ab744b978c98f66510673d94218f99956e,6f36f1be6716ef97b0dd4fb19ca07550830d121d1802f851ec0a512fa83f4f67,6f36f1be6716ef97b0dd4fb19ca07550830d121d1802f851ec0a512fa83f4f67,revised,6,2026-10-03T02:19:13.571005+00:00,False,ko-codex-v1
an7jd2,A,f37c3f4827ecda54119eb89e2e3dc4162ad246ca88b567a82147edf40fa78252,56512b7f8acfb381516ece6de5be25c493ea31329fdc333988038c10850101be,56512b7f8acfb381516ece6de5be25c493ea31329fdc333988038c10850101be,revised,4,2026-10-03T02:11:53.396954+00:00,False,ko-codex-v1
an7jd2,B,106c00a3871b5d43976e3af1887fb43abffb4f663e5e1a5bfe2f6ca0908c2630,b21974d99aaf19b9afa8e46b3e57d800878b4eedcf1e7430d0d9d047a5a41fa4,b21974d99aaf19b9afa8e46b3e57d800878b4eedcf1e7430d0d9d047a5a41fa4,revised,2,2026-10-03T01:45:34.123741+00:00,False,ko-codex-v1
an88c5,A,dcf59055dac7e0e9a5ae49b2caf5d056d09253efd4283a64ea379a9e78c1b88f,847d09d240a32512ffb56604ef9058db5f53aa52db04660ca0f21d5de3badfe3,847d09d240a32512ffb56604ef9058db5f53aa52db04660ca0f21d5de3badfe3,revised,1,2026-10-03T07:18:42.570685+00:00,False,ko-codex-v1
an88c5,B,15d89ad37b249ed4313b10f93b03b7a21e1156b13da480e06ffdd5470b0a0575,15d89ad37b249ed4313b10f93b03b7a21e1156b13da480e06ffdd5470b0a0575,15d89ad37b249ed4313b10f93b03b7a21e1156b13da480e06ffdd5470b0a0575,pass,0,2026-10-03T06:05:44.152781+00:00,False,ko-codex-v1
and4nf,A,57763cbf078e4172f648dcc40b4e8855affb8cef066f0e920dd94791806a2a63,4ca5ce3e325876d848b6a19f950e9a5f901b25671d045d5afe461dbe29d98bf8,4ca5ce3e325876d848b6a19f950e9a5f901b25671d045d5afe461dbe29d98bf8,revised,3,2026-10-03T03:28:59.861638+00:00,False,ko-codex-v1
and4nf,B,9bbf8406497a79a4a8eeb0e8eb1403b5aceabedc8534a3bb9b6e7996b1770ded,c139c4d9cb20235c02f0685ad1aae75dc0bf8bc0213347203ffd563d7e40b0ad,c139c4d9cb20235c02f0685ad1aae75dc0bf8bc0213347203ffd563d7e40b0ad,revised,5,2026-10-03T07:11:20.445449+00:00,False,ko-codex-v1
anj2zb,A,1e457d4298c3c19bfae2d4c3adebf2eb142c65f6051e6449532b48b94a12930d,9df7bb0716f6cde3ed464a49d528d59516ffe713a3876763a408d0ba5c0cb79d,9df7bb0716f6cde3ed464a49d528d59516ffe713a3876763a408d0ba5c0cb79d,revised,4,2026-10-03T11:00:11.437053+00:00,False,ko-codex-v1
anj2zb,B,60fe8e390a7136188047f72adb7b820b35bd4fbf518c02eb3397cfaf44aeef14,b05906d7e5485925cfd740e367c5c7a620825f0aae70ddf48352b034cc57c46d,b05906d7e5485925cfd740e367c5c7a620825f0aae70ddf48352b034cc57c46d,revised,2,2026-10-03T08:12:36.280537+00:00,False,ko-codex-v1
anjixq,A,f9e3e0fbcff4b8f1aa65db26ca66143e0125c559afe8764612d639c17822c1f7,635a3ca1ac33222bb3c3c9f74aee64c31ea5d52a0f18fbf3ea2d35df1e2be87e,635a3ca1ac33222bb3c3c9f74aee64c31ea5d52a0f18fbf3ea2d35df1e2be87e,revised,3,2026-10-03T11:27:08.677163+00:00,False,ko-codex-v1
anjixq,B,9dc537b75bcd05c59d37be37ba2b0c9d15a909437b948e845853d60afc2f6fe0,5d9aa3606858ae791d2cb09f8e4b384aad73d8f0f8e915fb646853e42a51a413,5d9aa3606858ae791d2cb09f8e4b384aad73d8f0f8e915fb646853e42a51a413,revised,1,2026-10-03T01:08:18.132153+00:00,False,ko-codex-v1
anjqj4,A,44df2017bf0e30e2cc5037a9a8ef8b1e7e2263f9ddd97fdd80be74f64831a7a0,8a3c647ef2f0f16a179937cc03e5c9665af32bed30e9f7428644be7a62cf974d,8a3c647ef2f0f16a179937cc03e5c9665af32bed30e9f7428644be7a62cf974d,revised,4,2026-10-03T11:07:11.098411+00:00,False,ko-codex-v1
anjqj4,B,b1663f5f8bcf0543a31f9724289363ef3f15c3402d9a857b1e2f0550ee0aa473,b17fd2001baaace13f01ed7f9d02b395e804371e84119b89e111483d28ec7d80,b17fd2001baaace13f01ed7f9d02b395e804371e84119b89e111483d28ec7d80,revised,5,2026-10-03T02:32:35.163418+00:00,False,ko-codex-v1
ano0pk,A,2291c2f0bc39bb6b19ae907083101c6c3ab1dcd7924c0b073fda3dbf9f9efd42,783779ab5f6d424d2b122eba90b6d4b773b8b93fcc82e4d435a7544781962938,783779ab5f6d424d2b122eba90b6d4b773b8b93fcc82e4d435a7544781962938,revised,4,2026-10-03T11:42:37.508558+00:00,False,ko-codex-v1
ano0pk,B,246b906b32543399e65cfe842d07a55a59e8313c4974d4e0d41085410a361077,5bb6427c70bb662aa178ada30b39382975a1e5aa643d01f8dd0fcbe2b37ada6d,5bb6427c70bb662aa178ada30b39382975a1e5aa643d01f8dd0fcbe2b37ada6d,revised,3,2026-10-03T03:20:38.018027+00:00,False,ko-codex-v1
anu8h7,A,14ce7b4cf500278d733396abc18988ed3c49ce2c9730978dd13e34516c60fe70,f10a05bfbb6776576cc301afc74b0663ad5817490883f6fbb11239fd27f0e1c8,f10a05bfbb6776576cc301afc74b0663ad5817490883f6fbb11239fd27f0e1c8,revised,4,2026-10-03T07:21:34.779494+00:00,False,ko-codex-v1
anu8h7,B,40ac3ce9106666d18a5d38444195ddf527704322ce9baf33e7723d49f430b399,6dae48a125a96358137bb8974fcd40ebcd34588f6b55561f9533fc3bf2e08b19,6dae48a125a96358137bb8974fcd40ebcd34588f6b55561f9533fc3bf2e08b19,revised,1,2026-10-03T08:31:01.358527+00:00,False,ko-codex-v1
anyhj3,A,28f69f250caedec40b1c3adf4b73344a55a39f661f6e607ad8e13ae4e69bfba8,a40c82dc2d3d49eafa95defcf2b446fd6acfecd7d7ab4ff912a0919da9dd44a1,a40c82dc2d3d49eafa95defcf2b446fd6acfecd7d7ab4ff912a0919da9dd44a1,revised,5,2026-10-02T21:02:01.989152+00:00,False,ko-codex-v1
anyhj3,B,18141e0905e133330e8dd5f768b5d18fbbae3261eae790009c11bacabdfdad76,701322011c4e080bc730b71936b14c3a44c4e39f511acf092e00211216afb798,701322011c4e080bc730b71936b14c3a44c4e39f511acf092e00211216afb798,revised,4,2026-10-02T21:02:47.827178+00:00,False,ko-codex-v1
ao7jqn,A,376387b7b746bc31b16da3df6551d4eed7427dd65fa912a65939118943dccd1d,564fbbf537774277976011bb79cb30d8440a6805d2c553daff7f6db2bff4f31b,564fbbf537774277976011bb79cb30d8440a6805d2c553daff7f6db2bff4f31b,revised,1,2026-10-03T05:23:35.614239+00:00,False,ko-codex-v1
ao7jqn,B,0624bbeddccc82956b77e754b56620964d5e1c7d08715b4ca53361855d2924e9,0624bbeddccc82956b77e754b56620964d5e1c7d08715b4ca53361855d2924e9,0624bbeddccc82956b77e754b56620964d5e1c7d08715b4ca53361855d2924e9,pass,0,2026-10-03T03:11:06.485919+00:00,False,ko-codex-v1
aob0aa,A,b6b418ce85c1ce0d7f616eb14bfbb8e32959ae91238a50b4407dfa09658a3277,78116b833290e098f5ff93ed2cfe3ed21f90bc44cbcd8e56dd526cd77d08fa60,78116b833290e098f5ff93ed2cfe3ed21f90bc44cbcd8e56dd526cd77d08fa60,revised,6,2026-10-03T11:35:56.223593+00:00,False,ko-codex-v1
aob0aa,B,c675527356e71288b90c0bef83ea18b672960a64668739ce00c9b8b7c4bf4ad2,bbddd716ebb426823b75c94925f84496373cd5bd02a703840274cccecf4ca5aa,bbddd716ebb426823b75c94925f84496373cd5bd02a703840274cccecf4ca5aa,revised,4,2026-10-03T07:56:25.469427+00:00,False,ko-codex-v1
aollew,A,647788d1146b0b69427ce3404fec9d229157ed38e37b8e7f7f4b67d8f5d1fa8f,efb169cb832fa0467c94fca79a5aa454caf918e65bf110ece25482fb0fe3729a,efb169cb832fa0467c94fca79a5aa454caf918e65bf110ece25482fb0fe3729a,revised,1,2026-10-02T22:20:14.284552+00:00,False,ko-codex-v1
aollew,B,ce67337716a13bb8b399dcc1048f19dc69073d51efca5ad4d7fda8d84835e580,dd73efceae83c0a255745c5b91a2dc8efa93fa45b6552afc4d611ab915385f28,dd73efceae83c0a255745c5b91a2dc8efa93fa45b6552afc4d611ab915385f28,revised,2,2026-10-03T05:51:06.112485+00:00,False,ko-codex-v1
aov3gy,A,ff5a0591a26251778f732620c9bc71b37171ea79c866138d18bcd2c39fbe6057,1dcbc30b23c58f6a198a7dfb117cefbde3fa50d70619d285a2b807a95b46122e,1dcbc30b23c58f6a198a7dfb117cefbde3fa50d70619d285a2b807a95b46122e,revised,3,2026-10-03T08:56:34.160534+00:00,False,ko-codex-v1
aov3gy,B,30e9e944fd1e126f1cf936e01552ebb314bdf98eee31e5d0ee2ebe3c7ec6e612,30e9e944fd1e126f1cf936e01552ebb314bdf98eee31e5d0ee2ebe3c7ec6e612,30e9e944fd1e126f1cf936e01552ebb314bdf98eee31e5d0ee2ebe3c7ec6e612,pass,0,2026-10-03T01:14:53.078638+00:00,False,ko-codex-v1
ap2vyv,A,75af430a103960a76da89c95903e2a15b43d919289bf956b9f3649d5ce1f74fa,182a761882774aa7c9d7429dbae2a5ce38920b74b60accadfabb4f7a0f5e3c9a,182a761882774aa7c9d7429dbae2a5ce38920b74b60accadfabb4f7a0f5e3c9a,revised,1,2026-10-02T21:48:10.995235+00:00,False,ko-codex-v1
ap2vyv,B,7e1d7085bfdcca2201d4c337d978a1e6837a49121c4a8929ae0d02aa349c9188,7e1d7085bfdcca2201d4c337d978a1e6837a49121c4a8929ae0d02aa349c9188,7e1d7085bfdcca2201d4c337d978a1e6837a49121c4a8929ae0d02aa349c9188,pass,0,2026-10-03T01:42:33.643867+00:00,False,ko-codex-v1
ap8ua8,A,1aaaca2804bfff1f717af20270bb1ccc37afd2125dfb8953f8358701ca0341bd,bed8af3578de736ba746b9b9e54219afe62d2c0638de02c4dd8c6f2d04ee74db,bed8af3578de736ba746b9b9e54219afe62d2c0638de02c4dd8c6f2d04ee74db,revised,1,2026-10-03T12:32:30.255208+00:00,False,ko-codex-v1
ap8ua8,B,711478d29cfa73b64a8dee043e23bd3d44702eb051b4c7fa202a919462139b60,711478d29cfa73b64a8dee043e23bd3d44702eb051b4c7fa202a919462139b60,711478d29cfa73b64a8dee043e23bd3d44702eb051b4c7fa202a919462139b60,pass,0,2026-10-02T22:42:27.323929+00:00,False,ko-codex-v1
apa38v,A,52459cfe21cbef83649309e450f28c5e9aaf7d788ac6f7d739287f9adefd649c,8694c8873f41e5326ebe5b2377d14bd3587b450bd81f182919816765d6bad500,8694c8873f41e5326ebe5b2377d14bd3587b450bd81f182919816765d6bad500,revised,5,2026-10-03T03:18:39.824654+00:00,False,ko-codex-v1
apa38v,B,b49f20d86148ddfda470a2de757e3b443dd9124aeddb21060ed9f53b7757de8b,b49f20d86148ddfda470a2de757e3b443dd9124aeddb21060ed9f53b7757de8b,b49f20d86148ddfda470a2de757e3b443dd9124aeddb21060ed9f53b7757de8b,pass,0,2026-10-03T02:48:25.832016+00:00,False,ko-codex-v1
apc04f,A,ecb689fa80804575e46b38364cb7ca397223fd068c092a35cfac337bce26b6f7,0ed298f09483bded64134392802a1164abc7aa4a21a9e0479f0d26d32b16aa0d,0ed298f09483bded64134392802a1164abc7aa4a21a9e0479f0d26d32b16aa0d,revised,4,2026-10-03T07:00:52.621976+00:00,False,ko-codex-v1
apc04f,B,40b4bfb7343177199ea0cd973e24aa480ae64843773b678f39c5d565ab829c72,73f7fcd0905cf050a9da71670addaba4d111f0bf1130d7269308de4151f6721e,73f7fcd0905cf050a9da71670addaba4d111f0bf1130d7269308de4151f6721e,revised,2,2026-10-03T11:37:17.331899+00:00,False,ko-codex-v1
apctv4,A,e5ee697ee531810365c822b2ce7ba424b070180525b7526d2e27eccdc8bc5267,b38d0adae92f2cfd0e234a76bfb6d2804e9f9443f5ca2a0930e525359687a632,b38d0adae92f2cfd0e234a76bfb6d2804e9f9443f5ca2a0930e525359687a632,revised,2,2026-10-02T22:52:50.398434+00:00,False,ko-codex-v1
apctv4,B,d961607a333e7d3ce54c0cd8a536daac222ef80cd82e5caff76999e5f825385c,3438a01ea14bebca4db857c2e5d4a1798f86a020d6dc3028a9ebc90a04d0e5ce,3438a01ea14bebca4db857c2e5d4a1798f86a020d6dc3028a9ebc90a04d0e5ce,revised,4,2026-10-03T08:11:33.106136+00:00,False,ko-codex-v1
apgr08,A,de1619a0d82d14c49a556db2fa7acc3d320b57d28724c0f4607bde52bdf4ac1b,de1619a0d82d14c49a556db2fa7acc3d320b57d28724c0f4607bde52bdf4ac1b,de1619a0d82d14c49a556db2fa7acc3d320b57d28724c0f4607bde52bdf4ac1b,pass,0,2026-10-03T04:02:49.302279+00:00,False,ko-codex-v1
apgr08,B,b39c1a2cd17372a2d6802e21a90716790e8d4722a7e0b7100bc06f23fd8c6e58,151c6f5d2bfa5ff84ea486138c775e5734d982c58b1bac57e3f159094eb62030,151c6f5d2bfa5ff84ea486138c775e5734d982c58b1bac57e3f159094eb62030,revised,5,2026-10-03T03:21:13.743789+00:00,False,ko-codex-v1
apk45t,A,4b938a35c95976255d1a9c0ed09a75720c78e6f1430c66fbf5e2a169037043a0,b8c1f1fd7bfabe74ee07b7271d52a046f54a03260e23debd19f1432a2058a519,b8c1f1fd7bfabe74ee07b7271d52a046f54a03260e23debd19f1432a2058a519,revised,4,2026-10-03T01:53:25.281301+00:00,False,ko-codex-v1
apk45t,B,af736fc5732fdfaf51364101fdefb58ed2642daae913d2f2f936588299ec25c3,3f9d5e76436cc9a1814351649918e283ab8f57f02a39d8da83c7b9cba2fe6e6e,3f9d5e76436cc9a1814351649918e283ab8f57f02a39d8da83c7b9cba2fe6e6e,revised,3,2026-10-03T06:37:31.468226+00:00,False,ko-codex-v1
apomgf,A,bc432ede7e0849eb992453257979ceecee2f86584603a00cf4c7e2649d34d0ce,9707e99d147dda96457d4b7f78af131fa09c0bd1127dfa634ee78cf0d8484c94,9707e99d147dda96457d4b7f78af131fa09c0bd1127dfa634ee78cf0d8484c94,revised,5,2026-10-02T23:41:02.296673+00:00,False,ko-codex-v1
apomgf,B,7e5e1c3c0c890f7702ba3bd15a44be930d622cf04e1057f31cf18b455cbc4380,7e5e1c3c0c890f7702ba3bd15a44be930d622cf04e1057f31cf18b455cbc4380,7e5e1c3c0c890f7702ba3bd15a44be930d622cf04e1057f31cf18b455cbc4380,pass,0,2026-10-03T02:50:28.107747+00:00,False,ko-codex-v1
apt8pf,A,a1f72207ebffc0f20dc36e26d06c154bb8cc12cdbc458c173772724af5d9d178,0cfe02e83935ce848451b66ed641c896581de66647b173fbafc57beaf1c9105f,0cfe02e83935ce848451b66ed641c896581de66647b173fbafc57beaf1c9105f,revised,4,2026-10-02T21:05:04.152211+00:00,False,ko-codex-v1
apt8pf,B,ad05eef37fe12ffd6893dd834200435609b29df679e57ea5d5eef1078b1bd5a8,3a3f0413beb126f2147e003fb8030e9d9df3d22e2aff98245bd43b14c328a157,3a3f0413beb126f2147e003fb8030e9d9df3d22e2aff98245bd43b14c328a157,revised,2,2026-10-03T03:00:43.007441+00:00,False,ko-codex-v1
apzok4,A,d96ebe7f1c5f2f1a90696cfd067ebd5b557d7c82244e6e8a75d19da130bfd337,5a3042a678b6b665fa749c47ef425438a552e29d9534985412aad6b2f5769343,5a3042a678b6b665fa749c47ef425438a552e29d9534985412aad6b2f5769343,revised,2,2026-10-03T02:02:49.328532+00:00,False,ko-codex-v1
apzok4,B,115e7d382781403a430d693dbe2ab85362844e27f74dc72a8faafc0c1542af05,d32b15db825bbcd011deb3cf426cd5e7f4eae737a758225faf059d1d1e9faaaa,d32b15db825bbcd011deb3cf426cd5e7f4eae737a758225faf059d1d1e9faaaa,revised,6,2026-10-03T05:15:52.440893+00:00,False,ko-codex-v1
aq0bw7,A,0296048ffd8f46321fbce2cd1f2d7889ad7f3261011c13c3d0babee8b63cd244,0296048ffd8f46321fbce2cd1f2d7889ad7f3261011c13c3d0babee8b63cd244,0296048ffd8f46321fbce2cd1f2d7889ad7f3261011c13c3d0babee8b63cd244,pass,0,2026-10-03T01:41:49.779595+00:00,False,ko-codex-v1
aq0bw7,B,48bc2d34011883a5b592139cf7711cc2c9edcec1d5781abe6733e1d658d030c1,9bb6293b22cad9d43190d4ba0dc7577c27d62d74e1de237ab8aaa43f49e3119a,9bb6293b22cad9d43190d4ba0dc7577c27d62d74e1de237ab8aaa43f49e3119a,revised,1,2026-10-02T23:40:46.650662+00:00,False,ko-codex-v1
aq53mg,A,d301efe2815eee9666e40edd90fc97ec488c30f31771fea279472310700d4970,4f13c443a9b34e0ac9426c9d2cb411e9540c0753ab4c348e1165ab2638e288b4,4f13c443a9b34e0ac9426c9d2cb411e9540c0753ab4c348e1165ab2638e288b4,revised,2,2026-10-03T07:47:41.129507+00:00,False,ko-codex-v1
aq53mg,B,47c52bea7d65e114043bad04948ca39315ea45fa502f39b878d29b9a29658da6,50d500e794cab4a34e06f6ae2aae53c640532b1e378a123f2c863ab4535a352c,50d500e794cab4a34e06f6ae2aae53c640532b1e378a123f2c863ab4535a352c,revised,3,2026-10-03T05:21:53.664124+00:00,False,ko-codex-v1
aq84b8,A,096fb255dd27ab441d5bcb7adf546d2a3d661e03f3b050e2bcaf39509a850a09,3153dc66b32039acdbc2b98b9277f97e50f2d49f3c17398d502c13e1062be68c,3153dc66b32039acdbc2b98b9277f97e50f2d49f3c17398d502c13e1062be68c,revised,7,2026-10-02T22:45:29.867094+00:00,False,ko-codex-v1
aq84b8,B,788cf7752f28e6361c58e46cb97d210189bc32c1fdbb3f1bcdd10886fc7d212c,0d2bf6fe4541f1a0eac4589a2842b5e1c1398f7efce1c7c82cca227768c0d6b9,0d2bf6fe4541f1a0eac4589a2842b5e1c1398f7efce1c7c82cca227768c0d6b9,revised,2,2026-10-03T02:47:56.269547+00:00,False,ko-codex-v1
aq9kdl,A,fee926c6551ccf4b4932a7e0c4e4085d2e05be982df26866fa36f3e180c84edd,5336a10c2096d5ccae43ac4e685db01a6066dcce53abf13b97c8938379c7d914,5336a10c2096d5ccae43ac4e685db01a6066dcce53abf13b97c8938379c7d914,revised,5,2026-10-02T21:37:06.284023+00:00,False,ko-codex-v1
aq9kdl,B,6c134af979e2bc557695971f76ac81a19ab4bebb2ea3705aae1d8e85ecfbf065,5c827f7a38974f5f875caec46c13cd92d4b257a70a7ba01ede3b741068686307,5c827f7a38974f5f875caec46c13cd92d4b257a70a7ba01ede3b741068686307,revised,4,2026-10-03T03:45:45.321634+00:00,False,ko-codex-v1
aqadzn,A,1f9da2744b3caf5e0e4cc2c757f6373a10d45560020870cd684d043648b0fe31,e787cffd9190c15827b42d4f95368fbec24d189ac6910e8db8c2be9286e750cc,e787cffd9190c15827b42d4f95368fbec24d189ac6910e8db8c2be9286e750cc,revised,6,2026-10-03T07:28:39.718930+00:00,False,ko-codex-v1
aqadzn,B,7baa81cafe733736d1aa40f66c74dfd1d1d68b9ba9b49ad7f6251dfc80d31128,2b3a09fa8df71945a35a670d046ede508578305c8c58da5ff74f04e15fac7b0c,2b3a09fa8df71945a35a670d046ede508578305c8c58da5ff74f04e15fac7b0c,revised,3,2026-10-03T08:26:36.048141+00:00,False,ko-codex-v1
aqb2s3,A,797299c48cdc51cda2f11a5d7148466ad7fbbb4520651212a3205eb8cc7dee91,7751c15396e2d7a441f054f5e36f0ca4bcb416d6061ed9f9f9f52374d6b98021,7751c15396e2d7a441f054f5e36f0ca4bcb416d6061ed9f9f9f52374d6b98021,revised,4,2026-10-03T04:40:48.784390+00:00,False,ko-codex-v1
aqb2s3,B,6f074ed5495be73afc8789a95a5a2c57928f60180af19c864647d55a468e3225,ec50ebc953c994867beb2d651ca5545ccc120330f7140a3289c0338cebf61f9f,ec50ebc953c994867beb2d651ca5545ccc120330f7140a3289c0338cebf61f9f,revised,5,2026-10-03T03:52:47.428497+00:00,False,ko-codex-v1
aqh1vn,A,9ca89872aaaae6cb83263ff72638f1cbbd93ba89097749951961968ae8bedd35,ecf7bcf8ed26b78f7b100c6db4e887eff7af04df77d9084ad265e81158fb4962,ecf7bcf8ed26b78f7b100c6db4e887eff7af04df77d9084ad265e81158fb4962,revised,1,2026-10-03T07:50:51.243011+00:00,False,ko-codex-v1
aqh1vn,B,dfb0898ac63452743e47406c9b11769b3975c8b67325edac7a1aab2760a69ddc,151493253c5c3bc87b14d8796a8bb48b47c3c0197ff5c3b1a2d813c259400973,151493253c5c3bc87b14d8796a8bb48b47c3c0197ff5c3b1a2d813c259400973,revised,1,2026-10-03T03:36:58.492946+00:00,False,ko-codex-v1
aqj315,A,6181710bc1d1f2f06eaf18f841e10702c2ec2bfc49e079ba0b8e931ac7857076,09c22c95bac7661df0035053ca6a25fefbfc4c88fea0642f4a03dfede3b801d6,09c22c95bac7661df0035053ca6a25fefbfc4c88fea0642f4a03dfede3b801d6,revised,3,2026-10-02T21:39:19.806425+00:00,False,ko-codex-v1
aqj315,B,eef31c1a9d8481d07eab1545cde3be5cfac4d912e2a244a626363614afd4ee8b,5da795a325b3b7bd0f97d4e56cf9f511141c469a80e2a3ebfa4bfabae0584c8d,5da795a325b3b7bd0f97d4e56cf9f511141c469a80e2a3ebfa4bfabae0584c8d,revised,2,2026-10-03T06:26:54.094164+00:00,False,ko-codex-v1
aqs14o,A,ef9a5780583be17028cbc790d27240d05eff297fb5b1498e2e4e9d1767714e56,876aa2f3887ebacc7695065a70791395a0f75a07d7960457668cb9525feee2b0,876aa2f3887ebacc7695065a70791395a0f75a07d7960457668cb9525feee2b0,revised,1,2026-10-03T05:01:40.012483+00:00,False,ko-codex-v1
aqs14o,B,f23a33b5b98639a4e3b72020503afbba0134b5243c895e41a7fb8353166872ee,f23a33b5b98639a4e3b72020503afbba0134b5243c895e41a7fb8353166872ee,f23a33b5b98639a4e3b72020503afbba0134b5243c895e41a7fb8353166872ee,pass,0,2026-10-03T07:26:57.007170+00:00,False,ko-codex-v1
aqwgtf,A,197353d103c781d01b431681c9536e68fcfba72be8439bfe5f817329a77e6fe6,f6d4b7e4a20b62aab7a74e6bc5b46f2227d9c65ca17aacb31d2da5315b39a710,f6d4b7e4a20b62aab7a74e6bc5b46f2227d9c65ca17aacb31d2da5315b39a710,revised,6,2026-10-02T22:26:33.347212+00:00,False,ko-codex-v1
aqwgtf,B,dab5f6784912748ea80e7662db58ebe295421ba389658f95247106955e4fc137,dab5f6784912748ea80e7662db58ebe295421ba389658f95247106955e4fc137,dab5f6784912748ea80e7662db58ebe295421ba389658f95247106955e4fc137,pass,0,2026-10-02T22:36:33.719574+00:00,False,ko-codex-v1
arhbmu,A,ed80bbaeed8a3985b62febd1ff970cb476a092f8e011e61ac6b228862ce3ddbc,b246d2606bf07e3bcbbb880edeaf9b93455e2a6971af495b23fb45e3507cf05d,b246d2606bf07e3bcbbb880edeaf9b93455e2a6971af495b23fb45e3507cf05d,revised,6,2026-10-02T21:57:11.814888+00:00,False,ko-codex-v1
arhbmu,B,931833239002ed513fb4a901190d787f11d06d97b96ccfe460f96a0901fe1d0f,9dc2434d026ff045b8c36b13b486a664b0fe9f0b93ba569d594706637fc5aa11,9dc2434d026ff045b8c36b13b486a664b0fe9f0b93ba569d594706637fc5aa11,revised,4,2026-10-02T23:02:37.589468+00:00,False,ko-codex-v1
arihjx,A,2514e33e57a926c097fd11419fc99a28b5b9688880288088044480e27384f7ae,80a81f1687b21e0fe1b095a97079ff957e41d7a3d385f991f3fa7e6b8317fc27,80a81f1687b21e0fe1b095a97079ff957e41d7a3d385f991f3fa7e6b8317fc27,revised,6,2026-10-02T23:02:01.924973+00:00,False,ko-codex-v1
arihjx,B,1e627a03b8dda2b725c5d5abce795287f060a4b5f4cdbf93dc31a0bf81abe8eb,1e627a03b8dda2b725c5d5abce795287f060a4b5f4cdbf93dc31a0bf81abe8eb,1e627a03b8dda2b725c5d5abce795287f060a4b5f4cdbf93dc31a0bf81abe8eb,pass,0,2026-10-03T07:08:25.852372+00:00,False,ko-codex-v1
arljs4,A,57eb77d5549b3ffb33b8dc81975ec9c5d34b6240cf684149d7109e5e7f9ad4c0,d320c15ba04631403985220b5cd0c8163db26d8bb6e5aa7b60fb132b6cd5bae3,d320c15ba04631403985220b5cd0c8163db26d8bb6e5aa7b60fb132b6cd5bae3,revised,7,2026-10-03T08:39:49.628360+00:00,False,ko-codex-v1
arljs4,B,640d881eda0ea21739b786930395befe22068db1c6d69244c207be794cd91517,4ccaab9aadda9dd03482ec277bfa65e00e6e1d546f0b060072ae5e23a20979c5,4ccaab9aadda9dd03482ec277bfa65e00e6e1d546f0b060072ae5e23a20979c5,revised,4,2026-10-03T07:13:07.788985+00:00,False,ko-codex-v1
armc1t,A,e7efab944853352d173f7fb29ea5e52b970265edbd0edd481fe423433c43cdcc,d2f8b443a41fc6df2949241c4b9f62cd2d729f143f54a13812b563d0c63fe492,d2f8b443a41fc6df2949241c4b9f62cd2d729f143f54a13812b563d0c63fe492,revised,3,2026-10-03T06:05:41.331499+00:00,False,ko-codex-v1
armc1t,B,e33031225ed71cbbf348502125333e36550edef7a68abab11ed8aafe1bf19653,e33031225ed71cbbf348502125333e36550edef7a68abab11ed8aafe1bf19653,e33031225ed71cbbf348502125333e36550edef7a68abab11ed8aafe1bf19653,pass,0,2026-10-03T01:13:25.758984+00:00,False,ko-codex-v1
arzotl,A,0fadb1c92e9236c8c61a318a86765ad4a6b153614bc0d95903f0fd8a0483161c,4ea1a5aea6489660eb0923748671d8c8c0039bfde92f3c667de1ec801f70b4d6,4ea1a5aea6489660eb0923748671d8c8c0039bfde92f3c667de1ec801f70b4d6,revised,7,2026-10-02T23:53:11.481362+00:00,False,ko-codex-v1
arzotl,B,7a64229a5c3b7e82728632eb82237ae76feef4e27ca430c95d674f7e642401b3,ec2d2d9bce5059186fe9edc3af4986ce04c99109af2173351da5f4e3504ffbab,ec2d2d9bce5059186fe9edc3af4986ce04c99109af2173351da5f4e3504ffbab,revised,2,2026-10-03T08:09:45.721351+00:00,False,ko-codex-v1
as3urk,A,d0650eb8db18de46228cf96c3acd7b4e147013100fd4b593f2ec025aa29d01c0,d0650eb8db18de46228cf96c3acd7b4e147013100fd4b593f2ec025aa29d01c0,d0650eb8db18de46228cf96c3acd7b4e147013100fd4b593f2ec025aa29d01c0,pass,0,2026-10-03T07:42:12.116773+00:00,False,ko-codex-v1
as3urk,B,b838800f97e8ab652284aa923db5a5139d397cb90a1c1463927f07896c33677d,b838800f97e8ab652284aa923db5a5139d397cb90a1c1463927f07896c33677d,b838800f97e8ab652284aa923db5a5139d397cb90a1c1463927f07896c33677d,pass,0,2026-10-03T08:17:37.890152+00:00,False,ko-codex-v1
as6lap,A,eaec982351a841174ed3e0741706e82c2cfb3d904252f52f1c77f647ff2ca43f,97c0fdc83205d2140c439ab55df7de6908121a09ad5b49f269c4d77eab79cf35,97c0fdc83205d2140c439ab55df7de6908121a09ad5b49f269c4d77eab79cf35,revised,2,2026-10-03T08:07:49.838422+00:00,False,ko-codex-v1
as6lap,B,ac788648da6cba9e80b785a209bec038376e1b0c581ca19272540f0ea7e8e7db,ac788648da6cba9e80b785a209bec038376e1b0c581ca19272540f0ea7e8e7db,ac788648da6cba9e80b785a209bec038376e1b0c581ca19272540f0ea7e8e7db,pass,0,2026-10-03T06:43:28.371280+00:00,False,ko-codex-v1
asad7x,A,f9c1b2e147222adf3299807f779e4c824b662d54c8bdc984ce5bf97a7cc9aed9,6509764d463f73a169fe18b3d0485c06241b1f5385b06a3d9b6e6bcf3f3ade34,6509764d463f73a169fe18b3d0485c06241b1f5385b06a3d9b6e6bcf3f3ade34,revised,6,2026-10-02T21:45:39.912178+00:00,False,ko-codex-v1
asad7x,B,969bf5436eb6cfe81a8c22d0b56afdb027a8f5a07a2522e9d6827f08053a8d41,969bf5436eb6cfe81a8c22d0b56afdb027a8f5a07a2522e9d6827f08053a8d41,969bf5436eb6cfe81a8c22d0b56afdb027a8f5a07a2522e9d6827f08053a8d41,pass,0,2026-10-02T23:17:20.053664+00:00,False,ko-codex-v1
asfd12,A,0ad8fa2079e5038debff3ae7b606d2aca10059b62836b759ae5495bb4defea2d,c1e1b7506785e370c008e4f57b071da970955cc8ea28b21ee29b4ef34302f368,c1e1b7506785e370c008e4f57b071da970955cc8ea28b21ee29b4ef34302f368,revised,3,2026-10-03T11:47:27.146724+00:00,False,ko-codex-v1
asfd12,B,504b1020a8eded4ae8af811c14e3e5407425874fa18ba482b0dc0f3b25275387,0e040dca6bf7c80c37782b28f924858946528ce14d9eff7de52c55463e4eed44,0e040dca6bf7c80c37782b28f924858946528ce14d9eff7de52c55463e4eed44,revised,2,2026-10-03T07:11:30.719283+00:00,False,ko-codex-v1
ash45a,A,7e76ed68347d067b6985d84c39a321fba2f3345c9a5c84015e37ae50301377a1,c8fca4e94af52c5abf624fe5f5772e2e50277e5c63b7b35dc223e7e735413448,c8fca4e94af52c5abf624fe5f5772e2e50277e5c63b7b35dc223e7e735413448,revised,3,2026-10-03T06:18:01.973190+00:00,False,ko-codex-v1
ash45a,B,db23577a1a89c0ebcb4309964b982cc142059bccdd1269732ac7d7c08a9b0f0f,db23577a1a89c0ebcb4309964b982cc142059bccdd1269732ac7d7c08a9b0f0f,db23577a1a89c0ebcb4309964b982cc142059bccdd1269732ac7d7c08a9b0f0f,pass,0,2026-10-03T12:16:45.271148+00:00,False,ko-codex-v1
aspjit,A,3372127114e2143bf2e7baa7ff703beb4e47ccb244aa4351384e79071ca50154,ca72d457d8b6797145d0c842b883918393bd84909a02e15d075dc3fc9c444ab2,ca72d457d8b6797145d0c842b883918393bd84909a02e15d075dc3fc9c444ab2,revised,5,2026-10-03T06:47:42.641740+00:00,False,ko-codex-v1
aspjit,B,9fce3f2eee1b7f47f4e23557adba4cfb5b08b05f2d284010aa717b86b0d243e1,141c9ede7f9f78054d81194b8584717ed141432ea23ce0aeb334c319aad351d5,141c9ede7f9f78054d81194b8584717ed141432ea23ce0aeb334c319aad351d5,revised,2,2026-10-03T08:36:42.269964+00:00,False,ko-codex-v1
at21ct,A,1876368358908febc8971b93e5da1101a88c400fc2fffc7bc9d46be57d838206,ac718ddd4d6d628d325279c91fefe621e13e7e4c5bc2921664eb0a4663a0c3ec,ac718ddd4d6d628d325279c91fefe621e13e7e4c5bc2921664eb0a4663a0c3ec,revised,2,2026-10-02T22:50:51.153370+00:00,False,ko-codex-v1
at21ct,B,d46677284a30264c69547adb0823fa42dcff9cf97b223f1e94c0908059641a7c,3d38ee1f07f785ad073ea7ce93800bf2681062b5f57f604d541ce5cd8289aaf5,3d38ee1f07f785ad073ea7ce93800bf2681062b5f57f604d541ce5cd8289aaf5,revised,2,2026-10-02T21:32:21.562231+00:00,False,ko-codex-v1
at9v9i,A,de3557db08d85d16e1f0542ca78e46b2a48486fc0db3e7af27d350560c6cddea,665a0fa0d52f473e731bddd9f6678db3d4beba97a91acb25783a792ee1923aa6,665a0fa0d52f473e731bddd9f6678db3d4beba97a91acb25783a792ee1923aa6,revised,6,2026-10-02T22:32:15.266924+00:00,False,ko-codex-v1
at9v9i,B,7728dd165fc77ebc31e8d7cb55227c2d3113bc6229756d1e46f657d32d7d2f59,905af863959b4685debdc42aeccc195fbb1c08f224890b7910e20c599bfd3c24,905af863959b4685debdc42aeccc195fbb1c08f224890b7910e20c599bfd3c24,revised,1,2026-10-03T03:49:26.445691+00:00,False,ko-codex-v1
ata25i,A,d5132716ded3c727e30e61a91bd0da71d4d969c401a954898403dd08ad5ac23f,d72c450033a72a33b5d9741fceca063c509b39fc03d04789a7847d38afaf2658,d72c450033a72a33b5d9741fceca063c509b39fc03d04789a7847d38afaf2658,revised,3,2026-10-03T04:25:25.651054+00:00,False,ko-codex-v1
ata25i,B,5fe66a7b54327b9b9bf79a65a57dcc6367ee671131cbd788c9165e5e35c700fe,42ee6708f15a288e9d34719c2adf6bac2289a809b6490df633bacfeb5031c805,42ee6708f15a288e9d34719c2adf6bac2289a809b6490df633bacfeb5031c805,revised,4,2026-10-02T22:12:16.952627+00:00,False,ko-codex-v1
ate4sk,A,495376d83e9f8be7ed5a61e419ea80dd029faa942f76381da02deca03ef74834,f877185e6c60dd6c9e4eafd833e9cc48a6b4c6422c8eb34a913a8d09554bfa33,f877185e6c60dd6c9e4eafd833e9cc48a6b4c6422c8eb34a913a8d09554bfa33,revised,3,2026-10-03T12:15:46.458774+00:00,False,ko-codex-v1
ate4sk,B,d6198f70c9c3111810722a679e35765581906e3f7b36d17aa5c9bf521742479e,d6198f70c9c3111810722a679e35765581906e3f7b36d17aa5c9bf521742479e,d6198f70c9c3111810722a679e35765581906e3f7b36d17aa5c9bf521742479e,pass,0,2026-10-03T10:52:05.138679+00:00,False,ko-codex-v1
atebul,A,65aeb7e8dca251a0e3afd74c92acea8dff1a7114cdd3adcf22f08f9580e3f0c4,7217327da959345f5cfef337987ca0cf11e8ca93287621530c5f7b5840c232af,7217327da959345f5cfef337987ca0cf11e8ca93287621530c5f7b5840c232af,revised,3,2026-10-03T07:17:40.695545+00:00,False,ko-codex-v1
atebul,B,6e0a52e2f40b9715181881fb8882179962935527ac9557d70f262329db41b243,ca648438327b135d76f0d82d5a63fd0ac310eb4589c4fd3fbc59926b12e781a8,ca648438327b135d76f0d82d5a63fd0ac310eb4589c4fd3fbc59926b12e781a8,revised,1,2026-10-03T06:37:01.602992+00:00,False,ko-codex-v1
atitsh,A,c9e1f69c9a5477d289ac92c0f646fc9f4dcfaf3ce4d64427079ec7d28eed2f01,b3aa5799211c2221995d4b26db6138fc9efec70cb16b4f0dfe311de471e571f6,b3aa5799211c2221995d4b26db6138fc9efec70cb16b4f0dfe311de471e571f6,revised,5,2026-10-03T03:16:03.894249+00:00,False,ko-codex-v1
atitsh,B,d2acc780dbf85fc5fd969ec864daa41885af42febf8dcb3a059a99ea6bc7d0c8,dbe27ab4378e4675af9b53bf1a0a0c2e7a9da1cb718617a005572bbdf0b098a4,dbe27ab4378e4675af9b53bf1a0a0c2e7a9da1cb718617a005572bbdf0b098a4,revised,2,2026-10-03T05:51:21.984473+00:00,False,ko-codex-v1
atvjvo,A,cfae70533cfdfdcf3679438535d8e51cee1283825d5dc56a63eadf03ca3fd8eb,175a27b526b4a2ebe3976b818927c641a82f73218be73c67e311c34ca28ca729,175a27b526b4a2ebe3976b818927c641a82f73218be73c67e311c34ca28ca729,revised,3,2026-10-03T00:15:41.689415+00:00,False,ko-codex-v1
atvjvo,B,6735a2222245fd994f4f7f523bc03aebc6937ca636c8d43689a17336543987ae,64ce96287f280791623136354733ab751c842aeba1587cb8a5ea2684feb423ac,64ce96287f280791623136354733ab751c842aeba1587cb8a5ea2684feb423ac,revised,4,2026-10-03T02:34:28.466743+00:00,False,ko-codex-v1
aty0jm,A,8689e104b7f7275aa27dbe6f7a905b77cb3fb888c8aa0d8e75e594f1318b6eae,2a614ed4cc68957f33a22aff28ada5d195751e7bc71ed20e8a88c979966eea33,2a614ed4cc68957f33a22aff28ada5d195751e7bc71ed20e8a88c979966eea33,revised,4,2026-10-03T01:09:24.311164+00:00,False,ko-codex-v1
aty0jm,B,b712cee6c68a96dc6e112a7590e04d6fbfa49f40871c50d24a9a826617728635,ee13966d684b9412191217bcafba687cdde192d5945ec3a5b5639bb90351d6fa,ee13966d684b9412191217bcafba687cdde192d5945ec3a5b5639bb90351d6fa,revised,6,2026-10-03T04:13:42.497763+00:00,False,ko-codex-v1
au4l5r,A,f56c6b266e53040888a98888490e5cf279b4c4bbc7bf8a78ab9f7ea39f8d039c,f56c6b266e53040888a98888490e5cf279b4c4bbc7bf8a78ab9f7ea39f8d039c,f56c6b266e53040888a98888490e5cf279b4c4bbc7bf8a78ab9f7ea39f8d039c,pass,0,2026-10-03T10:55:23.834312+00:00,False,ko-codex-v1
au4l5r,B,6669deab81b8573adc1916212abe5934c17b67c6345049c8b4dfbaeab95b8d2a,6669deab81b8573adc1916212abe5934c17b67c6345049c8b4dfbaeab95b8d2a,6669deab81b8573adc1916212abe5934c17b67c6345049c8b4dfbaeab95b8d2a,pass,0,2026-10-03T13:18:01.852267+00:00,False,ko-codex-v1
au5og6,A,a988d36f632eeeaf43fe43fb1e7ee5b3e80682654e0778039c68f900660ff56b,01c00c82e09f765e7e6bd438e7e92340e1c90d896425eb220c8a5336f48b37cb,01c00c82e09f765e7e6bd438e7e92340e1c90d896425eb220c8a5336f48b37cb,revised,4,2026-10-03T03:10:51.091496+00:00,False,ko-codex-v1
au5og6,B,df2a9fe85ca15601415dae320b1a05dbfa8db582db9728b74ec2c3061d704fd4,db8201d75d3abd916fee93d0223d10f6c9da42fce985afb71b6675f2ed94c12d,db8201d75d3abd916fee93d0223d10f6c9da42fce985afb71b6675f2ed94c12d,revised,2,2026-10-03T05:37:27.828488+00:00,False,ko-codex-v1
auck65,A,7947e9125ed724e4a1e54d71a94dc81728e72d75ea322a2f1fc89b340a324ba7,22258880707157ecaa24c193135aa6f80519afa0c79b1876c92267b85f44ce1b,22258880707157ecaa24c193135aa6f80519afa0c79b1876c92267b85f44ce1b,revised,4,2026-10-02T22:23:32.214874+00:00,False,ko-codex-v1
auck65,B,f2fd1910fcf9c737553c008fb1b7df2efde4a322d7b2b93a231c4efc9b8c7e2a,bae6644f3251916037a587f4d4e609f97c23fba32db981886ec98084651d4c9f,bae6644f3251916037a587f4d4e609f97c23fba32db981886ec98084651d4c9f,revised,1,2026-10-03T01:08:37.659178+00:00,False,ko-codex-v1
aulzij,A,c961783c3e0e45927c95cceee28127a696b58506a74719a8712b786a7829da53,bedd11814292fa96794af4edc4c25539a5c1354d75fcfa6c5872355c37c3178b,bedd11814292fa96794af4edc4c25539a5c1354d75fcfa6c5872355c37c3178b,revised,4,2026-10-02T23:37:04.438767+00:00,False,ko-codex-v1
aulzij,B,c478b294215d7c0fe65331c62a9bc8e278e5b07591f3596cb04f15659e42ce1c,688872557dd6c1ad6775f82ab673eb4fd54b33e7d483eed19e5d14668583531d,688872557dd6c1ad6775f82ab673eb4fd54b33e7d483eed19e5d14668583531d,revised,4,2026-10-03T02:39:56.513672+00:00,False,ko-codex-v1
auvhqt,A,89e2d6d002a7a4e686195a79200166bbf10ac2e0fad43c7bcfc3964bfd0212b3,b4bb96fb1081f5d433593e67bd1cd96bfb89121fb3f93bf6f6df09c0e5b81c54,b4bb96fb1081f5d433593e67bd1cd96bfb89121fb3f93bf6f6df09c0e5b81c54,revised,3,2026-10-03T06:23:19.442814+00:00,False,ko-codex-v1
auvhqt,B,60e8fb2e146e2b46f1408190fd8a2eba2a0b2ce730fa0a64167365b51a25802d,12503fd192d8c31d804660f2091fd47fd62e5a6e01495177cb6e8975cd40d56e,12503fd192d8c31d804660f2091fd47fd62e5a6e01495177cb6e8975cd40d56e,revised,2,2026-10-03T12:30:42.289845+00:00,False,ko-codex-v1
avmpzl,A,47888f26da40b2639aac176a7338dec9033c5baefb675d7c7f45d940f38003d4,7377bebb7d25cfbf4ef65b96434840366f0e31c70f3da49124cf8a29ae1ee33e,7377bebb7d25cfbf4ef65b96434840366f0e31c70f3da49124cf8a29ae1ee33e,revised,5,2026-10-02T23:05:21.988879+00:00,False,ko-codex-v1
avmpzl,B,bbadcefc92b8da7362447e8735319577a4b58168eb8ea88ea741161f9b5c575a,4bc313c950fe8e77ab737742fe89a9911562dd3e8a15f1aca77c708f893eca54,4bc313c950fe8e77ab737742fe89a9911562dd3e8a15f1aca77c708f893eca54,revised,2,2026-10-03T01:45:56.973737+00:00,False,ko-codex-v1
avmx1e,A,038718b7fabf7c8221788d731aa10f5d7277c122a5397b32d2406b5b52aa4345,038718b7fabf7c8221788d731aa10f5d7277c122a5397b32d2406b5b52aa4345,038718b7fabf7c8221788d731aa10f5d7277c122a5397b32d2406b5b52aa4345,pass,0,2026-10-03T00:19:47.362994+00:00,False,ko-codex-v1
avmx1e,B,63450452b3e0778a9b208b9f330abf2f1c5e78bcec67083b3e6f6512e63fbc7f,63450452b3e0778a9b208b9f330abf2f1c5e78bcec67083b3e6f6512e63fbc7f,63450452b3e0778a9b208b9f330abf2f1c5e78bcec67083b3e6f6512e63fbc7f,pass,0,2026-10-03T02:11:52.117450+00:00,False,ko-codex-v1
avtvnb,A,e394efcb4ed45c357512dfdab6f822a1b13f7898fe2924e1fdfedaf32dac22a4,65ae1aba966796a4ca593662823a9b907d13b5730ba967a19f681b4d6644a0c2,65ae1aba966796a4ca593662823a9b907d13b5730ba967a19f681b4d6644a0c2,revised,2,2026-10-03T01:39:06.882041+00:00,False,ko-codex-v1
avtvnb,B,a23b52727d233fb182b9b75559f20839d823f3f5e2eb7cc5b9bdec76971dfd16,d52712c1259aa22fe816c6ffa314fc4775f50d140d72c57f2472d3d624f72f2d,d52712c1259aa22fe816c6ffa314fc4775f50d140d72c57f2472d3d624f72f2d,revised,2,2026-10-03T01:27:43.662095+00:00,False,ko-codex-v1
avv88x,A,a9d0e2a61adf9a3f63f25b91ee305d735e338bc8b39336fa4f4ba0642b64c6b4,fcd19cb5a23b7a3565bd092c69099efcc6db5511d707b14df6a9db566095223f,fcd19cb5a23b7a3565bd092c69099efcc6db5511d707b14df6a9db566095223f,revised,3,2026-10-03T04:35:50.365823+00:00,False,ko-codex-v1
avv88x,B,0767666db9ecbd363debd8cbc93b49d269b3cae32f4d78ac8adae8201f461d65,b83c1eb0cc317d34df4494d1c59b3a40f1afb039733fe2b76143bb3a4b298ad7,b83c1eb0cc317d34df4494d1c59b3a40f1afb039733fe2b76143bb3a4b298ad7,revised,3,2026-10-03T02:31:07.856652+00:00,False,ko-codex-v1
aw37cr,A,6f1ce6b4daf6cc75c9e8675a03e61dafc66070b4d67817326b8a1d59b9f95888,07a561b5ec84fdb8cc5615bb165ea6dd90634303e5c6217f587e6a17e9a3261f,07a561b5ec84fdb8cc5615bb165ea6dd90634303e5c6217f587e6a17e9a3261f,revised,5,2026-10-03T06:28:42.464919+00:00,False,ko-codex-v1
aw37cr,B,198d29ab6e411d87b8f7c93ddb6f4cdc454951e09c893456366583160fb1287c,4059a72d285e986dcdde934af2250c3511f3ebdd91b903b37396c79a2f64d56a,4059a72d285e986dcdde934af2250c3511f3ebdd91b903b37396c79a2f64d56a,revised,1,2026-10-03T01:52:36.899088+00:00,False,ko-codex-v1
aw42ni,A,8a8814a4c0b2b719c78b2b6e462b043b19a7e56868082e695349972016b74bc9,31bed43040e0ac98f11060ad3a5e7dba4dfdd06dfefcf3e5de0b6fbcf7ec192d,31bed43040e0ac98f11060ad3a5e7dba4dfdd06dfefcf3e5de0b6fbcf7ec192d,revised,5,2026-10-02T23:30:10.609119+00:00,False,ko-codex-v1
aw42ni,B,0c861368d7abd1bc701008b73863b82d6631f74faec5eaa8b6b6972f890d6975,54f9506d8618110e1e8b2edb1e8d5fd913d33e25d93860c63720144ba01133a9,54f9506d8618110e1e8b2edb1e8d5fd913d33e25d93860c63720144ba01133a9,revised,3,2026-10-03T00:03:36.313822+00:00,False,ko-codex-v1
aw6qj9,A,61be0278f505fd290fe09479cc8c2eb8572a0e1c66445e8dceb44e37633924d7,5aa49b46f0d355aaf7db9206c4805e16b22273998b7c8555a01e958ba4f72a17,5aa49b46f0d355aaf7db9206c4805e16b22273998b7c8555a01e958ba4f72a17,revised,6,2026-10-03T08:54:02.104949+00:00,False,ko-codex-v1
aw6qj9,B,859b3b8f2861b377e422e4aede0ab4b7bf7e598c8d676d8d6eaaafb8b13fdfee,859b3b8f2861b377e422e4aede0ab4b7bf7e598c8d676d8d6eaaafb8b13fdfee,859b3b8f2861b377e422e4aede0ab4b7bf7e598c8d676d8d6eaaafb8b13fdfee,pass,0,2026-10-03T04:50:21.371600+00:00,False,ko-codex-v1
awbhry,A,e83c3e56285db4654ac97f14b46660b095c8c3bd218c2438de2a91f29b7b91ba,d7c326351f5e35080443b0488182dbcfa8c846aa16a63024673e43ca8e4f34a1,d7c326351f5e35080443b0488182dbcfa8c846aa16a63024673e43ca8e4f34a1,revised,5,2026-10-03T02:45:25.646120+00:00,False,ko-codex-v1
awbhry,B,72b37cf2c876fd85d92fb7ccd9763502e3fac56416bb0b2b3a69874d43281a0e,8ed2747d8dac41c21b4dd0e4402b9c17d509c44faa032adb4f899fe2731ca162,8ed2747d8dac41c21b4dd0e4402b9c17d509c44faa032adb4f899fe2731ca162,revised,1,2026-10-02T22:43:20.799668+00:00,False,ko-codex-v1
awcgbn,A,52df427a4e1acdbd66d2bb62d04c086ca5a7b443a04fba39d37cadebb73ca2da,dac698402770617ce78bde8f68f8ab09742adde58bc72c9539f83b53a3f8ca37,dac698402770617ce78bde8f68f8ab09742adde58bc72c9539f83b53a3f8ca37,revised,6,2026-10-02T21:31:18.077356+00:00,False,ko-codex-v1
awcgbn,B,3823b1bede7e74fbe314665d9cd9c16a19d28cca11046f808c75890c999fee8b,2f89d9b96d4d8c701b7c931bd755d549593d301039d4b122ac1c95a6e7fbec23,2f89d9b96d4d8c701b7c931bd755d549593d301039d4b122ac1c95a6e7fbec23,revised,2,2026-10-03T04:16:08.433919+00:00,False,ko-codex-v1
awlcbp,A,f3e8afd4108f373ba504cdd61e646b86298d3c470ba2b703c96a4d6c54b2925c,f3e8afd4108f373ba504cdd61e646b86298d3c470ba2b703c96a4d6c54b2925c,f3e8afd4108f373ba504cdd61e646b86298d3c470ba2b703c96a4d6c54b2925c,pass,0,2026-10-03T06:33:01.271683+00:00,False,ko-codex-v1
awlcbp,B,79e924a8d618da6dd348fe0959888c83ca1508618b35f9d6569801ada296201c,3f044c3d5a10ca90125476617584a19ce052d1fb22b8e1b75a429e56d4fe3d96,3f044c3d5a10ca90125476617584a19ce052d1fb22b8e1b75a429e56d4fe3d96,revised,3,2026-10-03T02:38:56.980632+00:00,False,ko-codex-v1
awrjd2,A,3d55d524653285198f811fdee3b4e5604b43c556629e97708e0c120070f2b148,67333690d0298c1d9d418f8f4dd528ff4c3f4fa6be0e65ee97cae74bc571e4e4,67333690d0298c1d9d418f8f4dd528ff4c3f4fa6be0e65ee97cae74bc571e4e4,revised,2,2026-10-02T21:07:21.302372+00:00,False,ko-codex-v1
awrjd2,B,d932a69fea5918bf48070d16ceb5f866e94acc3373512f414a6c459932baa775,5c34204cef4a2c26420b20d2c2bf156c11bdb7aea3bd39be40c2d7b074b0744d,5c34204cef4a2c26420b20d2c2bf156c11bdb7aea3bd39be40c2d7b074b0744d,revised,4,2026-10-03T06:14:06.994960+00:00,False,ko-codex-v1
awwo1u,A,b9d474459af3f5ea92306856a7bcefb1f7d11e4f58c1c2702398395880120031,cd614dd8e5133079803352ab6b54c7f18be9c6abb385539be453477dad556c1d,cd614dd8e5133079803352ab6b54c7f18be9c6abb385539be453477dad556c1d,revised,2,2026-10-03T12:12:39.234703+00:00,False,ko-codex-v1
awwo1u,B,804bf0e6d06f2312a8c98351c499d4c758ab9bdd3014a83f832f7b01322bf4ad,586f37a7dcf5d19032c035d858520d6d72d56be00f7b80d4d238427fd1c5ecef,586f37a7dcf5d19032c035d858520d6d72d56be00f7b80d4d238427fd1c5ecef,revised,3,2026-10-03T02:28:21.847407+00:00,False,ko-codex-v1
awxpy5,A,236358e4302337e1084bcc7718543af13c2b50d7f970be4729aa4e673a49c5ec,389518cb50a1a299aba5bd846ea8ec17daeaf7a5e95dc9e5910676a51b25bc22,389518cb50a1a299aba5bd846ea8ec17daeaf7a5e95dc9e5910676a51b25bc22,revised,1,2026-10-03T08:04:54.484206+00:00,False,ko-codex-v1
awxpy5,B,897cf4a5a2f0acc47bd07fdcbe431669d254f004030c77d7b403eb2b74e5ef5d,c5e1d0a5052d4b42602c83c4c8a3ffc742b8681fa6e35ba6666743f4305a6067,c5e1d0a5052d4b42602c83c4c8a3ffc742b8681fa6e35ba6666743f4305a6067,revised,1,2026-10-03T12:23:27.143211+00:00,False,ko-codex-v1
ax1fso,A,6d36a67e6ff57019713e3698adfff06ee3857eb55fa99b2f2955dd054a5f7f96,c6d9525f402e27edee4b1b02d99f732c2094e47d01a6077b10952f3b59638e0b,c6d9525f402e27edee4b1b02d99f732c2094e47d01a6077b10952f3b59638e0b,revised,6,2026-10-03T03:44:59.418137+00:00,False,ko-codex-v1
ax1fso,B,f6b1ae5e23ccdb72af516a64a117210ab7026f3bd46fc87d8eeadbf6760a6460,54a5ed82f9918c2856a4a46f1874adf5d4c7fd0b351d256410978114768cd14d,54a5ed82f9918c2856a4a46f1874adf5d4c7fd0b351d256410978114768cd14d,revised,4,2026-10-03T00:33:27.516459+00:00,False,ko-codex-v1
axcl2j,A,514394770c609ff7ec27ee3e71e9cded1159b2fd16fd12aaf9625286215a8792,3402edacdc782912b0ed02ea9ef2833ffc10edc68ad6b7a4abc746de909c394e,3402edacdc782912b0ed02ea9ef2833ffc10edc68ad6b7a4abc746de909c394e,revised,4,2026-10-02T22:25:05.448933+00:00,False,ko-codex-v1
axcl2j,B,66baf357811cad35df7419601b59a1542669b7ad7cccc9f07d7644302fdb0a17,a2a49cc76da1ed7b0f4ce0d3b13d57342cf17cb536aa2fff178f2988616ac0ff,a2a49cc76da1ed7b0f4ce0d3b13d57342cf17cb536aa2fff178f2988616ac0ff,revised,3,2026-10-03T02:43:39.578101+00:00,False,ko-codex-v1
axgqjs,A,8950e65366207e22f66d05ccd96f94338518f7ffe4a242c0fa0efaff53b05489,224fcc6eff0d55fe4778df677fd4f21882d45bf1f4cba513171942f2f1ff47b6,224fcc6eff0d55fe4778df677fd4f21882d45bf1f4cba513171942f2f1ff47b6,revised,3,2026-10-03T04:59:39.678708+00:00,False,ko-codex-v1
axgqjs,B,df23670233b77e5eeb84fe32918be7c06e205ec8ba2053c7e86f77450fb2875a,df23670233b77e5eeb84fe32918be7c06e205ec8ba2053c7e86f77450fb2875a,df23670233b77e5eeb84fe32918be7c06e205ec8ba2053c7e86f77450fb2875a,pass,0,2026-10-03T01:50:11.790338+00:00,False,ko-codex-v1
axh568,A,90fa28f705ac8905ebc16c85bfa34b8e6cb9c70afe40bc5de7190c1586ff1b9a,1434cce82a157a3d21523d8db5150a0feb3794caaa86f4c9f664b0001804e34a,1434cce82a157a3d21523d8db5150a0feb3794caaa86f4c9f664b0001804e34a,revised,2,2026-10-02T21:11:17.243133+00:00,False,ko-codex-v1
axh568,B,6707ebe9b2087fbd5fba9a994d0b34d6b2b2f8c7df15d2532deb9ec2302be41b,25037366f6598489dd87f7e596fa3c7a01c6e4994eda382b2cee1425b6c4bb5c,25037366f6598489dd87f7e596fa3c7a01c6e4994eda382b2cee1425b6c4bb5c,revised,1,2026-10-03T11:59:55.399839+00:00,False,ko-codex-v1
axln8p,A,a8ef49f06d9400357ddb351eedd2e16622cd8a3773c393b24d1e5e7a9f43df24,cb3ca579ae04e2ed9c31d7742f2acd90c4bfcac27106130116da7252b9a1964a,cb3ca579ae04e2ed9c31d7742f2acd90c4bfcac27106130116da7252b9a1964a,revised,3,2026-10-03T01:25:30.229594+00:00,False,ko-codex-v1
axln8p,B,358136f5f217fb981ea679154a44329f226fd8984b716228146731319e686b38,9d75d5f8017ae965ec7a32fd6b27e32022420574c117a5c9315eab71bc9cd9f5,9d75d5f8017ae965ec7a32fd6b27e32022420574c117a5c9315eab71bc9cd9f5,revised,3,2026-10-03T07:35:32.318454+00:00,False,ko-codex-v1
axmlr4,A,6e32fa2226d3f8777647259feb537caed6703c68760e9c523c08973b6055cb0c,073d6aad60b4095e6b3cea46ddb1e0a0ca12e941af1a0e5258e7f137efcb7c92,073d6aad60b4095e6b3cea46ddb1e0a0ca12e941af1a0e5258e7f137efcb7c92,revised,4,2026-10-03T05:42:14.986682+00:00,False,ko-codex-v1
axmlr4,B,6fb2bc6ed51f3d916b28d60036a1c6e15b28a15a2821ed465f707bb73c6989f4,6fb2bc6ed51f3d916b28d60036a1c6e15b28a15a2821ed465f707bb73c6989f4,6fb2bc6ed51f3d916b28d60036a1c6e15b28a15a2821ed465f707bb73c6989f4,pass,0,2026-10-03T01:37:06.817338+00:00,False,ko-codex-v1
axn7hf,A,dfbaae18d94df569c9a34a33835023f44d1f5a97d5a87d5c1554b1cd6aea582d,fec9f9cfe35a7e0c6b0fd4d7af9fad8d5d749433b7e79512572b643dde704e2c,fec9f9cfe35a7e0c6b0fd4d7af9fad8d5d749433b7e79512572b643dde704e2c,revised,1,2026-10-03T07:09:50.884423+00:00,False,ko-codex-v1
axn7hf,B,4cf575e0e001c235940f89bfef64f07d7be3710935f6735dcd81a5a88fb0f551,4cf575e0e001c235940f89bfef64f07d7be3710935f6735dcd81a5a88fb0f551,4cf575e0e001c235940f89bfef64f07d7be3710935f6735dcd81a5a88fb0f551,pass,0,2026-10-03T00:27:18.550648+00:00,False,ko-codex-v1
axo1up,A,46204b234c941ed61f21665c45ec0e6575878e267e2a5555cd674339bbd1e5a7,c61c32b3fbbb37d50f1b9b78987cd59a6e92447a8dc252e9210c260be3793f70,c61c32b3fbbb37d50f1b9b78987cd59a6e92447a8dc252e9210c260be3793f70,revised,1,2026-10-02T23:12:18.608818+00:00,False,ko-codex-v1
axo1up,B,450c116a1c0735a692df8d7ead90786cda1692b8bedbae4a3e69a7da0dc085bf,450c116a1c0735a692df8d7ead90786cda1692b8bedbae4a3e69a7da0dc085bf,450c116a1c0735a692df8d7ead90786cda1692b8bedbae4a3e69a7da0dc085bf,pass,0,2026-10-03T01:56:00.516617+00:00,False,ko-codex-v1
ay14q8,A,45cced2b26e0f419b82b695d35de097e28b9a0ec0281600abda6ecb39adb8e1b,64760937c19770979eeace681e373870742edc0eec7015c9a834da2974ec1a6d,64760937c19770979eeace681e373870742edc0eec7015c9a834da2974ec1a6d,revised,3,2026-10-03T04:59:22.860079+00:00,False,ko-codex-v1
ay14q8,B,41d55e948f1776aed2f9dbb8fd84e1f4fdc9706b6374fb3dccb388de0161bca5,bfd2d0b0492b747d752c7d14bc7f7d40cb2204b0aebac9b6543703260ab905b9,bfd2d0b0492b747d752c7d14bc7f7d40cb2204b0aebac9b6543703260ab905b9,revised,3,2026-10-02T23:01:01.577083+00:00,False,ko-codex-v1
ay5yf5,A,cd3674bb56f6bd2b98cc3c446fadb70b211bac93d7c0ffa5b9c4d1511bac5f23,17dd6ef7dcc2dd7f2a1a4051321231f485c7644a9fb95ddc67495efc0015cd9a,17dd6ef7dcc2dd7f2a1a4051321231f485c7644a9fb95ddc67495efc0015cd9a,revised,1,2026-10-03T11:47:35.746067+00:00,False,ko-codex-v1
ay5yf5,B,9f208a11be0c250eb1bd2f54c701329cb79ed9d517f74d02e09d49b27fe16950,2a226c512f5924892315a03974e7c614277ec5e3984b5a0e900eabafc89de31e,2a226c512f5924892315a03974e7c614277ec5e3984b5a0e900eabafc89de31e,revised,2,2026-10-03T11:35:13.854766+00:00,False,ko-codex-v1
aybb85,A,e72424dd359fc0da28f123cc1c839b7dcea465ffefdc9d8ba7a248f718e30057,c07500dfd27d8135e62dd57ce7215a9cfba51f24a7afe2ed970f92f9c90a2cb1,c07500dfd27d8135e62dd57ce7215a9cfba51f24a7afe2ed970f92f9c90a2cb1,revised,6,2026-10-03T11:57:05.421837+00:00,False,ko-codex-v1
aybb85,B,3c9709a6d55b3f610fd9a8488c28699cdab5e7b5e3404cde4231ddce52a9735b,e8e97976a182f48c2ff51eb63d27e480df3f0966d0c2c3fdbc9d8fc875e7537a,e8e97976a182f48c2ff51eb63d27e480df3f0966d0c2c3fdbc9d8fc875e7537a,revised,4,2026-10-03T08:05:53.354732+00:00,False,ko-codex-v1
ayhui6,A,719d47818615500c510b3eecd6528cdf65fd3f1f83ca0246b3ba6807453b0e54,ece837f4953fd68c681052e325d286ee272b6e6ce886cd9a6fa2f7343cabe4f6,ece837f4953fd68c681052e325d286ee272b6e6ce886cd9a6fa2f7343cabe4f6,revised,5,2026-10-02T23:33:50.513237+00:00,False,ko-codex-v1
ayhui6,B,728f83d8a1bfced10140923de95c9311490cb4826701d1c5426f153f12120093,b01a1c2d8834d6203b8e66046a40d03be87a1eda2081d04462dfd78dacce15e8,b01a1c2d8834d6203b8e66046a40d03be87a1eda2081d04462dfd78dacce15e8,revised,3,2026-10-03T00:32:05.280639+00:00,False,ko-codex-v1
aykvof,A,4a59c8dc23bd9f18d031a156d736e688dfb20a089566df95142666b3bff6c408,99a73213e014d2e7777320e34a9076fdf5f048db8d3b67759fcdce908b56b86c,99a73213e014d2e7777320e34a9076fdf5f048db8d3b67759fcdce908b56b86c,revised,6,2026-10-03T06:10:05.039110+00:00,False,ko-codex-v1
aykvof,B,e268c84c606ff6caed4478beb4bb953c71da4be4f1612f4f2a3827e87b1a8e04,b5ae20932458644d892b520fc1806f6ec17664d4dcb8f4dce6973190ee3f3948,b5ae20932458644d892b520fc1806f6ec17664d4dcb8f4dce6973190ee3f3948,revised,2,2026-10-03T11:41:03.736455+00:00,False,ko-codex-v1
ayq309,A,112120be5f100674461bd46afdf17c434ccbedab3679700b136f409e447d2d24,bb8146beecd6bfdfd5e13817bd9b551bbd26cd2d511eea827fa89c96121ecbdc,bb8146beecd6bfdfd5e13817bd9b551bbd26cd2d511eea827fa89c96121ecbdc,revised,3,2026-10-02T21:21:58.777483+00:00,False,ko-codex-v1
ayq309,B,ca9c817190e4e7de41362fe4600ad3bc242266436f80e6934224e00eba3c37eb,ca9c817190e4e7de41362fe4600ad3bc242266436f80e6934224e00eba3c37eb,ca9c817190e4e7de41362fe4600ad3bc242266436f80e6934224e00eba3c37eb,pass,0,2026-10-02T22:04:00.064284+00:00,False,ko-codex-v1
az4iw0,A,6f7fe07a49bbf57379d4637811248ccb9e26659c775f1fee0a77d74759a8dbc9,6c57bc62d69e467ee6d0c44d88900c0182c9def691f1f988185b874dc10e0340,6c57bc62d69e467ee6d0c44d88900c0182c9def691f1f988185b874dc10e0340,revised,5,2026-10-03T11:41:53.083621+00:00,False,ko-codex-v1
az4iw0,B,e716e00aa0f94fe4a909b76576d1695b2ac53af47107180abef7091d9ac31956,de4e9b70286234032a623f2124b9cd23ef9cdbd323e80afc53d9c5b8fae78f20,de4e9b70286234032a623f2124b9cd23ef9cdbd323e80afc53d9c5b8fae78f20,revised,4,2026-10-03T01:15:46.790220+00:00,False,ko-codex-v1
az8en3,A,2c63aafcea9c062d74512698fc82230f6c497ba256c1f6b25ddd5910385bb59b,19b74d29c24259f272228c049a2c338dc8e54a8892b525f6d932cbafb4579d27,19b74d29c24259f272228c049a2c338dc8e54a8892b525f6d932cbafb4579d27,revised,3,2026-10-03T13:21:01.940296+00:00,False,ko-codex-v1
az8en3,B,262260907330c9245a75adf4c013dc1a53e4980181bed4f4ab5787b6123a8cdb,fb20953bc76d71ca2090009a3a5d592bcbeca47dee9c1b9fb061b69d718abd75,fb20953bc76d71ca2090009a3a5d592bcbeca47dee9c1b9fb061b69d718abd75,revised,3,2026-10-02T23:28:35.034355+00:00,False,ko-codex-v1
az960o,A,034d8719bda47018733a4c992a3ee10f0948b05fee91c93d6c6a4a0362fac3ea,451e0758b9cca5826853c66877011c3cfda3e82d0280d9ff4a0bd49c21c13e99,451e0758b9cca5826853c66877011c3cfda3e82d0280d9ff4a0bd49c21c13e99,revised,2,2026-10-02T21:09:35.043069+00:00,False,ko-codex-v1
az960o,B,217e8aa612fcdeec9140ba983502409acef63334313c0d33352d7cd54a811943,1ee1d4d702c36c48634d485528079cca90ea89be01290302781237b47bc838ed,1ee1d4d702c36c48634d485528079cca90ea89be01290302781237b47bc838ed,revised,2,2026-10-03T00:13:17.861058+00:00,False,ko-codex-v1
azbeeh,A,5a34cd0bab0a4d6d9462f1ad31f8c00c1cd9e150bb096524b273ba66af04695d,9dc70ed96a5d8b91d243d84cdb672077c46a07eff70664018ccbb1dde5a2d30a,9dc70ed96a5d8b91d243d84cdb672077c46a07eff70664018ccbb1dde5a2d30a,revised,1,2026-10-03T06:02:12.998972+00:00,False,ko-codex-v1
azbeeh,B,6c1a050da441f3d748136b1d444fdf8a2ccd634edd99f23339cc5dcd25e11318,5e78808e0367a42813782b51b0af37ea1df26febfe8c5c3cc14ac5f6c06441cc,5e78808e0367a42813782b51b0af37ea1df26febfe8c5c3cc14ac5f6c06441cc,revised,4,2026-10-03T04:56:09.382853+00:00,False,ko-codex-v1
azccog,A,2d35856d5f4df7b807fa1c3ab5536eee48764c15b6f5e50a3e785116a2b8d9eb,338a8a2693c82150c4dc2bb9cdeeb791b8ece0b3fad4563718dd0be770e8bf7a,338a8a2693c82150c4dc2bb9cdeeb791b8ece0b3fad4563718dd0be770e8bf7a,revised,2,2026-10-03T06:20:48.879646+00:00,False,ko-codex-v1
azccog,B,1fbeceea9a82049e103df706c2e493991676115f230e6f23a84355ae1c3a3c68,1fbeceea9a82049e103df706c2e493991676115f230e6f23a84355ae1c3a3c68,1fbeceea9a82049e103df706c2e493991676115f230e6f23a84355ae1c3a3c68,pass,0,2026-10-03T07:40:43.749665+00:00,False,ko-codex-v1
azdt46,A,cab8e11091ff3bfce8e43a671ecbacb80693a1286fff2453ee65bb91dd9b9816,5772fef355c5493f4e3ef6fb833e4eadae84ce3345dbddd0cc7d8066d91c611b,5772fef355c5493f4e3ef6fb833e4eadae84ce3345dbddd0cc7d8066d91c611b,revised,4,2026-10-03T07:20:36.494007+00:00,False,ko-codex-v1
azdt46,B,a8092d8745600ba1a6ad3500904f597a4e5d9e5202c373b2bf7a71d821c7fa45,89e4ff7570d9210e76696035613a57926847325b8cb0929b3e3a82aaeeaa9f95,89e4ff7570d9210e76696035613a57926847325b8cb0929b3e3a82aaeeaa9f95,revised,3,2026-10-02T23:49:53.610264+00:00,False,ko-codex-v1
azmbrk,A,b71f04e1688b29da8125a54f0c7bea7a3ea7ae82efddb4f58a3362eb5e18d632,b94201316b5466f4061867851f7989e822a7362c88d3ff802b27d628263c44b1,b94201316b5466f4061867851f7989e822a7362c88d3ff802b27d628263c44b1,revised,5,2026-10-02T21:52:57.059948+00:00,False,ko-codex-v1
azmbrk,B,3017c1264a340dfa86db105f6e98ce9620f3c668dddc15f26d773643271f2bfb,c0e731045eecba0618cd8af9c08baab91b5e82ca37ace270d71715f53828fcf1,c0e731045eecba0618cd8af9c08baab91b5e82ca37ace270d71715f53828fcf1,revised,3,2026-10-03T05:33:27.386437+00:00,False,ko-codex-v1
azmehk,A,08b225f66c2105652c6941f5e8678d5b8a15d96f5e6b50d626986b09a3e381a1,ca9163238d32f36849782f5134b2bc6ad00235a22aec95f69836628ca397d792,ca9163238d32f36849782f5134b2bc6ad00235a22aec95f69836628ca397d792,revised,4,2026-10-03T08:51:57.229506+00:00,False,ko-codex-v1
azmehk,B,7129ab6e2c59fa7276deee9ba0087555c52833099f6634a322fa84ebfd227291,0532e86d3a18e72612074a260c8e618899fde4ad959b7fd3d3b744252b4a69c4,0532e86d3a18e72612074a260c8e618899fde4ad959b7fd3d3b744252b4a69c4,revised,5,2026-10-03T07:40:18.820596+00:00,False,ko-codex-v1
aznj1x,A,f328b4548f7fb8467cd65c5762dac6fc493247ee60ae4f560737fa45f6f4de24,a87413f932b74e8a38fe7102fcaab6272912d2fd1f8524405547887169c3a24f,a87413f932b74e8a38fe7102fcaab6272912d2fd1f8524405547887169c3a24f,revised,4,2026-10-02T22:40:48.727784+00:00,False,ko-codex-v1
aznj1x,B,53e70bc124d3ed7c4ec40e1f7aa53a03d45d0b817540c8e1f69234cb4286b786,53e70bc124d3ed7c4ec40e1f7aa53a03d45d0b817540c8e1f69234cb4286b786,53e70bc124d3ed7c4ec40e1f7aa53a03d45d0b817540c8e1f69234cb4286b786,pass,0,2026-10-03T02:10:23.141584+00:00,False,ko-codex-v1
azp4ji,A,df8146d7be53a149008d1389e415dabe8b86ae80dddf97c8296fcd1a63e38962,62e615b4d7426537c240d74a206c60035625112b8afb06d35b04f1e7f2399416,62e615b4d7426537c240d74a206c60035625112b8afb06d35b04f1e7f2399416,revised,5,2026-10-02T23:16:57.337620+00:00,False,ko-codex-v1
azp4ji,B,da32621deb8e06474544128465cac7dc7d51b411f27210de4c0bde7a0bcbb978,e6f2aae24f2e8c43207ffb9b395a109799daa492337e3d25702bb963b992cbfa,e6f2aae24f2e8c43207ffb9b395a109799daa492337e3d25702bb963b992cbfa,revised,4,2026-10-03T06:43:02.743710+00:00,False,ko-codex-v1
azuyfy,A,0f03a75f4b13aead51d000659132880f10ecdd0d15afb4902f69e17ed19d8254,d590ed39a419d7e5be35db20b2555c78b3c2b6a41e4b9a2b3dcbda6a8d1fdc97,d590ed39a419d7e5be35db20b2555c78b3c2b6a41e4b9a2b3dcbda6a8d1fdc97,revised,5,2026-10-03T03:15:08.840371+00:00,False,ko-codex-v1
azuyfy,B,2f07eaf0ada4a200cdd87740de00ecb15f05c88009f425b237f46dc8a0e15b6f,97b90dc6c859c610d4950ac4af3c2655ad307f638d700757a8753de62bf48018,97b90dc6c859c610d4950ac4af3c2655ad307f638d700757a8753de62bf48018,revised,2,2026-10-03T04:24:06.447208+00:00,False,ko-codex-v1
b067ue,A,2ce61322376b1a9a918e1489a4288c095da01296796bfa6a04d64863b048bd6f,4f13f40db6a6d01c1bf5ef9bb2d4e5f37bfbb460231fc92ba99947a7dcbe8a00,4f13f40db6a6d01c1bf5ef9bb2d4e5f37bfbb460231fc92ba99947a7dcbe8a00,revised,4,2026-10-03T08:39:11.818379+00:00,False,ko-codex-v1
b067ue,B,1ab1fc36617a7066fa2bce3b043be427a4dd6423187fe7d113cfea40883586f3,902ded95bacbcaa49cca4a1f3d446a3f836bcf7830924716dd22ad021c51c791,902ded95bacbcaa49cca4a1f3d446a3f836bcf7830924716dd22ad021c51c791,revised,2,2026-10-03T01:16:07.405275+00:00,False,ko-codex-v1
b0fkwi,A,54eb0c0af8b1d6da7cc089a9472eb7c39932e7caef003e8c320c610e45481b03,e6c0d6903737224a6363fedb7167c575238e2276a7cd853a1142bb92cf4c4f41,e6c0d6903737224a6363fedb7167c575238e2276a7cd853a1142bb92cf4c4f41,revised,1,2026-10-03T02:39:29.897980+00:00,False,ko-codex-v1
b0fkwi,B,4bd99f6fcab1aa792e1c58fa53b77d23d190143e38da1c244cfe14858fa4dfce,0d0409792e48390f1ed6fc68742be23f12cfb2d5c20de5130c9a6802c9e230b7,0d0409792e48390f1ed6fc68742be23f12cfb2d5c20de5130c9a6802c9e230b7,revised,2,2026-10-03T10:52:16.745773+00:00,False,ko-codex-v1
b0fofq,A,db1ef8a6a8ed0f3d53035dee4462630f7baeeac47339786834bfbd12fe25340e,eef362fcbe272cea3e187bd048bd066155b6f4f3424a4f9d828b04261e8f981b,eef362fcbe272cea3e187bd048bd066155b6f4f3424a4f9d828b04261e8f981b,revised,3,2026-10-03T00:45:11.370012+00:00,False,ko-codex-v1
b0fofq,B,42c2a5e30f99a3b3febd1ee5b1734d8e74cbd2b8e7115e80d94cfd82b7ca6bfd,42c2a5e30f99a3b3febd1ee5b1734d8e74cbd2b8e7115e80d94cfd82b7ca6bfd,42c2a5e30f99a3b3febd1ee5b1734d8e74cbd2b8e7115e80d94cfd82b7ca6bfd,pass,0,2026-10-03T05:51:57.000596+00:00,False,ko-codex-v1
b0lokv,A,4dfdfb3c9f3ac99c2d2048d35d157c95e48aebbaf18bc6057448c47878030029,d657368579367f2370374deaf1825bdaafd1590b6278d9e15f1688f9f15fa9e7,d657368579367f2370374deaf1825bdaafd1590b6278d9e15f1688f9f15fa9e7,revised,3,2026-10-03T00:35:25.685427+00:00,False,ko-codex-v1
b0lokv,B,13d8b9aa5c83704b68c8f382092e59e9ea61f88d4fee716723d944dff8743b92,19b6d25e66b5a7ab01666961563fb805ed6d1428d3a924e3f9ebeae42037e2a8,19b6d25e66b5a7ab01666961563fb805ed6d1428d3a924e3f9ebeae42037e2a8,revised,3,2026-10-02T23:55:12.651705+00:00,False,ko-codex-v1
b0sztz,A,a6ecb3640f59e6b9dd647fafab98f9526a292d6e425c9450144bc341bade9dac,e782d64a36c99946d5cdd33c7db98e7d78abb72a32b7588143d67bde93853734,e782d64a36c99946d5cdd33c7db98e7d78abb72a32b7588143d67bde93853734,revised,6,2026-10-02T23:51:10.142293+00:00,False,ko-codex-v1
b0sztz,B,102fef73da35781a7e1c091e208c94767b10b8c2260106762a4ebf30f34a7485,a0e18e852040a275494588f05fc0628023fac65afce5f19345d38873e4b94e27,a0e18e852040a275494588f05fc0628023fac65afce5f19345d38873e4b94e27,revised,4,2026-10-03T11:21:02.054628+00:00,False,ko-codex-v1
b0vgee,A,da745c67cc79738770930a82e01faadb3f7c0a1bed3dc2c6891d02513495263f,d5ac41d672a0e965bd88ae6936c6580f10994254b3d7ee516fd7c1c238f890da,d5ac41d672a0e965bd88ae6936c6580f10994254b3d7ee516fd7c1c238f890da,revised,6,2026-10-03T02:04:59.008481+00:00,False,ko-codex-v1
b0vgee,B,6616084060337dee2b5d30e66171e4fca74232c65d2040f8b5bef3cbaf31f8f4,246a6a32decb804c72038f58c409b828ba91d1ad5122059ea2bcb593144deda4,246a6a32decb804c72038f58c409b828ba91d1ad5122059ea2bcb593144deda4,revised,2,2026-10-03T05:31:34.010090+00:00,False,ko-codex-v1
b116tz,A,a2713ffd99594d57060cb3804dea55136a21da2ce2ade812b5a0ef4db8ae9a12,2453afcce6e45577c2c7a052371bd40d9183b1cc802714a386e99d4f2b1d4a2c,2453afcce6e45577c2c7a052371bd40d9183b1cc802714a386e99d4f2b1d4a2c,revised,3,2026-10-03T03:39:28.768531+00:00,False,ko-codex-v1
b116tz,B,1c0c37928a9808c4822832914c8f7811c0a3eb29cd76b61a5b29ac9bf41f3869,00c0030881a620900a8ee8526d1e9c8463aedb4edc64cf741b4bcc07667ef3b8,00c0030881a620900a8ee8526d1e9c8463aedb4edc64cf741b4bcc07667ef3b8,revised,6,2026-10-03T01:18:31.533233+00:00,False,ko-codex-v1
b15pjb,A,ef060c81835a32bc3bc58934493a26920bb3495feaa21676aef03b10e6670ad6,92ae2ad4489f7727078bf973ff725903db89474fb81e229efc96a5b228a5f7bb,92ae2ad4489f7727078bf973ff725903db89474fb81e229efc96a5b228a5f7bb,revised,4,2026-10-03T05:05:05.232054+00:00,False,ko-codex-v1
b15pjb,B,fd37720001ce05acc4b99355af5e56a0c26a4d3bcaab043b1cbbf24e2b651300,6289dac00538bb19d776f88455c6bbbc653c5658ee0431144fe53be17690d769,6289dac00538bb19d776f88455c6bbbc653c5658ee0431144fe53be17690d769,revised,4,2026-10-03T08:44:10.547760+00:00,False,ko-codex-v1
b19nmm,A,da1ff486dc0484d8e9ea3bcb2d42f29dab39c33916ab1cc9efd102ef7f54ec43,613c5c389909b2d0349a145a2e8b9c275e212e413d99779a17ed0352f3d21237,613c5c389909b2d0349a145a2e8b9c275e212e413d99779a17ed0352f3d21237,revised,5,2026-10-03T01:51:45.502893+00:00,False,ko-codex-v1
b19nmm,B,d702342f4121c0d0ff3ac11e8c7d024c06345749b3b6f52274b35ac3fe99dee9,08bf851bb173673ef2681b98150f889e6beab8c945b9a548e24c33fe9f2093c3,08bf851bb173673ef2681b98150f889e6beab8c945b9a548e24c33fe9f2093c3,revised,1,2026-10-03T11:53:09.254618+00:00,False,ko-codex-v1
b1myu6,A,7c6f4ddb48b29fab14816fa1daebb0d516daaefb7f917687d2d71388e7711cf4,87e6354830ab99b32540b6d1c0b7f8a058f842f0aa1dc8b4a5559286caf7a9aa,87e6354830ab99b32540b6d1c0b7f8a058f842f0aa1dc8b4a5559286caf7a9aa,revised,2,2026-10-03T06:32:36.698533+00:00,False,ko-codex-v1
b1myu6,B,a364360f71270f534d93fc776296ff81b9302b088b524dc844df1d8c5abd581c,54fce4f04e60291b5de01e55ba090afd39521c8248be1a9bf6db9700fdb6e583,54fce4f04e60291b5de01e55ba090afd39521c8248be1a9bf6db9700fdb6e583,revised,4,2026-10-03T02:28:01.405669+00:00,False,ko-codex-v1
b1xuho,A,f288b26ca84ededa25a4e43b81424d2767787ff5fd89d13edd01b0dc66485622,16d80ca5b7449f815319a5dd7e4b6e3321f191532c2d8569de8c1e3dd0f73247,16d80ca5b7449f815319a5dd7e4b6e3321f191532c2d8569de8c1e3dd0f73247,revised,5,2026-10-03T12:10:04.999843+00:00,False,ko-codex-v1
b1xuho,B,00bb709bbd4028b4571e899d61b9136a8426904f16ae2714e0c4ea27a2a88d35,12217759315e31b5b5fc752c44cb4328955ad31a3bc9fae69f90b130763aeabf,12217759315e31b5b5fc752c44cb4328955ad31a3bc9fae69f90b130763aeabf,revised,2,2026-10-03T08:13:24.083838+00:00,False,ko-codex-v1
b24mx9,A,eb3386fcd2076ec65cf936894a17fd1666d6c0c28f9d093c12c442a30839147e,35555c3a1320394e93222069cb5ec69b6d28cf5bc5ce9826b3ce535f28e8cfd7,35555c3a1320394e93222069cb5ec69b6d28cf5bc5ce9826b3ce535f28e8cfd7,revised,2,2026-10-02T22:08:43.029895+00:00,False,ko-codex-v1
b24mx9,B,dbb5f5fd0ebf162ef8f2c6b65739803ac3da9c1935e3bc5bc5088fe238515e25,8dea4496153b1fe6645918b8512fa58cf6cf5aa47ce7930613c8c3fcd040f147,8dea4496153b1fe6645918b8512fa58cf6cf5aa47ce7930613c8c3fcd040f147,revised,4,2026-10-03T01:12:41.799288+00:00,False,ko-codex-v1
b251e7,A,13f6d70114b65389c740be039f55685b76e9b70ff4b1c88a465cd52e05444bdc,a33d14f00a036e65b8b40cdc066bf470ec3b9fbb9b17061138fb4d7c2c0ab906,a33d14f00a036e65b8b40cdc066bf470ec3b9fbb9b17061138fb4d7c2c0ab906,revised,2,2026-10-03T01:29:51.000922+00:00,False,ko-codex-v1
b251e7,B,af85b13f6aaa2f1e73fb28a08dda9c695bf62478c9b30561b829e5f48a593d9d,5aa91ab9481954c05b1aa295fa3b24890956469ffff8bc05334bee7764c542b2,5aa91ab9481954c05b1aa295fa3b24890956469ffff8bc05334bee7764c542b2,revised,2,2026-10-03T06:10:54.543576+00:00,False,ko-codex-v1
b27igr,A,9f8103eefccd9e044e838b8beddd1e99da5b168221fdf9083810f0aea21b663e,d54b1492249e88968036ad172043f782a11916d1881e6cdb0cd858add860b4fb,d54b1492249e88968036ad172043f782a11916d1881e6cdb0cd858add860b4fb,revised,2,2026-10-02T23:08:06.269452+00:00,False,ko-codex-v1
b27igr,B,a8275d2e92a46201f3f4dc667e4a88423c57209c23f06a815a4f6e1ac9a5dfdc,a8275d2e92a46201f3f4dc667e4a88423c57209c23f06a815a4f6e1ac9a5dfdc,a8275d2e92a46201f3f4dc667e4a88423c57209c23f06a815a4f6e1ac9a5dfdc,pass,0,2026-10-03T06:27:30.933874+00:00,False,ko-codex-v1
b2a1md,A,b182f4204d7f1bb096e9764848ebb0fbd30c179a19237309ed11fafd0de3af10,b182f4204d7f1bb096e9764848ebb0fbd30c179a19237309ed11fafd0de3af10,b182f4204d7f1bb096e9764848ebb0fbd30c179a19237309ed11fafd0de3af10,pass,0,2026-10-02T22:50:22.691563+00:00,False,ko-codex-v1
b2a1md,B,6f4022779df711753dffe82d363732b913b89938959919b4213aabe8ed747da3,a8d1ecd7772abb5ed58706f581795c33efed4bf51d230a6060985aa0629369a6,a8d1ecd7772abb5ed58706f581795c33efed4bf51d230a6060985aa0629369a6,revised,4,2026-10-03T11:18:40.298768+00:00,False,ko-codex-v1
b2b1cb,A,0ca5bf8cab0189f5237f0d4dfb7bb6a5c29cd535f747f2b5fcf6ba4801a31b9e,5e24ceccd3fc8212aa0d7073c397976c649aec7452638703cfbd3e4e45914f71,5e24ceccd3fc8212aa0d7073c397976c649aec7452638703cfbd3e4e45914f71,revised,4,2026-10-03T10:59:34.111873+00:00,False,ko-codex-v1
b2b1cb,B,51e02394861edbf531d7156f3fd658d8a5264b164011b5889e60f4e948aac73d,cf1bcf4b8b3414148c1fc8beac625eb37c7405e3491ff621c1495df5d48ec75e,cf1bcf4b8b3414148c1fc8beac625eb37c7405e3491ff621c1495df5d48ec75e,revised,7,2026-10-03T03:14:11.159220+00:00,False,ko-codex-v1
b2by2c,A,46d08762118503fd9a417d6589f688d31f3b98886ea8cfd8f9ccbc38997b007d,148d0c8950738d4c6d32a1bbb9308d94ad9996cfb604fa8ff90ceff999c04d70,148d0c8950738d4c6d32a1bbb9308d94ad9996cfb604fa8ff90ceff999c04d70,revised,4,2026-10-03T01:40:15.028450+00:00,False,ko-codex-v1
b2by2c,B,667c14de5dfb751e0cb8f76b141b95ff4ba1f1b9a21b709971af440821470e53,667c14de5dfb751e0cb8f76b141b95ff4ba1f1b9a21b709971af440821470e53,667c14de5dfb751e0cb8f76b141b95ff4ba1f1b9a21b709971af440821470e53,pass,0,2026-10-02T22:27:43.368564+00:00,False,ko-codex-v1
b2cdox,A,cbd6d270cd51a698c762a44eb010fb5f5eca8751d19bea91a7fde787b0a86482,668ff8bac6a0bd0b239744781eb76e767d04244270aac97815baa978bc834ce6,668ff8bac6a0bd0b239744781eb76e767d04244270aac97815baa978bc834ce6,revised,1,2026-10-03T01:48:25.200349+00:00,False,ko-codex-v1
b2cdox,B,41c8d4d2caeaf85bf71caddfab1bfef09448460fddafde0b3aac75977083c675,4019f41868282e41c75fd763f20582d8e5fae0b39d16fb16113df94744b01fd5,4019f41868282e41c75fd763f20582d8e5fae0b39d16fb16113df94744b01fd5,revised,4,2026-10-03T02:00:38.747934+00:00,False,ko-codex-v1
b2ia0s,A,7da2beea54f72a55905fe0f2c365f72f2ed98d605ddb50315d66bea67668ca4f,e7e2e140ffb69546b85fd16caa102c54eb88d70ad45fa008fc60472d72980a93,e7e2e140ffb69546b85fd16caa102c54eb88d70ad45fa008fc60472d72980a93,revised,1,2026-10-02T21:22:54.694325+00:00,False,ko-codex-v1
b2ia0s,B,a668040bdb4c279b3ed2483f09fa6aa6f882e645ad649290f2d86832644ad0be,a668040bdb4c279b3ed2483f09fa6aa6f882e645ad649290f2d86832644ad0be,a668040bdb4c279b3ed2483f09fa6aa6f882e645ad649290f2d86832644ad0be,pass,0,2026-10-03T04:15:10.824578+00:00,False,ko-codex-v1
b2mr16,A,b785acc0dc03c061c6c266e11a2b7ce656927a986862636ffd069c51f18bc9a6,73b24d9e9c316a92dbfeee69734c6eef59c52e013a25e50c56bc37f40c6203af,73b24d9e9c316a92dbfeee69734c6eef59c52e013a25e50c56bc37f40c6203af,revised,1,2026-10-03T04:04:28.235704+00:00,False,ko-codex-v1
b2mr16,B,ed31f391d59f3894f3e77b73e5400533499657d72b5311e664d6ab889aa4d004,ed31f391d59f3894f3e77b73e5400533499657d72b5311e664d6ab889aa4d004,ed31f391d59f3894f3e77b73e5400533499657d72b5311e664d6ab889aa4d004,pass,0,2026-10-03T00:05:52.888180+00:00,False,ko-codex-v1
b2tj0s,A,b843a04b47b643380ab92146f96642879ee4bb62dd9f11083763e2334bd2bb6c,4873b7e74dedb0ffd2b528fd44487a16b874131c618d08655654e2ecc812d242,4873b7e74dedb0ffd2b528fd44487a16b874131c618d08655654e2ecc812d242,revised,5,2026-10-03T07:02:08.499093+00:00,False,ko-codex-v1
b2tj0s,B,fc0739871c3ac63f30ec94ee004abbcf8ca3d0b15bfd9d93fa6ccebe0b186551,34810ea1a37d51484cee4f28735dee3a9dc40eab22a1cd0bb80c16e556e9b5fa,34810ea1a37d51484cee4f28735dee3a9dc40eab22a1cd0bb80c16e556e9b5fa,revised,4,2026-10-03T07:25:57.691772+00:00,False,ko-codex-v1
b2xng6,A,b911e99221dd103ed610931d67edb8074d0cf0d2dceea787faeb85da03a65354,9bde9a0e2f4f6531955d7b936f15b3e6cf7da1d316652751b4d694281bdb18df,9bde9a0e2f4f6531955d7b936f15b3e6cf7da1d316652751b4d694281bdb18df,revised,4,2026-10-03T08:08:54.186845+00:00,False,ko-codex-v1
b2xng6,B,e62c9aa435d8bd97b5644e6e66a36ce92704acf842a3bce48e2ea72a82f04fc7,5ea84bdf053beff7234e28a88a37cb7236bd18cf1e489e045a28ebe5a95e3cae,5ea84bdf053beff7234e28a88a37cb7236bd18cf1e489e045a28ebe5a95e3cae,revised,2,2026-10-03T07:04:26.882574+00:00,False,ko-codex-v1
b31lal,A,45db1fc0fac95f6f47db0a67f9af52e7d0a753ff02f765fe03fa07364ecca90c,e72111fecb1abeb1c9d6d7eb4cee82198c6388a747fec3d03fbca30089d25100,e72111fecb1abeb1c9d6d7eb4cee82198c6388a747fec3d03fbca30089d25100,revised,4,2026-10-03T07:34:40.254206+00:00,False,ko-codex-v1
b31lal,B,6c979e9c501ae61121159d516893b0d35332c45edd231382ceface54bb57f30a,68b85394acbf5b2df8177d1987ca3353baad86f669798f8563a29853f12b749a,68b85394acbf5b2df8177d1987ca3353baad86f669798f8563a29853f12b749a,revised,3,2026-10-03T01:42:14.328535+00:00,False,ko-codex-v1
b32yv0,A,b1ea137300910cee79502e977d820ad85bbe767d8c03beaa6d027dbbc5662df4,8c547a553b0fc82441f96c5a939ee6f21b80a0c0356eb73ae1ab36c56998854a,8c547a553b0fc82441f96c5a939ee6f21b80a0c0356eb73ae1ab36c56998854a,revised,1,2026-10-02T21:42:24.092230+00:00,False,ko-codex-v1
b32yv0,B,d17a276f13a164c1b88d8ee6cb2362ef0fd002a9634d94ccb501f71cf0aa2b15,37b60592f77a984f432351e4a1446af75810c10e0bfc5509bfe7f3e036fc3385,37b60592f77a984f432351e4a1446af75810c10e0bfc5509bfe7f3e036fc3385,revised,2,2026-10-03T06:07:35.032320+00:00,False,ko-codex-v1
b34wkb,A,f9e1e3784a1b03451cf946716b6b2e885bfef4e65d8d7b18ede8213e8a0e16f9,0f3fbc30edc6d2e544cfde2d7731acc1962db45b9d669e1a9b24aa8d7da97a97,0f3fbc30edc6d2e544cfde2d7731acc1962db45b9d669e1a9b24aa8d7da97a97,revised,5,2026-10-03T08:42:54.386651+00:00,False,ko-codex-v1
b34wkb,B,0e46949a8dcc9c4f2e75dbcbfb1d60c586b66b60d517441357fa1f54090ff734,4f9a84d8b18b9d05c1611ac1ed3bbfd5462429d28c2e70a5a75f2eb2fbed9696,4f9a84d8b18b9d05c1611ac1ed3bbfd5462429d28c2e70a5a75f2eb2fbed9696,revised,3,2026-10-03T08:05:37.240082+00:00,False,ko-codex-v1
b38ju6,A,2c562680d8c15bfb16a9077d3cecce515fbaa9358a8eb30870a5660fd064e86c,ff5c507e634bbdf4c6f804842d5150be26b8f1d8019da297e8ca9350e239ceb1,ff5c507e634bbdf4c6f804842d5150be26b8f1d8019da297e8ca9350e239ceb1,revised,2,2026-10-03T07:43:38.235094+00:00,False,ko-codex-v1
b38ju6,B,22e3184ea77a9e29d0a48d69f71de4f4466b81c0f14484e6510fb4118667a018,3434b785f4e921842a2b462dda34e993ce495cd6c02667aeaa3e111bd3d8850d,3434b785f4e921842a2b462dda34e993ce495cd6c02667aeaa3e111bd3d8850d,revised,3,2026-10-03T12:08:38.706018+00:00,False,ko-codex-v1
b3e8pq,A,d2f5986deb047d6bd42917dcc6c921d70cc1787de71aa1b7ecb9ad8df67a7f47,55e7f11f2dbf5da7394cf34c2092cb0cd24234c8a01f22de57372db0e3788bbf,55e7f11f2dbf5da7394cf34c2092cb0cd24234c8a01f22de57372db0e3788bbf,revised,1,2026-10-03T08:51:24.861875+00:00,False,ko-codex-v1
b3e8pq,B,79eb817c2b9e81c937a9918f0254b0919c20431afdd6caef2da464ca62b63fc1,9ab38ceefc75e2f50a822f6724bcad3c18b4f7c349f4f2843a74caca44fa824d,9ab38ceefc75e2f50a822f6724bcad3c18b4f7c349f4f2843a74caca44fa824d,revised,2,2026-10-02T21:50:56.022436+00:00,False,ko-codex-v1
b3kw2s,A,ac6beca5c8acc3ce60e1841cf37f7183ee6098fd1d32e57de7e95adb7655b505,0f5fcc9ea728de309880a2ef28036458e4523c4c6d8d08c2537b2cadb6c3f3f4,0f5fcc9ea728de309880a2ef28036458e4523c4c6d8d08c2537b2cadb6c3f3f4,revised,1,2026-10-03T00:46:23.931301+00:00,False,ko-codex-v1
b3kw2s,B,f2270e205c963a552c44c5c60fcd0a28a3e351ec7fedb79119213c4f64f67dee,f2270e205c963a552c44c5c60fcd0a28a3e351ec7fedb79119213c4f64f67dee,f2270e205c963a552c44c5c60fcd0a28a3e351ec7fedb79119213c4f64f67dee,pass,0,2026-10-03T07:13:53.583188+00:00,False,ko-codex-v1
b3mutb,A,f3d73baa00f0c697e23201047c2e8ef848938a291f19eec7c9a6da8754388639,47765c669cbdf3bacf93ef1dff13f5c1470cc916ad21b48bbc24d4a4ddb2f6a3,47765c669cbdf3bacf93ef1dff13f5c1470cc916ad21b48bbc24d4a4ddb2f6a3,revised,4,2026-10-03T00:13:55.322658+00:00,False,ko-codex-v1
b3mutb,B,04f2b998750539aeb62bcd8aaafd0b0de69b03b9fbe04ce661fd6a880b428ce0,04f2b998750539aeb62bcd8aaafd0b0de69b03b9fbe04ce661fd6a880b428ce0,04f2b998750539aeb62bcd8aaafd0b0de69b03b9fbe04ce661fd6a880b428ce0,pass,0,2026-10-03T03:08:59.089727+00:00,False,ko-codex-v1
b3t0cb,A,b14a3fe47a8a6f0bed1431d7645ee10ee71ffa4a6caaa6ab745fb41ec1a299d1,86f59de42109d85dd89731f4c8d86728f44f75e9b89fa12c7611fbfa52a0ce81,86f59de42109d85dd89731f4c8d86728f44f75e9b89fa12c7611fbfa52a0ce81,revised,3,2026-10-03T07:06:30.249181+00:00,False,ko-codex-v1
b3t0cb,B,aaa0603b83363c6fc8db1a89b2ebf30aa148cf1ecd14b264f7947ef5fd5f365c,aaa0603b83363c6fc8db1a89b2ebf30aa148cf1ecd14b264f7947ef5fd5f365c,aaa0603b83363c6fc8db1a89b2ebf30aa148cf1ecd14b264f7947ef5fd5f365c,pass,0,2026-10-03T02:34:21.873305+00:00,False,ko-codex-v1
b3zfmb,A,84fef0c79bad1af0fbdfdb6a33b835f5c2893f56bc0a82d97f5919b759ebff0c,f765eb7bd7273c25ed022634efa4b62a809d32f7c4de9f20448d0ed5c37c2e43,f765eb7bd7273c25ed022634efa4b62a809d32f7c4de9f20448d0ed5c37c2e43,revised,4,2026-10-03T11:10:43.641675+00:00,False,ko-codex-v1
b3zfmb,B,242fc3b98337bc3f9216cd9658b923ddf7df6c423bacdefed351fb4af7d094e4,242fc3b98337bc3f9216cd9658b923ddf7df6c423bacdefed351fb4af7d094e4,242fc3b98337bc3f9216cd9658b923ddf7df6c423bacdefed351fb4af7d094e4,pass,0,2026-10-02T23:54:41.545643+00:00,False,ko-codex-v1
b40a92,A,29c84c5a1e67cc74fbd99d3b98cee3c579d197b602b5a7a98b742126b7959f7e,067f6b7ab8d1460b9cbaa4094badaf10cbcfb20d725ace3ed5cb18386868d8ce,067f6b7ab8d1460b9cbaa4094badaf10cbcfb20d725ace3ed5cb18386868d8ce,revised,2,2026-10-03T02:15:52.990380+00:00,False,ko-codex-v1
b40a92,B,40f991f1d35e5a2b44ad0d4ce0373d135aaf8461c31ea8f1392d78973ada5278,64e272ecafb6ca1a9ecca2f605001c8ba48aa93e7f358f957988d0ddff3aca86,64e272ecafb6ca1a9ecca2f605001c8ba48aa93e7f358f957988d0ddff3aca86,revised,2,2026-10-03T11:33:10.904690+00:00,False,ko-codex-v1
b40l1o,A,278d6950f10fe9e926c8b915dc231729535910d31f407e42bd192a3dc4204284,ceba777abf73c4fda956b61be18418b525d61078ea24d9819324b96e27a5a168,ceba777abf73c4fda956b61be18418b525d61078ea24d9819324b96e27a5a168,revised,3,2026-10-03T06:44:31.213577+00:00,False,ko-codex-v1
b40l1o,B,b28dce34aa54fd7d7e19c8730554b2b389b3d50d5a4e41b9e9d1ff3f9180f272,5ffeef1cafc5db8a3f56bb046a80ce5b5aac82a15fa33d3729bec747236d3492,5ffeef1cafc5db8a3f56bb046a80ce5b5aac82a15fa33d3729bec747236d3492,revised,2,2026-10-03T07:30:32.389866+00:00,False,ko-codex-v1
b40xeo,A,08e7e04f9f04120ff3357b0498a3ecc0834f199289a1d81b51aa01c5d271c647,87162c4545b282d0a6010fc4b99906e2411370b6e9d2d74df27002d06f22a337,87162c4545b282d0a6010fc4b99906e2411370b6e9d2d74df27002d06f22a337,revised,5,2026-10-03T03:32:32.731117+00:00,False,ko-codex-v1
b40xeo,B,18f49ad8d3bf1fb7704f9dec88975c2099f1bb0c46a8a30ad52546e1dd5e160e,620ec90dad003c13de02d6cdeb537cf993e463a706e921095cbb43da16915abf,620ec90dad003c13de02d6cdeb537cf993e463a706e921095cbb43da16915abf,revised,1,2026-10-03T03:15:28.319894+00:00,False,ko-codex-v1
b4a3vv,A,757a4c6a01bfe70da8d211e906671a4526ad63e32648561b7ddf6866c26d6f35,9f9fa7084253e23cf56d906ed11a4f673b638163903ba2b9c50a167f56f370e6,9f9fa7084253e23cf56d906ed11a4f673b638163903ba2b9c50a167f56f370e6,revised,4,2026-10-02T22:15:39.982649+00:00,False,ko-codex-v1
b4a3vv,B,6f8faf84e77bcdac53b799f6e25e35b5140bdc5709126a8c31b89003690344cc,95ae72cb9be8afde93f8af019b2eb589837b51a36625dbf991cd82b57a800663,95ae72cb9be8afde93f8af019b2eb589837b51a36625dbf991cd82b57a800663,revised,2,2026-10-02T23:01:58.160647+00:00,False,ko-codex-v1
b4bjhk,A,576af6dc8f24691df84016ef86546838a6343cbe60823fd2697c79d850a2a38b,c23ef69fc4303b3a23941bbe9ebe53473492b34f7bbec488d969f7e12f229a82,c23ef69fc4303b3a23941bbe9ebe53473492b34f7bbec488d969f7e12f229a82,revised,2,2026-10-03T02:12:46.825115+00:00,False,ko-codex-v1
b4bjhk,B,5f2b831e004333020c35451bd62a39806c570b790c7f55ba68134eef267b493d,92945e89e5ab0afdb56663d7de5bc8223090dc860e8c1dfc5db201b9c65b5cfc,92945e89e5ab0afdb56663d7de5bc8223090dc860e8c1dfc5db201b9c65b5cfc,revised,4,2026-10-03T00:50:54.267438+00:00,False,ko-codex-v1
b4cffz,A,6269f21b4490d06378d76c65576d95a12d523cce4071b6c988d89883c917d47e,ca7c23846fd1282526fecabf8977a37a1502c2fd40f23f680bf292d6153cd3e5,ca7c23846fd1282526fecabf8977a37a1502c2fd40f23f680bf292d6153cd3e5,revised,4,2026-10-03T07:02:25.270819+00:00,False,ko-codex-v1
b4cffz,B,904447209d3eaad50d4e53af2f165397124ee412523615b1bbaf85eeef9015b8,26e4b6649913d1250ce5118dabad6042d8bbdd306633dc8b170040eb4d784161,26e4b6649913d1250ce5118dabad6042d8bbdd306633dc8b170040eb4d784161,revised,4,2026-10-03T11:28:37.622590+00:00,False,ko-codex-v1
b4e4ft,A,7be0400f1de54d92b481a69f7fa3b416ba8a50947ae5758fdb7ed8a02e627bd5,3c2439d5f3f78eb02908e002dd6f331a0e155294c4ccbe9fe12b75a5887d0bb4,3c2439d5f3f78eb02908e002dd6f331a0e155294c4ccbe9fe12b75a5887d0bb4,revised,2,2026-10-03T05:38:32.447640+00:00,False,ko-codex-v1
b4e4ft,B,8cc2541a1693f6a0f58575e0c616a8a948fe955c764b95a376f10510fe0dcc94,4c21b26a3e76bf543a1b48a4470cf17e75c261c96fd4abfeefa5ce49d7478552,4c21b26a3e76bf543a1b48a4470cf17e75c261c96fd4abfeefa5ce49d7478552,revised,1,2026-10-03T05:21:06.331931+00:00,False,ko-codex-v1
b4f3og,A,385708028e62381eeba577863bd96efeb78561e0c7582d1d1262fccfd5475e48,ebbd74a7b6308d2ff9cdfe55bbef2967fbab8deb44111fc388943d597fa3628a,ebbd74a7b6308d2ff9cdfe55bbef2967fbab8deb44111fc388943d597fa3628a,revised,1,2026-10-02T23:03:35.535873+00:00,False,ko-codex-v1
b4f3og,B,9f813c0a11edccc59972ee1f65de5a9c71b453e487cd4c84c7df166fb7d1434a,6b336d86d87dd0b82b3ae4d36719aabf76b444752d2ee88795a4e86f53f5d6ff,6b336d86d87dd0b82b3ae4d36719aabf76b444752d2ee88795a4e86f53f5d6ff,revised,3,2026-10-02T23:32:02.411349+00:00,False,ko-codex-v1
b4kvkj,A,965cc945a031296ad30ec2a05da98bde99493c198f2909144a33eb7be4197686,dacc6e076c862d8900259848481dd45144b3a9104bd32902d076277293404d21,dacc6e076c862d8900259848481dd45144b3a9104bd32902d076277293404d21,revised,2,2026-10-02T23:15:13.611908+00:00,False,ko-codex-v1
b4kvkj,B,33d72feb1a10aea6b7be9471612e3410479409c2b589e1a746855f2de8bd0e1b,9dfcc580ecc9e7b0c62baa7332fc308629e1c67e0a19b90b7100c770d1eb38cd,9dfcc580ecc9e7b0c62baa7332fc308629e1c67e0a19b90b7100c770d1eb38cd,revised,2,2026-10-03T00:09:09.949590+00:00,False,ko-codex-v1
b4mg1p,A,f5c1eda02790302f98007f733d33fa3ada0536fd51d033e13b48c33134e7b50d,0e299172d1dcb646bf9b35ab79c039b6288f5014d6d7c0b4b1f912874ce6a934,0e299172d1dcb646bf9b35ab79c039b6288f5014d6d7c0b4b1f912874ce6a934,revised,1,2026-10-02T21:07:49.539776+00:00,False,ko-codex-v1
b4mg1p,B,32c1645ee4f91e6b946fe1eb37182400bc428374017e0b5d6607fbbd8291781d,955e1f7590e7b0427257930cf5a5614fadee2ae038ca3613197e28cbabe6b1ee,955e1f7590e7b0427257930cf5a5614fadee2ae038ca3613197e28cbabe6b1ee,revised,4,2026-10-03T01:43:39.942026+00:00,False,ko-codex-v1
b52ocy,A,e682a3c98a50c95cdd09e2b1c9170efaea613dbd75de715a14b0760a920edc4c,70ee736dde16bc24b80a6338c27bd3112b84ab968befa3ea55c4c7fb5d730536,70ee736dde16bc24b80a6338c27bd3112b84ab968befa3ea55c4c7fb5d730536,revised,3,2026-10-03T05:55:07.749919+00:00,False,ko-codex-v1
b52ocy,B,3bcfa8dd1b721152c6d2ebbe370980fccd8be2a551add24fffc54d0c73e3db32,4f708bb657148954d67d2ac55294cfd1364b72ce8c0ad55436ec1913c9b0ee3c,4f708bb657148954d67d2ac55294cfd1364b72ce8c0ad55436ec1913c9b0ee3c,revised,2,2026-10-03T08:27:51.563462+00:00,False,ko-codex-v1
b5b46s,A,83e0f4bb9b6465df8f19c13d486e6d532807e700d28aa8d2bb22b21adf41afe3,83e0f4bb9b6465df8f19c13d486e6d532807e700d28aa8d2bb22b21adf41afe3,83e0f4bb9b6465df8f19c13d486e6d532807e700d28aa8d2bb22b21adf41afe3,pass,0,2026-10-03T06:33:48.373357+00:00,False,ko-codex-v1
b5b46s,B,e4509cfd1a4680a2b27e88b7bb6b12e1a3d1c0d416f01ef82ba0a025521bbff3,c58003b2f93e32120350e882c83d99089d16f2134bfaeb89e55e5a423c4ba832,c58003b2f93e32120350e882c83d99089d16f2134bfaeb89e55e5a423c4ba832,revised,1,2026-10-03T00:14:24.215713+00:00,False,ko-codex-v1
b5dfcv,A,93f0d6c7f2092b5d5197731393a0158291a4f6ebe3922406373c9d585acfbaaa,0d0b13ffaffb18f6410872533ab1468c9ec9282b58ac21cb15aec9674831213f,0d0b13ffaffb18f6410872533ab1468c9ec9282b58ac21cb15aec9674831213f,revised,3,2026-10-03T06:15:13.713302+00:00,False,ko-codex-v1
b5dfcv,B,fa92a9eca70598743e619b378239360ac114e67e267c08fe6f19518a7b1115b8,fe7ccad56dcaee8f94dd7601817c1dc610abbe46e4d118e1ad5844c7377d600a,fe7ccad56dcaee8f94dd7601817c1dc610abbe46e4d118e1ad5844c7377d600a,revised,3,2026-10-03T11:50:44.264416+00:00,False,ko-codex-v1
b5f3gt,A,c7200011d2cb1dba2b7b11ccd834c2df700f7d81d7d9dac0ecf74e9b4d307d25,081ab7a7213de03b2cb9ecda309891018af019e75faa0d644097f6b4ea49074a,081ab7a7213de03b2cb9ecda309891018af019e75faa0d644097f6b4ea49074a,revised,8,2026-10-03T04:14:34.578410+00:00,False,ko-codex-v1
b5f3gt,B,c054ddb7133a57fc009312051cfe9009bbf3ed93efa58b51a532a4af935ca10f,3684a4c4d9ef7fd6c8a427b952b4a2959658e6c98a8337c02c39ea5e32de6d57,3684a4c4d9ef7fd6c8a427b952b4a2959658e6c98a8337c02c39ea5e32de6d57,revised,4,2026-10-03T03:49:46.996689+00:00,False,ko-codex-v1
b5tdeb,A,9f8f32b40b92370c244f946cea5c89220b1570db2d0e49846dbe0140b612596d,72870d4358ff8c65c9eebf601c88c7c0e280c98ea1893e2e67c1a839bc79e92b,72870d4358ff8c65c9eebf601c88c7c0e280c98ea1893e2e67c1a839bc79e92b,revised,4,2026-10-03T05:12:03.349198+00:00,False,ko-codex-v1
b5tdeb,B,67ff1a461def711d34b50158d4f0f188f584e73a0c224d92ce0d811e7a090121,1bc78c77f98799d285a80fb8b2b26fd55e13d182acc6320a7219440f67744f52,1bc78c77f98799d285a80fb8b2b26fd55e13d182acc6320a7219440f67744f52,revised,5,2026-10-03T04:27:08.117455+00:00,False,ko-codex-v1
b5zk48,A,c60bb6abded8fb43e17e37f7d3ca57b2082b85bfd81db96bca3c4e4527112e0f,2873c383f6eb11b50bd9d81e48cc33546a51c287539038d362fc504296a3904e,2873c383f6eb11b50bd9d81e48cc33546a51c287539038d362fc504296a3904e,revised,3,2026-10-03T01:36:15.070196+00:00,False,ko-codex-v1
b5zk48,B,c20f957d2c03f0a13bbe3fdd0e64f4035ecb1d2e2dbba7a310ac58cfa18ec6cd,9dd514742e17c12965f9073668a6d8ce91dd3bf43f0469cae294571462f33a68,9dd514742e17c12965f9073668a6d8ce91dd3bf43f0469cae294571462f33a68,revised,1,2026-10-03T07:26:17.035343+00:00,False,ko-codex-v1
b656e9,A,5894f6118264a75e94c8de10d5438e96d602b6a6d36eb3c905fca6329bba3aed,5320ed901473a7d6de443d507cc566a72a50cc615cfd754ddf041cbd07bdcdd2,5320ed901473a7d6de443d507cc566a72a50cc615cfd754ddf041cbd07bdcdd2,revised,2,2026-10-03T04:57:03.628605+00:00,False,ko-codex-v1
b656e9,B,81af066160adeff5c67bf19d777af8872b2850526bcc5f52f5927c9131085a40,2c8275d85870a6b36431e4a5a968a573212c8c3472304330a6fc301eeefc2723,2c8275d85870a6b36431e4a5a968a573212c8c3472304330a6fc301eeefc2723,revised,1,2026-10-02T23:25:01.743304+00:00,False,ko-codex-v1
b6e7hy,A,4f6ced0d4c51a4a210f30f73bf90a861db7560054849330a6921bd22e4335360,e397faf9d379d525b2e8ef638bb8c9824b4ba1a5bc7c014a0c4d91fa28c52996,e397faf9d379d525b2e8ef638bb8c9824b4ba1a5bc7c014a0c4d91fa28c52996,revised,3,2026-10-02T23:48:15.062018+00:00,False,ko-codex-v1
b6e7hy,B,4083a1120f08843f6ffed0d7cad2b9fead0f265723fc9f9bf24489cce9e4a7fa,17c0c15c01b9fdf45162190dc3e8022f6f8a60474699696d87315ba53e271664,17c0c15c01b9fdf45162190dc3e8022f6f8a60474699696d87315ba53e271664,revised,4,2026-10-02T23:54:01.039419+00:00,False,ko-codex-v1
b6gqyh,A,4e45261a7fb8d7b1bcf71ddd2e62364a394cd16a6853a0f6b8efe96f59e9216a,bb224621c2e55331d72129f5be1d6679f41d4e1437b4b6eaf5f294bef4e9c8c1,bb224621c2e55331d72129f5be1d6679f41d4e1437b4b6eaf5f294bef4e9c8c1,revised,1,2026-10-03T01:14:35.839135+00:00,False,ko-codex-v1
b6gqyh,B,0a9375b08cd38da7b795c125030230cefa4d0aae90bd35896aa1be162c786647,0a9375b08cd38da7b795c125030230cefa4d0aae90bd35896aa1be162c786647,0a9375b08cd38da7b795c125030230cefa4d0aae90bd35896aa1be162c786647,pass,0,2026-10-02T21:11:44.909604+00:00,False,ko-codex-v1
b6q94s,A,946155aadaac1841cff39c9d102aa92e53cd6e9b681c88c2db81916423e61fb3,1dc14875eaa654244f4aabee6b7544656f3d69c0ce8ee82173691c406e24c111,1dc14875eaa654244f4aabee6b7544656f3d69c0ce8ee82173691c406e24c111,revised,2,2026-10-03T04:29:10.575645+00:00,False,ko-codex-v1
b6q94s,B,fd8ede59143c7d750cfc1e7c82a60de343144f7cf5eff74d2caf409b1b56a4b8,0e8f082b6e35ed998f3c3a756e0cfb3e9f828bc22a7e421956109e87a3b355ff,0e8f082b6e35ed998f3c3a756e0cfb3e9f828bc22a7e421956109e87a3b355ff,revised,1,2026-10-03T05:32:15.562036+00:00,False,ko-codex-v1
b6sgeb,A,7559a43b80ae5ceb6f7c033599a67e3443c03e893af86c1fc5738daea88963ea,150cc158e57037b1419b6aa78f556b4a5765faf720ed47610ad10cc355b220c5,150cc158e57037b1419b6aa78f556b4a5765faf720ed47610ad10cc355b220c5,revised,8,2026-10-03T02:24:44.774919+00:00,False,ko-codex-v1
b6sgeb,B,2ffc011a815e0892732ce1ebbbf0d0022c61922714614754b9c6e307cb5e8d3c,e97b959b1606ae5771daaeb3d12268fbac292cfc21cc11e47822f4b911f5a4c7,e97b959b1606ae5771daaeb3d12268fbac292cfc21cc11e47822f4b911f5a4c7,revised,5,2026-10-03T03:44:32.345548+00:00,False,ko-codex-v1
b70hkk,A,bb94c37b2218362a008485c25d0348aa011d2a5f7234d25b1a78b5721ab599e4,bb94c37b2218362a008485c25d0348aa011d2a5f7234d25b1a78b5721ab599e4,bb94c37b2218362a008485c25d0348aa011d2a5f7234d25b1a78b5721ab599e4,pass,0,2026-10-02T22:41:30.444274+00:00,False,ko-codex-v1
b70hkk,B,2a2b86504e10a62c79ee9a99f0d9d42f3bdbffa1c3d1862d457bb662d367e257,03238ad892575f0881c3c03b0dcb6c5fae67d5f9b4a68689d24b2c4a6dddff3b,03238ad892575f0881c3c03b0dcb6c5fae67d5f9b4a68689d24b2c4a6dddff3b,revised,3,2026-10-03T12:18:30.434196+00:00,False,ko-codex-v1
b72w8f,A,f22bf4afe098dac4f593d216e71acd806e09b21e7f93eb1c8738f93cd281eb4f,a3a446dc3cbb0eaeb967190953dd72689cfad29fcb1e3afe5ce3fdfc2e5cc960,a3a446dc3cbb0eaeb967190953dd72689cfad29fcb1e3afe5ce3fdfc2e5cc960,revised,5,2026-10-03T02:46:22.167750+00:00,False,ko-codex-v1
b72w8f,B,4e66d8cd42a8c08394b6d485d537513a317990e6b800d0ea06ff65965fb3168a,4e66d8cd42a8c08394b6d485d537513a317990e6b800d0ea06ff65965fb3168a,4e66d8cd42a8c08394b6d485d537513a317990e6b800d0ea06ff65965fb3168a,pass,0,2026-10-03T04:56:46.806575+00:00,False,ko-codex-v1
b73mto,A,465e07be58e460bb3a7b0ffe5aeef861d178ddf560703c0d5aeebac43169ed40,de83ea88c88a1549b6e00e990f8c7bb34b9c8019b95212c4f840287bbd643ab1,de83ea88c88a1549b6e00e990f8c7bb34b9c8019b95212c4f840287bbd643ab1,revised,3,2026-10-03T06:05:03.183307+00:00,False,ko-codex-v1
b73mto,B,6d7557a7b57814cc825d8f3cbf99b982b86ba772fce0439b2aa9dd74e4c955c0,e2f273eaaed70d411e5710da49c41a29de9ca2ba0290b31c1f539a54946e4137,e2f273eaaed70d411e5710da49c41a29de9ca2ba0290b31c1f539a54946e4137,revised,1,2026-10-03T04:50:40.580807+00:00,False,ko-codex-v1
b76hfg,A,b0fd93a917ab77cc1d915646c71b4190599359110a6d79859823669b17a43376,6e76a6f6e549f82d874789a653afd81cb333475907b9d8b874c93a2c8f53e975,6e76a6f6e549f82d874789a653afd81cb333475907b9d8b874c93a2c8f53e975,revised,2,2026-10-03T00:33:10.960645+00:00,False,ko-codex-v1
b76hfg,B,a56cbfba22786f44fc75b44a776d8e4b2f32eb69177abca3c3f352add4d7873c,ba4bf0c80c5005ae3e046eef97bdeac54fdce5b0f92a5a20c58bc9926ccb16df,ba4bf0c80c5005ae3e046eef97bdeac54fdce5b0f92a5a20c58bc9926ccb16df,revised,3,2026-10-02T23:10:05.618634+00:00,False,ko-codex-v1
b771wi,A,df833332bf1ede20491f4d1d52d302bfb2d38f587ddd730591d81591cac75008,9fc644a83b4e8fbd87bc9a6b80c4d9da236b5b63677772348ee0244b42a6cec1,9fc644a83b4e8fbd87bc9a6b80c4d9da236b5b63677772348ee0244b42a6cec1,revised,4,2026-10-03T05:47:16.406275+00:00,False,ko-codex-v1
b771wi,B,e97bc23cf0a7e336658ea601aff660636b2ffb6b6b3b51974741fe5eab235365,743aca1946af1a746565bc17aa58c534006294ac1adf1c1e3c9307eee12a13f4,743aca1946af1a746565bc17aa58c534006294ac1adf1c1e3c9307eee12a13f4,revised,4,2026-10-02T22:27:25.955351+00:00,False,ko-codex-v1
b7fcty,A,d15ff4c793c2cfadbe9295d2ff922d33828a729e1ddd72c27c1ffb53d95a53ea,ebff80783e5307d1f281ea421825dbc29111c02d59bd4225885a2fc657cc4425,ebff80783e5307d1f281ea421825dbc29111c02d59bd4225885a2fc657cc4425,revised,2,2026-10-03T12:26:58.929399+00:00,False,ko-codex-v1
b7fcty,B,5ed8a9a627049710091ef7b57652ea5d50ad6b50714f6e2be60769f7601b788b,5ed8a9a627049710091ef7b57652ea5d50ad6b50714f6e2be60769f7601b788b,5ed8a9a627049710091ef7b57652ea5d50ad6b50714f6e2be60769f7601b788b,pass,0,2026-10-03T06:56:31.098217+00:00,False,ko-codex-v1
b7ikm1,A,ee58d55a144cf34b6596a83a1e3b2a87e08190a12688e01353c5a2cef09b52f9,f4f3b09420ddc30e8fb787db7c7d01c9314e7f9c7074aa3cef2820ad2805a723,f4f3b09420ddc30e8fb787db7c7d01c9314e7f9c7074aa3cef2820ad2805a723,revised,2,2026-10-03T11:25:55.598966+00:00,False,ko-codex-v1
b7ikm1,B,dae055d46b152fea0a971319c6c731b1a913f73a8f7545c992a5ebee1b99e765,5e14f1a5f07d39dc5f4ef8ad55d6061a4a29b4daa46d1d09d132b8456a90fbac,5e14f1a5f07d39dc5f4ef8ad55d6061a4a29b4daa46d1d09d132b8456a90fbac,revised,1,2026-10-03T03:22:09.291919+00:00,False,ko-codex-v1
b7m8up,A,5b92a3d7bdf568837780abf886542b767402b3a86f14bc604d5c8364492f0945,6768cd9bbc8dee6d243a1eae58198627e6aa331dd6517b297772d860f69beef0,6768cd9bbc8dee6d243a1eae58198627e6aa331dd6517b297772d860f69beef0,revised,4,2026-10-03T06:43:09.674815+00:00,False,ko-codex-v1
b7m8up,B,19569b165452f9ae502fec46512939dccaaa2a0fb876a10151ba5a43b48c937f,4a54f7ee0f675f8400b0bc4cd3a76a25b13c220663ea849e061606923012fd19,4a54f7ee0f675f8400b0bc4cd3a76a25b13c220663ea849e061606923012fd19,revised,2,2026-10-03T00:45:56.173208+00:00,False,ko-codex-v1
b7oeno,A,1b0f14c6d21c95bdc8581ca43b3e451934c9a23a2e4d396351f7c1d761fe20eb,5e231cd97970ee3ada2f28f72d1776e2a12dffb9b940e401cdd589885b64e103,5e231cd97970ee3ada2f28f72d1776e2a12dffb9b940e401cdd589885b64e103,revised,4,2026-10-03T11:32:26.949935+00:00,False,ko-codex-v1
b7oeno,B,1302d62e21522850b99ed20f616851f43307fb6730e4af422e7132bfab9553a1,43439c76a62121184cfd10ae433d589442812a33473a1a7352429260da18a174,43439c76a62121184cfd10ae433d589442812a33473a1a7352429260da18a174,revised,1,2026-10-03T00:04:37.122007+00:00,False,ko-codex-v1
b7rnnb,A,643b2e84ef1f5290abb9547809659b3b4338cdf6ed54989b6825b75bb6701e97,7ee1ffdf52358c3adeb4d698fc8aa0284170d37fa080ee6bd11ae675eeba198b,7ee1ffdf52358c3adeb4d698fc8aa0284170d37fa080ee6bd11ae675eeba198b,revised,2,2026-10-03T07:34:04.970928+00:00,False,ko-codex-v1
b7rnnb,B,b6948700c44c43b9042a1f87fcb5d344d957c33eeac315bdf413f809d4f94357,4b0cf1bcd9a589af4180914302df9296184f67bf50f057fe82dea27fa6b54f85,4b0cf1bcd9a589af4180914302df9296184f67bf50f057fe82dea27fa6b54f85,revised,2,2026-10-03T05:49:20.267625+00:00,False,ko-codex-v1
b7s1be,A,7622209f315c208b2b711a120cbec63f7fcd3270516103fe78faab94e3034cfb,1145be6435ee0e3e135e155464727eabcb6b9ee0da111a41cac098a14cb576c3,1145be6435ee0e3e135e155464727eabcb6b9ee0da111a41cac098a14cb576c3,revised,3,2026-10-02T22:20:15.177731+00:00,False,ko-codex-v1
b7s1be,B,055215d1e31056688f2d5b727513c70d36b895f446325e682be767b037878f1a,3df033abdc75a84281aa1d2a8ada0677629649cde8f27d0eb7979c3c8482786b,3df033abdc75a84281aa1d2a8ada0677629649cde8f27d0eb7979c3c8482786b,revised,4,2026-10-03T01:59:32.651061+00:00,False,ko-codex-v1
b7tcdx,A,392524bd35047017f79171ac2a6fa5fd4886a4f5c05558690cdcafd7c931b937,10d0118b6d9f84ae9767d3f52fc4fbfba5e56a979dcf5ecbed2efb21dc238950,10d0118b6d9f84ae9767d3f52fc4fbfba5e56a979dcf5ecbed2efb21dc238950,revised,5,2026-10-03T08:20:35.458021+00:00,False,ko-codex-v1
b7tcdx,B,a8b3acf5d42bbec3cf3a29f65a34a61a05c0008139c98f617f631bfb3b64ee16,676ebcc5d2b0af956471668a8abd15fa7969632d32a7992bff743c8cc394ba79,676ebcc5d2b0af956471668a8abd15fa7969632d32a7992bff743c8cc394ba79,revised,5,2026-10-03T10:43:46.507537+00:00,False,ko-codex-v1
b83lr1,A,92693011f0d2bed03f1d282933ba6f992e5b3bab6e23857cd49c52df040a140e,444c67661a57a1efe77720ef40b2d3098b7076289766127bb3db32722979fbf1,444c67661a57a1efe77720ef40b2d3098b7076289766127bb3db32722979fbf1,revised,3,2026-10-03T08:14:53.046521+00:00,False,ko-codex-v1
b83lr1,B,f664b732cb946fa2e89f0f4e66fdc3c7932fe375e033ae8aa101fe91beefa2eb,853783afc686f7dd4101ece8f08a1ecaeed51a722774ecc2d97d57b243319f0c,853783afc686f7dd4101ece8f08a1ecaeed51a722774ecc2d97d57b243319f0c,revised,6,2026-10-03T02:25:39.946017+00:00,False,ko-codex-v1
b85fu0,A,6708dd3ffecc5a8a980bffdda92010e614c590124a0e7556b96769d534dda9c1,42e35441e1d154cbd85ccf4ce5c72135a889bd23f42da2655bedd604005b194e,42e35441e1d154cbd85ccf4ce5c72135a889bd23f42da2655bedd604005b194e,revised,4,2026-10-03T04:56:29.008539+00:00,False,ko-codex-v1
b85fu0,B,5adb883a79812ef720f0bf93d3f4200d977eb8f7c174fe10e26d489002ae2173,f1e3b66685d5f5a61a9dca96d68a1243e5177552a314d10b68d5a75353e2b18c,f1e3b66685d5f5a61a9dca96d68a1243e5177552a314d10b68d5a75353e2b18c,revised,2,2026-10-03T01:20:23.471109+00:00,False,ko-codex-v1
b8azyq,A,3356e010f200e997a19e152ba6961441fcc3795b94feb4c815998749801d4e07,a6bb7987b1212a6a390b86b6f975bd984d362a7e3f46028ada8887520ae5aee1,a6bb7987b1212a6a390b86b6f975bd984d362a7e3f46028ada8887520ae5aee1,revised,2,2026-10-03T01:47:27.529028+00:00,False,ko-codex-v1
b8azyq,B,5129276e76d8d123112722802aadef88b3635a5c4d97902c785a120dc7e7e9dc,3ae85e633e0dd4f2ac3550062ee596be5fb9bfc18f59829b8102300d24d3de38,3ae85e633e0dd4f2ac3550062ee596be5fb9bfc18f59829b8102300d24d3de38,revised,1,2026-10-03T01:06:56.515235+00:00,False,ko-codex-v1
b8ez1v,A,e21946b617e9e31d998cd8a4738d887a42d14da5f4dcf3a5e24d53894df0ab41,627a0930f21ffe92c5dc1d4432bdfd4105ab2f7f22c114cdc07537a51ac836af,627a0930f21ffe92c5dc1d4432bdfd4105ab2f7f22c114cdc07537a51ac836af,revised,2,2026-10-03T06:07:01.681061+00:00,False,ko-codex-v1
b8ez1v,B,d08699c554779eaae27a7ba40990745eb869ad7021bf29dece0a8379ff5dbf2b,6f9ca85880ddf8fd58283a90b7f4bb8b52d22ff774dfa19277e50bc58548ffc8,6f9ca85880ddf8fd58283a90b7f4bb8b52d22ff774dfa19277e50bc58548ffc8,revised,2,2026-10-03T03:09:57.696731+00:00,False,ko-codex-v1
b8mi4y,A,4ccf22b5884397151bf74a2daa36fc1d6fd77fce547e001bcd7a5c50d5253bec,95c580002454ee201057438313754f6d753bf9a0c2fc926bcc6ce72b634245a8,95c580002454ee201057438313754f6d753bf9a0c2fc926bcc6ce72b634245a8,revised,5,2026-10-03T04:10:33.357714+00:00,False,ko-codex-v1
b8mi4y,B,d5bbb724b6a4fd3d011642c15a986db3a0bdd280b6582c1b6a228727c4143755,09af88f410c36cc1ddb3253302635f855677097049c11b457e131cabacb21d49,09af88f410c36cc1ddb3253302635f855677097049c11b457e131cabacb21d49,revised,3,2026-10-03T12:26:17.844633+00:00,False,ko-codex-v1
b8twt0,A,43be4970bf25e562a5332dcd486d3be514a6707afee1c768a8935ca2ddb0599b,7fceb0395077fd17eb8eea4e3d295f322185f17b5219dd9ca9983d7a5eed2593,7fceb0395077fd17eb8eea4e3d295f322185f17b5219dd9ca9983d7a5eed2593,revised,4,2026-10-02T22:03:01.988942+00:00,False,ko-codex-v1
b8twt0,B,56880134809595e9aff6f7b92fd2b39b26c8e8a789a02b81350ef6bccef40f14,bb7f833565337de8df142be69681e812fd16574fd225b119366854dc00f0832f,bb7f833565337de8df142be69681e812fd16574fd225b119366854dc00f0832f,revised,2,2026-10-03T03:09:50.336749+00:00,False,ko-codex-v1
b8wbcl,A,6c85525bdca4d472f7fd698968f69622b6b9bd25e60fc81e4cba80086d10508c,ea460d08f90ff5ab61770dcbdfc43adda356e5e32272ac0334616065d53e67a9,ea460d08f90ff5ab61770dcbdfc43adda356e5e32272ac0334616065d53e67a9,revised,6,2026-10-02T23:01:13.228248+00:00,False,ko-codex-v1
b8wbcl,B,0c05da1567b35e6c04c747555de49e4391741490826e4f9597223e64a0dff94e,73880b8478455bf5bc3a392471ccc74c0464c8bfc4f5ce8a8d5ae77dc33f654e,73880b8478455bf5bc3a392471ccc74c0464c8bfc4f5ce8a8d5ae77dc33f654e,revised,3,2026-10-03T04:02:48.928246+00:00,False,ko-codex-v1
b8yzzv,A,ce21743f25aa60392028eed28fe76cfc8ef703ff46d4954887ce4a3f34cbb749,44cbdd935f9c9c86fdf51fddb206a11f3377c1c25cc4b3f790e1c7f66e8ca9ba,44cbdd935f9c9c86fdf51fddb206a11f3377c1c25cc4b3f790e1c7f66e8ca9ba,revised,4,2026-10-02T22:17:03.563633+00:00,False,ko-codex-v1
b8yzzv,B,987d932dea08be304a336ff76cb1d7c5b8c6197acf116c05124949872fe213b1,d3b9eb8aabe2a791ae04dbc536dd4cfabd4050c42490f2105240575a82138994,d3b9eb8aabe2a791ae04dbc536dd4cfabd4050c42490f2105240575a82138994,revised,1,2026-10-03T00:27:09.811340+00:00,False,ko-codex-v1
b91b0f,A,9de858315e5a786ade6d1f123240ada24b513fe32881c97d7ecd3a5f5c489957,9de858315e5a786ade6d1f123240ada24b513fe32881c97d7ecd3a5f5c489957,9de858315e5a786ade6d1f123240ada24b513fe32881c97d7ecd3a5f5c489957,pass,0,2026-10-02T22:01:47.724846+00:00,False,ko-codex-v1
b91b0f,B,fbab148c16a9c48534576ca376db1ec305d3c8f76a1e62f72fd9b8a5d73d5f5e,b04d09bdd80ad6dd4685d0a592140bfbd9451e46b1f1f7693625beae7d2edb33,b04d09bdd80ad6dd4685d0a592140bfbd9451e46b1f1f7693625beae7d2edb33,revised,4,2026-10-02T22:33:55.790139+00:00,False,ko-codex-v1
b91dil,A,fb8ba641780bffd42038a01cd054f040f69f97eb4ba22ea9d819d4eaf75c10ac,399752d727ee418d0e30b63c5b59a144e8692525ab2c77c0ad2ae040e2c0fb3f,399752d727ee418d0e30b63c5b59a144e8692525ab2c77c0ad2ae040e2c0fb3f,revised,2,2026-10-02T22:34:52.890563+00:00,False,ko-codex-v1
b91dil,B,8bfcffed8f522963f6555718ef66eb36405dc79957b96926e7a4c581f1816035,69b85dbb747fa3d959007e287e75c0849fcfd45bdfa60ffd2ad60846b62441ea,69b85dbb747fa3d959007e287e75c0849fcfd45bdfa60ffd2ad60846b62441ea,revised,4,2026-10-02T21:08:10.738747+00:00,False,ko-codex-v1
b93we3,A,ab18153e16dc6505b3f16e043731446cad7ae07989818fa8113759da95f4a333,54f8ded5dfaf217c7857552de4d0c8f88358470349f2d62484b08ce16ba49cb0,54f8ded5dfaf217c7857552de4d0c8f88358470349f2d62484b08ce16ba49cb0,revised,3,2026-10-03T11:46:48.753598+00:00,False,ko-codex-v1
b93we3,B,796cc163e836d9839d5ad77825d239f35da4c93ff3dd60452ed152587385bcfb,796cc163e836d9839d5ad77825d239f35da4c93ff3dd60452ed152587385bcfb,796cc163e836d9839d5ad77825d239f35da4c93ff3dd60452ed152587385bcfb,pass,0,2026-10-03T00:30:17.627846+00:00,False,ko-codex-v1
b984mf,A,fac8ce588582d835a869ffe429cd4cca75144a6112d440e3ffde7f912f20dcc0,281fc69e35ffee59f0c319aadf5d49fe6078d0c1d293e6c6d97b2888e3496b88,281fc69e35ffee59f0c319aadf5d49fe6078d0c1d293e6c6d97b2888e3496b88,revised,1,2026-10-02T23:35:49.333892+00:00,False,ko-codex-v1
b984mf,B,111559ea740ac241e67a135e83beddf22a76c1c50bdd28c101a449ead7d0f377,fdb6de88788786aa6990e31aa13839ef8d05dcd7c5584a4fe27802c83edf6b73,fdb6de88788786aa6990e31aa13839ef8d05dcd7c5584a4fe27802c83edf6b73,revised,4,2026-10-03T00:24:55.190071+00:00,False,ko-codex-v1
b9ag39,A,63c9aa4bed89e83a8226a1956a1205ff253ec63492851664265b5e9b5a574b70,43f74eb0165a62ff6a1c4a94f786b3544a17c688ceb45c8ee40fcb4a8be26d8d,43f74eb0165a62ff6a1c4a94f786b3544a17c688ceb45c8ee40fcb4a8be26d8d,revised,3,2026-10-03T06:32:26.422317+00:00,False,ko-codex-v1
b9ag39,B,b36799d3749e1522a06b9352242c79d0e8eedf94704df4b4f0ffb43d1a542505,5e15c910f63c8d8210f7820f1c89351f18c6c19ebeb9d54f5e8225268a011ec3,5e15c910f63c8d8210f7820f1c89351f18c6c19ebeb9d54f5e8225268a011ec3,revised,2,2026-10-03T06:28:50.304509+00:00,False,ko-codex-v1
b9g2ky,A,c7f254700ffc619e19b6b5c473221ba3536046f6694bfa2a0de70db555055c31,848a7f0c90fd8f2b4d73d33d92ef194fe9cbff31bb4de867630e1d925a35c2f5,848a7f0c90fd8f2b4d73d33d92ef194fe9cbff31bb4de867630e1d925a35c2f5,revised,3,2026-10-03T03:27:40.186322+00:00,False,ko-codex-v1
b9g2ky,B,0427eee3012b19ebd3c927c0e0489c841940d730c614d8be645ae6648791a929,2ec12d0cb1d28c783cb283cc9a5f6cc36f1524d0ef74ca9ebaa9b012cad681d9,2ec12d0cb1d28c783cb283cc9a5f6cc36f1524d0ef74ca9ebaa9b012cad681d9,revised,5,2026-10-03T01:17:54.724485+00:00,False,ko-codex-v1
b9h3kq,A,45a120aa84631388bb080939994d8b699a1bed75e9255df715c9f80de4cec8f7,0f74c220eafe84355e7c85767ce19633c0233d5f4d7479cf22c94ecf6b74d0db,0f74c220eafe84355e7c85767ce19633c0233d5f4d7479cf22c94ecf6b74d0db,revised,3,2026-10-02T22:30:39.819333+00:00,False,ko-codex-v1
b9h3kq,B,926d70051d166433930969eb180ccae7c5c75df0f50c779ce677f1235980fc18,4e9b52e98afe7dab52daf489deca7fa245bb96666c23f74e7b7a80a81d3bdfcf,4e9b52e98afe7dab52daf489deca7fa245bb96666c23f74e7b7a80a81d3bdfcf,revised,4,2026-10-03T08:37:56.167414+00:00,False,ko-codex-v1
b9ii97,A,a2a9bddb0efb2e600e28042b80437ec58e370f6530f0379890bf94280c1ab06b,dcb52b58b1e6c8b348e1828d042b2cafdace578654bfc0d1591e231963e91340,dcb52b58b1e6c8b348e1828d042b2cafdace578654bfc0d1591e231963e91340,revised,2,2026-10-02T23:37:42.981969+00:00,False,ko-codex-v1
b9ii97,B,2c884175e3095aae2fcf491b03ea632da05a29692d0651c9cfae2e3971359845,cd990670ffd07e6bd62316d978111a879ed09e649aeb068fad3966fc4ac4abf2,cd990670ffd07e6bd62316d978111a879ed09e649aeb068fad3966fc4ac4abf2,revised,1,2026-10-02T23:31:42.633684+00:00,False,ko-codex-v1
b9lrh3,A,d849f7a190bf955b94eebb560db13b7b78edcb0697602e39e596874d0e71df67,1e9d943797dddd9afa9ce8f55a1eb9ecf342291c07ad22dcda1d92c50cabecc0,1e9d943797dddd9afa9ce8f55a1eb9ecf342291c07ad22dcda1d92c50cabecc0,revised,4,2026-10-02T23:43:37.183624+00:00,False,ko-codex-v1
b9lrh3,B,97ba34153e84e258ff594bc4811443ed9df75de2cc02b0100322762765b30a8b,36ae6c2efdedcd7ba860f4843ba9ced86fd170733d2f34a9cc3e4135cabafd7d,36ae6c2efdedcd7ba860f4843ba9ced86fd170733d2f34a9cc3e4135cabafd7d,revised,3,2026-10-03T03:55:42.503243+00:00,False,ko-codex-v1
ba2ulk,A,220772d982d2f661bb401355cbbdada8633eaa4eae0da4d1aee2636845f9bea9,a6a3bc58de499d72fefa604d546a6db3fbc0032840a0bbeb17d62c93a467203a,a6a3bc58de499d72fefa604d546a6db3fbc0032840a0bbeb17d62c93a467203a,revised,4,2026-10-03T07:10:32.086439+00:00,False,ko-codex-v1
ba2ulk,B,d967580e575270d4579f2847d2b080e05a90fdabe163a0e6a0fae67e2be4e7d7,d967580e575270d4579f2847d2b080e05a90fdabe163a0e6a0fae67e2be4e7d7,d967580e575270d4579f2847d2b080e05a90fdabe163a0e6a0fae67e2be4e7d7,pass,0,2026-10-03T04:45:14.603991+00:00,False,ko-codex-v1
ba52pk,A,96311e14df057673538fa896f8bf8c705d9117fb40878190e4d52e820cd9db35,d56beceabc5eba1f7a070fbe84dc747ae58f947b51fe518e9d5025f8116021ca,d56beceabc5eba1f7a070fbe84dc747ae58f947b51fe518e9d5025f8116021ca,revised,4,2026-10-03T00:59:59.339043+00:00,False,ko-codex-v1
ba52pk,B,26e2003d414d820a1ba0f7f47e580280e206ad73874054dbb1dbde06818104d0,4f49dcaf800a0775fa5c3f412ae6f72c5be4e9eb2bee72d38b1cb8b3fd4d6105,4f49dcaf800a0775fa5c3f412ae6f72c5be4e9eb2bee72d38b1cb8b3fd4d6105,revised,3,2026-10-03T05:32:36.738987+00:00,False,ko-codex-v1
ba550m,A,2952b0c45c2ea79dc9bf6207b1bff308e534e418db3c2368a1f626841511bd0e,2952b0c45c2ea79dc9bf6207b1bff308e534e418db3c2368a1f626841511bd0e,2952b0c45c2ea79dc9bf6207b1bff308e534e418db3c2368a1f626841511bd0e,pass,0,2026-10-03T06:17:09.376449+00:00,False,ko-codex-v1
ba550m,B,64a766dce4630f8a4096b0715556366186097f6f0f054139e4bb9ffdcd9cb827,0af2b4379caa88816c07eca98f51d8cee48940e1bf01511764bb389fbd6e64da,0af2b4379caa88816c07eca98f51d8cee48940e1bf01511764bb389fbd6e64da,revised,4,2026-10-02T21:52:21.496559+00:00,False,ko-codex-v1
badt22,A,1e0a8b10c464f45c329fc2da4f96d31ba55cb233da91541c4d5b081d4c39abfe,0688b81fa2a234442475bf2149eaa1616941e4f3d4a35ccf6c4e8908c6e766be,0688b81fa2a234442475bf2149eaa1616941e4f3d4a35ccf6c4e8908c6e766be,revised,6,2026-10-02T22:10:55.426277+00:00,False,ko-codex-v1
badt22,B,d535132f3f98e8086200614513f3baa9f3e002e7b42aaaf43f74c58b7b558ef8,36e4c31a76daa21a009f497d2e887d7be960b15dc50756ce01bbe675c5bbf4d4,36e4c31a76daa21a009f497d2e887d7be960b15dc50756ce01bbe675c5bbf4d4,revised,4,2026-10-03T12:21:38.262696+00:00,False,ko-codex-v1
bajyy9,A,6812b2c9d9756bea92c02df6972f3d1a1370005f2975cdde76a0e3948c41a162,34f6264ce9d34964745dd7cbe646cb6758cebd4555c644efd97eec6a0907c4ef,34f6264ce9d34964745dd7cbe646cb6758cebd4555c644efd97eec6a0907c4ef,revised,3,2026-10-03T01:02:34.924077+00:00,False,ko-codex-v1
bajyy9,B,086129c62090b53b3f1af76f26dd6c65b3b97cc1abfb548c184de2be07162aa9,086129c62090b53b3f1af76f26dd6c65b3b97cc1abfb548c184de2be07162aa9,086129c62090b53b3f1af76f26dd6c65b3b97cc1abfb548c184de2be07162aa9,pass,0,2026-10-02T23:56:57.388912+00:00,False,ko-codex-v1
bat1cf,A,8f90bf86a11e3eb209132dc2d48012291b96c100a2ada1e9a977ec2b0ebfd967,b0f23191947adc733255cbd0a3da0485f969cd01867ed8e57292a725c545625f,b0f23191947adc733255cbd0a3da0485f969cd01867ed8e57292a725c545625f,revised,4,2026-10-03T02:33:51.318856+00:00,False,ko-codex-v1
bat1cf,B,985ed4c336398608488f01e988c190cc4f6628573970a762340000ca8fa2771b,c0289f1eeec2f206e4135fe9d1a4b5393efc6d716a58bfb7e2e767893293b44d,c0289f1eeec2f206e4135fe9d1a4b5393efc6d716a58bfb7e2e767893293b44d,revised,2,2026-10-02T22:51:14.751828+00:00,False,ko-codex-v1
baugz0,A,2790f8cada1983dd93beb6fec3c79533370337dfaaaf48e29f23a2ac941a5c8d,69c1d23735daa73101e039da57664ef1ba1639e88bb2bd62de13b1335ae436f4,69c1d23735daa73101e039da57664ef1ba1639e88bb2bd62de13b1335ae436f4,revised,6,2026-10-02T23:41:47.804540+00:00,False,ko-codex-v1
baugz0,B,5ca0be05cd378a6493f03991706d710b4e42df35064b92715e3f02e8096d517b,6dbb1df9730d44c376f359d07d7c33b63e73a6103c67740e8b54cb09b217f8b6,6dbb1df9730d44c376f359d07d7c33b63e73a6103c67740e8b54cb09b217f8b6,revised,1,2026-10-02T22:51:55.421405+00:00,False,ko-codex-v1
bauju1,A,58942537e2928c28a9d8066af3d00ba87471092576ab95035ffcd0f5d06918b9,72e709d0129f0767f2116e79c1c353c6952c379f35f093da4e7983791025a3d1,72e709d0129f0767f2116e79c1c353c6952c379f35f093da4e7983791025a3d1,revised,3,2026-10-03T08:50:52.909901+00:00,False,ko-codex-v1
bauju1,B,7e4a466346dc7ece5b9bc9b6deea67984bd24269ff9b80a6d51624f4faeee648,7226edd919d86e1779870d99047c83ab1cb596a47b7d5acd79e918652d69a1e3,7226edd919d86e1779870d99047c83ab1cb596a47b7d5acd79e918652d69a1e3,revised,2,2026-10-03T02:51:54.661699+00:00,False,ko-codex-v1
bazmul,A,7a3f2b7b75676b8d67e4bff1be9940cfe7a43cf78ad2ac22d4bf04f0f4127ff1,f0a45e27bf9cb09431f5c9a81bc6e45bed85dbee41e1059ec7c77052e3eec686,f0a45e27bf9cb09431f5c9a81bc6e45bed85dbee41e1059ec7c77052e3eec686,revised,2,2026-10-03T00:11:42.013636+00:00,False,ko-codex-v1
bazmul,B,5c0af4bce58424b9070370d2530a1377386cac113940fbac5a6b235309470175,2a4f546df99c3197fd098484592e7fd2f323322cfc53de5390e239c44daf23e2,2a4f546df99c3197fd098484592e7fd2f323322cfc53de5390e239c44daf23e2,revised,3,2026-10-03T10:39:41.638814+00:00,False,ko-codex-v1
bb1uk3,A,f8fdb05658f2de65c135df9904368313003cc5f8190e0ab867b43fae1a8efd8a,7ab122465d357763a842959cd8b3c61a3c98054c33f605cd34c4c0e77e1d778f,7ab122465d357763a842959cd8b3c61a3c98054c33f605cd34c4c0e77e1d778f,revised,1,2026-10-03T03:24:58.148536+00:00,False,ko-codex-v1
bb1uk3,B,60e01558a3b6147388d03803f1d2deb66547b0200ab3881e0c684a02d19b7550,60e01558a3b6147388d03803f1d2deb66547b0200ab3881e0c684a02d19b7550,60e01558a3b6147388d03803f1d2deb66547b0200ab3881e0c684a02d19b7550,pass,0,2026-10-03T11:42:46.984281+00:00,False,ko-codex-v1
bb20fv,A,7100898f6e127fcb70468be816da123802a9f3b04ca9a865550454f7a3e342ab,8ad91b7acc16e8c5cd452ef27f2fb1635ba5d5c10af3316c5bbb07d05b4480f8,8ad91b7acc16e8c5cd452ef27f2fb1635ba5d5c10af3316c5bbb07d05b4480f8,revised,3,2026-10-02T21:15:46.798987+00:00,False,ko-codex-v1
bb20fv,B,b0c7e828618e0f765d3bc4237c461efc6c2ef7bfa647e8831e59e925141ccb7b,54542792ca5fe2be0ae381f6db142994432a47098bdb1b8fc4402ed622f43622,54542792ca5fe2be0ae381f6db142994432a47098bdb1b8fc4402ed622f43622,revised,4,2026-10-03T02:23:14.534752+00:00,False,ko-codex-v1
bb50ux,A,ead02d72b5157cd1c573cae38b5c6d8986efdb7c3b64e9b041681fa8b743254e,0fd76dda0a1f24e419d69450490e7a59ad77df2d936fed2dbd22cb7b8b39b0d7,0fd76dda0a1f24e419d69450490e7a59ad77df2d936fed2dbd22cb7b8b39b0d7,revised,2,2026-10-03T08:43:40.491131+00:00,False,ko-codex-v1
bb50ux,B,2936b30e35b8497b4b7e2a149d05c47ac437fc48f5efc999492d21bfc529235d,11907922bdf2dca2d3724f5bce27c3afef286e6031abadace478bc4f62162784,11907922bdf2dca2d3724f5bce27c3afef286e6031abadace478bc4f62162784,unresolved,4,2026-10-03T08:26:12.000529+00:00,False,ko-codex-v1
bb8c1p,A,41ef9bf062f57e3a6fb59e225979fce1a2efa8b8ba390a0b6b6fd4bae3946561,c6cc67ba1e0bb2add88c6fb348ce327af7e88fcc06907ef80b54b70f276a760b,c6cc67ba1e0bb2add88c6fb348ce327af7e88fcc06907ef80b54b70f276a760b,revised,2,2026-10-03T02:14:15.581355+00:00,False,ko-codex-v1
bb8c1p,B,69ac9087df8a2e6a927529d0ef258a90d0a21d1f4708719d1d0c9d7ce50b73cd,99596fa713c8c8b927d31f79b3315cd818dd8dfa9d71d729c1f14de4cbc291c7,99596fa713c8c8b927d31f79b3315cd818dd8dfa9d71d729c1f14de4cbc291c7,revised,2,2026-10-03T06:05:17.804013+00:00,False,ko-codex-v1
bb924b,A,fc1bc5de12d3024c19cb7558cfb40f6ba89240da65927c593d3e67603a0285e3,90a0f5d2b25baf57a69fb27cb7c7b86d5df1043b3066a9ff18e310d6824ba982,90a0f5d2b25baf57a69fb27cb7c7b86d5df1043b3066a9ff18e310d6824ba982,revised,5,2026-10-03T05:16:25.079687+00:00,False,ko-codex-v1
bb924b,B,7e1745e1301688a6662e682229a5625e99e89cf63641933ceaab12c550a4a755,7e1745e1301688a6662e682229a5625e99e89cf63641933ceaab12c550a4a755,7e1745e1301688a6662e682229a5625e99e89cf63641933ceaab12c550a4a755,pass,0,2026-10-03T06:08:34.126703+00:00,False,ko-codex-v1
bb97pp,A,760afb6a36976da17aa6c289995a3a74a6b5d440e807c7c7fa5c108b63ad5b06,40461694f113914a9aa3c4561705dbe03826b88ef04d785bbe09088914a55d7d,40461694f113914a9aa3c4561705dbe03826b88ef04d785bbe09088914a55d7d,revised,2,2026-10-03T06:03:56.459641+00:00,False,ko-codex-v1
bb97pp,B,75d3da441729bc37d509e0b0386bf16cbf5e35da041b4cc48a02fcbf9515d33c,75d3da441729bc37d509e0b0386bf16cbf5e35da041b4cc48a02fcbf9515d33c,75d3da441729bc37d509e0b0386bf16cbf5e35da041b4cc48a02fcbf9515d33c,pass,0,2026-10-03T05:04:21.133540+00:00,False,ko-codex-v1
bba5qr,A,3ab1b57a52e136a28b8ba4f5fe464a6e403374b1fdb66104a65302fd83e220c5,d1d69b7c3601daa42a7713a5aa6e4e7df194a4f46d466f45034d222715538bbe,d1d69b7c3601daa42a7713a5aa6e4e7df194a4f46d466f45034d222715538bbe,revised,4,2026-10-03T01:00:43.130298+00:00,False,ko-codex-v1
bba5qr,B,6fff51c2624b2606738795aa1423f999310fd0973d92756e5e8791329cf22c2d,618ecfe854eef564067dfc5672bb678cb9baf4f0342676e5edfdd159d990172e,618ecfe854eef564067dfc5672bb678cb9baf4f0342676e5edfdd159d990172e,revised,3,2026-10-03T01:36:51.723832+00:00,False,ko-codex-v1
bbajpw,A,7486411c3f7850d570ae631dc69e6ab8c15d24f376908af571652e0ac2ddd572,7486411c3f7850d570ae631dc69e6ab8c15d24f376908af571652e0ac2ddd572,7486411c3f7850d570ae631dc69e6ab8c15d24f376908af571652e0ac2ddd572,pass,0,2026-10-03T10:55:53.620552+00:00,False,ko-codex-v1
bbajpw,B,42c65a5f43d347223cc5c5c72a9b6c9753bc2d35ad05c7a802c57fd2155f4be9,de8fb2a92b5b418635dcd1f18d992c4bddeae99cbe485e7b35fe71c3502c39e4,de8fb2a92b5b418635dcd1f18d992c4bddeae99cbe485e7b35fe71c3502c39e4,revised,3,2026-10-03T03:03:46.829291+00:00,False,ko-codex-v1
bbarz0,A,a783572d9d7d225de9e750025e219bc55f0ca5939ee1956b7730e5c496e9392b,4b1af82a823a96c25924af52e8dc1970cfcdc82ccb957d1fd7568f40949ae136,4b1af82a823a96c25924af52e8dc1970cfcdc82ccb957d1fd7568f40949ae136,revised,4,2026-10-03T03:14:52.809655+00:00,False,ko-codex-v1
bbarz0,B,b8032e72422f2e48e2b055d32636606b0831c79eb7ea8c5d17f09d687bba868e,b8032e72422f2e48e2b055d32636606b0831c79eb7ea8c5d17f09d687bba868e,b8032e72422f2e48e2b055d32636606b0831c79eb7ea8c5d17f09d687bba868e,pass,0,2026-10-03T06:48:42.146487+00:00,False,ko-codex-v1
bbbltm,A,be0cd95b8c69b98196441fcfc67616aa9034708ff0d8a5f2c14f739a411787fa,4107bb3b755efba828d735091ae3b86031e65413a1355757b7ff9e16f2b71a56,4107bb3b755efba828d735091ae3b86031e65413a1355757b7ff9e16f2b71a56,revised,4,2026-10-03T06:25:34.493627+00:00,False,ko-codex-v1
bbbltm,B,62bee5bb091858319c15916e4ffda34d4b94547061cbbe9907d3fffb8d93ec33,be36f7da65c80f3e539d12654cbb77d634635681e7583ffc8c467139477a8f35,be36f7da65c80f3e539d12654cbb77d634635681e7583ffc8c467139477a8f35,revised,2,2026-10-03T02:55:07.011650+00:00,False,ko-codex-v1
bbcxdr,A,7061d94e50e5211224617f49be380c4bf0b898c75e13fa478b1174b7368b111a,c9cd4e96da100419f58c69171e98456adf12a7a231c1647affdfdbfe28fd9294,c9cd4e96da100419f58c69171e98456adf12a7a231c1647affdfdbfe28fd9294,revised,2,2026-10-03T03:00:14.595858+00:00,False,ko-codex-v1
bbcxdr,B,0ddf9290a86a0b8bd456cdb8630af4344fbd648ffb941c236d50dc86ee7aa6d1,bab02a86cbb3744b60aa972d7a1bf44198165d6816bfeefadf86a9da16ff633a,bab02a86cbb3744b60aa972d7a1bf44198165d6816bfeefadf86a9da16ff633a,revised,1,2026-10-03T04:58:11.463579+00:00,False,ko-codex-v1
bbhk20,A,3836bb694079d389e6c810ac55a2bd77ea2e4ff580c44053b02f02eeef18844f,e7d1f19f555cd34ff63f43e639768c4668dc13d33270125c21337943a1ff9a63,e7d1f19f555cd34ff63f43e639768c4668dc13d33270125c21337943a1ff9a63,revised,3,2026-10-03T08:45:31.162092+00:00,False,ko-codex-v1
bbhk20,B,f8c61f25eca0ba779444e529e4aa79ce004eaabf67d686f6a3c5a2b8eb2b7790,df9526d93b8b3c98800e1fff1cfe827d689420577d2245ba8e7fa16e67ec49db,df9526d93b8b3c98800e1fff1cfe827d689420577d2245ba8e7fa16e67ec49db,revised,4,2026-10-02T21:54:26.485989+00:00,False,ko-codex-v1
bbk8pu,A,ac3bd489f4cc0c2bbbfff6a4fb9abcaaea33f739ef9f3bd23ea06b73ce3d8a47,ed0d0876d114c6c06593813a19d8d9e3cc409570ca443e90fd9069a98e434bd5,ed0d0876d114c6c06593813a19d8d9e3cc409570ca443e90fd9069a98e434bd5,revised,3,2026-10-03T05:14:34.881594+00:00,False,ko-codex-v1
bbk8pu,B,88d3462d5238ef52f25fd985a9d57a5d3823746dba1a4de60cf074ee5898efec,87f2dee80daf1e2e0dd5480c6076f1969165ae947640b94bd2cc86adbb3a7a6b,87f2dee80daf1e2e0dd5480c6076f1969165ae947640b94bd2cc86adbb3a7a6b,revised,3,2026-10-03T01:16:43.162323+00:00,False,ko-codex-v1
bbsybu,A,44a7044aeea3405785b8668daa83d17b077f95a4109feeaad28d7a3fe9b1de53,47a637717dd2d9d0c07159516d608c75cf217383912de476fc3bb680e7ecbc07,47a637717dd2d9d0c07159516d608c75cf217383912de476fc3bb680e7ecbc07,revised,4,2026-10-03T05:49:13.811434+00:00,False,ko-codex-v1
bbsybu,B,5cc63f3a8562c244c3a5a43f395ed9f8e8c5ab012c03e1e03793512b9337184e,98885dae305c360c481e613c8800fd2a6903c831f930671c110dfef4d007d7c6,98885dae305c360c481e613c8800fd2a6903c831f930671c110dfef4d007d7c6,revised,1,2026-10-02T22:59:20.047915+00:00,False,ko-codex-v1
bc099f,A,9742135b7cbf500cbe283f6ac65f7b5d4e42068b63798b483e4e27d55b11db5b,5f0f84a86b3f2065e4bb90f15ed725d773088b6b76e083c4e78d7fe96912947d,5f0f84a86b3f2065e4bb90f15ed725d773088b6b76e083c4e78d7fe96912947d,revised,3,2026-10-02T22:34:08.099439+00:00,False,ko-codex-v1
bc099f,B,fe5ae1c76fda9cbcb7ee07c4d1540e753eb921c28bea996e28b89f13accd390f,3284fb6723f19d1b974be45f437bb7c4ec62827fde087fab14aca76166e151a1,3284fb6723f19d1b974be45f437bb7c4ec62827fde087fab14aca76166e151a1,revised,1,2026-10-03T07:56:01.839315+00:00,False,ko-codex-v1
bc0rwy,A,8d68f1c482293ec394a7cb64a558d8aae4490122e8f6643cdc1d5ace5385f0a7,8d68f1c482293ec394a7cb64a558d8aae4490122e8f6643cdc1d5ace5385f0a7,8d68f1c482293ec394a7cb64a558d8aae4490122e8f6643cdc1d5ace5385f0a7,pass,0,2026-10-03T03:25:08.197142+00:00,False,ko-codex-v1
bc0rwy,B,280c7d1fdd4a0e243ae9b7d2b05bb7a8ae1e99eed2e3ac9c5cbfed1f3182b22f,ac73f9921ea2ae017c12849b79ed11fc2e0f80c6a5462ce63b153a652cec32c7,ac73f9921ea2ae017c12849b79ed11fc2e0f80c6a5462ce63b153a652cec32c7,revised,2,2026-10-03T00:27:42.477313+00:00,False,ko-codex-v1
bc1v84,A,e629df4c5e68f4742a4e54130eec9b93cef992abe4f7e0272918affb71edddb7,cf37c2bc3e568f88cc3826b8c1525006989c5a5bab86631ec6ee2802d5e3db05,cf37c2bc3e568f88cc3826b8c1525006989c5a5bab86631ec6ee2802d5e3db05,revised,3,2026-10-02T23:53:02.176276+00:00,False,ko-codex-v1
bc1v84,B,b49f20d86148ddfda470a2de757e3b443dd9124aeddb21060ed9f53b7757de8b,b49f20d86148ddfda470a2de757e3b443dd9124aeddb21060ed9f53b7757de8b,b49f20d86148ddfda470a2de757e3b443dd9124aeddb21060ed9f53b7757de8b,pass,0,2026-10-03T07:09:34.202112+00:00,False,ko-codex-v1
bc2c50,A,a387df1cc6420fb0c91788b4d609df0858f4f0d596a59eda323962e166d088c9,f2c82722d6fa422412007b6850fd98ecbcee4c575eac93d01f401586850d512b,f2c82722d6fa422412007b6850fd98ecbcee4c575eac93d01f401586850d512b,revised,1,2026-10-03T02:47:22.477887+00:00,False,ko-codex-v1
bc2c50,B,5e8c6ed88209a7084ef850393d4715c7ad61d2be467b7ee8b0288483b0b10cc1,5e8c6ed88209a7084ef850393d4715c7ad61d2be467b7ee8b0288483b0b10cc1,5e8c6ed88209a7084ef850393d4715c7ad61d2be467b7ee8b0288483b0b10cc1,pass,0,2026-10-03T00:10:25.412488+00:00,False,ko-codex-v1
bc3sm2,A,e147d485d289cf872f85ccf7044077ec461ce3c8a5e4031d94a6a4d9d154381c,dfad1afdedbf1e27bf35a3a771ac43b877a7c3e5cb8d59ef43f1a64b4d94640a,dfad1afdedbf1e27bf35a3a771ac43b877a7c3e5cb8d59ef43f1a64b4d94640a,revised,3,2026-10-03T01:49:30.781179+00:00,False,ko-codex-v1
bc3sm2,B,0b6c59d26e302680742f1d2f7f6c579e049a2e0bd130943ac2ab7ceb05e67bdb,0b6c59d26e302680742f1d2f7f6c579e049a2e0bd130943ac2ab7ceb05e67bdb,0b6c59d26e302680742f1d2f7f6c579e049a2e0bd130943ac2ab7ceb05e67bdb,pass,0,2026-10-02T23:47:14.896981+00:00,False,ko-codex-v1
bch4y2,A,0aa827159ef27d1b795c9e69b1b684a38cc3ddaf064142f9e624bc8113da7a86,3bade8ecad453490dd5008d5d329731744ebe9be07ff8bcd8bb64631ee58275b,3bade8ecad453490dd5008d5d329731744ebe9be07ff8bcd8bb64631ee58275b,revised,5,2026-10-03T01:19:15.266550+00:00,False,ko-codex-v1
bch4y2,B,7976e8ccfe0917c1371882bd43faa13900ef2bc791837aff9a2bb2fa1372a85a,6c1ab6fe87fe4a575e898be663c397bc61e95e220b54d3f160d763153a7b0e38,6c1ab6fe87fe4a575e898be663c397bc61e95e220b54d3f160d763153a7b0e38,revised,5,2026-10-02T22:08:16.497543+00:00,False,ko-codex-v1
bcj7iy,A,d5ff9ae173a8e706752908ed8061e4d6d36af2ebcb963709113842ca066dac2e,f0a607f4cbfe9fe09062aab0652bcab9d0cae908a8d7ed49c8f4f9f967248c0e,f0a607f4cbfe9fe09062aab0652bcab9d0cae908a8d7ed49c8f4f9f967248c0e,revised,6,2026-10-03T01:18:26.820111+00:00,False,ko-codex-v1
bcj7iy,B,0e0bbf47cb1bb59d621c17238de99675dba725ac2272e740009cf9f3ad86a617,bfadf03f46153bdcb21e894ca7041042fd18b5705287598830faad83a47628a4,bfadf03f46153bdcb21e894ca7041042fd18b5705287598830faad83a47628a4,revised,2,2026-10-03T04:09:54.107216+00:00,False,ko-codex-v1
bctcg8,A,33d75f0526b87c9ede9a48bd3c53fe786b268c566fbe526cd5c5d3d541c7cd3d,0b162dcf5fe439e1bd66e8c8db51cb43754be37451f686dfe36fba08d89fa8b6,0b162dcf5fe439e1bd66e8c8db51cb43754be37451f686dfe36fba08d89fa8b6,revised,3,2026-10-03T10:55:06.514934+00:00,False,ko-codex-v1
bctcg8,B,847654b3b0b5118b267d534a33d3133891d86c2a22a6b55d94d2f1cb8ddd8192,847654b3b0b5118b267d534a33d3133891d86c2a22a6b55d94d2f1cb8ddd8192,847654b3b0b5118b267d534a33d3133891d86c2a22a6b55d94d2f1cb8ddd8192,pass,0,2026-10-03T02:03:26.681708+00:00,False,ko-codex-v1
bd1ta3,A,3ea756f4918ac876cd1d7112abb1a0bd946ba5d9b9eaa9df14892346d60f5b10,bfe97c220ef1edeeaedfec3b26ba3597e4a7014fa38d36fd02d5b1506bc205f5,bfe97c220ef1edeeaedfec3b26ba3597e4a7014fa38d36fd02d5b1506bc205f5,revised,3,2026-10-03T03:43:57.190364+00:00,False,ko-codex-v1
bd1ta3,B,febf7b886ede75d299f11e150878f845c61eeac1efb097c33ca7759f4ba1fd01,273b3bbc86a240a2d865e883986484b563d76535a6c8c7903d5ec824439879bf,273b3bbc86a240a2d865e883986484b563d76535a6c8c7903d5ec824439879bf,revised,2,2026-10-03T00:02:32.054204+00:00,False,ko-codex-v1
bd5j7h,A,aabb0a2e34ebcdefccc89432b0f30fe7d752653c9c47056fc1efbcff7564e674,f429779393040c805c20b906c65125702e3547bdebac9c106f834acaa5943824,f429779393040c805c20b906c65125702e3547bdebac9c106f834acaa5943824,revised,1,2026-10-03T12:36:28.251913+00:00,False,ko-codex-v1
bd5j7h,B,d9444990ae93c357e87e30b1793fa4b21be49a0174d6a1e1f37be5e0b5e80f03,7a19ce6ec069218b05c6967795f95beb5853f4e0e0e8f078238607de90ff5acd,7a19ce6ec069218b05c6967795f95beb5853f4e0e0e8f078238607de90ff5acd,revised,3,2026-10-03T05:33:52.686534+00:00,False,ko-codex-v1
bde65i,A,bd2a2038541db761d299ceb1d9cd4343987a3a4a1844d9ed9f791e6c10b23ef9,bd2a2038541db761d299ceb1d9cd4343987a3a4a1844d9ed9f791e6c10b23ef9,bd2a2038541db761d299ceb1d9cd4343987a3a4a1844d9ed9f791e6c10b23ef9,pass,0,2026-10-03T05:06:24.295023+00:00,False,ko-codex-v1
bde65i,B,ceaf1f331ab618f94c556b56b5eba1881b024b03b5e555521bc8ff5843c2c896,e4eaa92143182e15b3a38b7aaf7433c54304d40dc005dec61e515e4cba82d606,e4eaa92143182e15b3a38b7aaf7433c54304d40dc005dec61e515e4cba82d606,revised,3,2026-10-02T21:18:01.364358+00:00,False,ko-codex-v1
bdez1p,A,d537354af2fa34b430c6bab7ab3f93028c954a3ad912e00a75636b64fb25560a,b056727683fd847940bb782165e97706203f7ec2b06d1cb6518e2388f40cbafd,b056727683fd847940bb782165e97706203f7ec2b06d1cb6518e2388f40cbafd,revised,3,2026-10-02T23:38:15.143609+00:00,False,ko-codex-v1
bdez1p,B,3d1e45c93d3ee30a3798653b3c7dda5ea2088d94fd064ad14dca3b368790c318,af0f280b5d55af9e0815680bc7b156104e20cac56d885e07f3e15b01c64d6f6b,af0f280b5d55af9e0815680bc7b156104e20cac56d885e07f3e15b01c64d6f6b,revised,4,2026-10-02T23:37:46.048080+00:00,False,ko-codex-v1
bdht2r,A,f13e0eae627c4c2c118f01c2a4a1b5ad9add3921f6fd974c39fd77bfcfc5c39f,c525dcb38e34f8c847e8eb727ea8b011f3dbad0f5a062c282526efc3591ebf26,c525dcb38e34f8c847e8eb727ea8b011f3dbad0f5a062c282526efc3591ebf26,unresolved,5,2026-10-02T23:36:30.512202+00:00,False,ko-codex-v1
bdht2r,B,3bde1dccf326fac98879c66b1484045395f6bdcd47cb92b59028f848b6ca94b0,afc839f58f2c4c67d36ff9bd92c16962c4935b4c743fa91fda08d37770872a55,afc839f58f2c4c67d36ff9bd92c16962c4935b4c743fa91fda08d37770872a55,revised,2,2026-10-03T02:44:31.099353+00:00,False,ko-codex-v1
bdq4fb,A,500c1fe19d3189c3210012e1b070b2ec1895c5b09f2a10b25b38733551dac04d,fb8c195118c136b494371ccb893e622f9c3169c72269a319995929d6e449ed7e,fb8c195118c136b494371ccb893e622f9c3169c72269a319995929d6e449ed7e,revised,1,2026-10-02T21:37:40.778753+00:00,False,ko-codex-v1
bdq4fb,B,067706c328871969f8c8614bfbab8c1062e69cd3c02ab3d7e3b6353ffc95221b,e2ee80fce01be8a2fc414db1047155a102460ef78ff73d4cbf72a26d97f9df36,e2ee80fce01be8a2fc414db1047155a102460ef78ff73d4cbf72a26d97f9df36,revised,1,2026-10-03T04:19:36.730162+00:00,False,ko-codex-v1
be37mi,A,3b2d8028c92bc1d0eb4eccb8f044c3dd227e2fac177e6250aedceff633a641ff,86529c3a1dfe38dc3c48262191c0306ae77a417009d5a1af4161417c543410e8,86529c3a1dfe38dc3c48262191c0306ae77a417009d5a1af4161417c543410e8,revised,5,2026-10-02T23:22:14.008247+00:00,False,ko-codex-v1
be37mi,B,fc6595c1843205c00964d9cd4c1fd6bbf004aaebce005620aded0e1816db39d9,83e927633356214d682f50c55d47cacc779a601447a1daec2744a4dae757c08a,83e927633356214d682f50c55d47cacc779a601447a1daec2744a4dae757c08a,revised,3,2026-10-03T07:51:45.191899+00:00,False,ko-codex-v1
be4alx,A,5f78d864372a71e2f1ca36f3baf4ea70b8acfcdf6ad68aeece56260c52077b88,b1251c4652e496ef787c1c49af635ad7e8a8436262afb46380f4d5228d1894a1,b1251c4652e496ef787c1c49af635ad7e8a8436262afb46380f4d5228d1894a1,revised,4,2026-10-03T11:56:06.679370+00:00,False,ko-codex-v1
be4alx,B,109079ec4f1db73cb5724524dabb0f83597b55077a65d2ec52ce69bf4cefe787,109079ec4f1db73cb5724524dabb0f83597b55077a65d2ec52ce69bf4cefe787,109079ec4f1db73cb5724524dabb0f83597b55077a65d2ec52ce69bf4cefe787,pass,0,2026-10-03T02:55:13.836996+00:00,False,ko-codex-v1
be8i3h,A,3625a27053971aa1cb45c733ed2414b1b3c90ac92a2bd65ef8f9445f23952add,189a400067bf902dfdda1f43fb481dfe3ca475d158d7c861d13151047f93af18,189a400067bf902dfdda1f43fb481dfe3ca475d158d7c861d13151047f93af18,revised,2,2026-10-03T06:20:02.413969+00:00,False,ko-codex-v1
be8i3h,B,b46d4797e33b24c2a7f6cf332efae0836d8f79ad39cde70d76246c43be5ec514,c70a70914e58a4160cf88ccee125911985d23d1e7123104bf6bc3b87e0ca23b7,c70a70914e58a4160cf88ccee125911985d23d1e7123104bf6bc3b87e0ca23b7,revised,7,2026-10-02T23:03:11.363811+00:00,False,ko-codex-v1
bep6s7,A,ef762fb0b79bd8e2900303336bab081878be4665e96ebd6e8b775780c7677776,c342ba611aee45ad237245a56839590ce550fa59b029cde2c27c5c34a8a0db4d,c342ba611aee45ad237245a56839590ce550fa59b029cde2c27c5c34a8a0db4d,revised,4,2026-10-03T00:25:27.465776+00:00,False,ko-codex-v1
bep6s7,B,7be8cf564ec6542bc1fb3618880ce77ebdb59d2d1ffd853ce42859cec1a18069,adfe60009198c51edb0b04c8c2a998168bd063d97f206a2ebda03987c7704224,adfe60009198c51edb0b04c8c2a998168bd063d97f206a2ebda03987c7704224,revised,4,2026-10-03T05:48:18.212496+00:00,False,ko-codex-v1
bf1hcl,A,aa505934e81eee80ae70a52d90cfa9c9670815907a46d686586099379092c313,4cbd16daf91e02bceb45db14b59d4487450bc671540e1d9aa7ede7cb077817a5,4cbd16daf91e02bceb45db14b59d4487450bc671540e1d9aa7ede7cb077817a5,revised,4,2026-10-02T23:47:39.808362+00:00,False,ko-codex-v1
bf1hcl,B,397e1405cd8a36498fd2bc456e0772a66b8ebe9b7d353863b2075dcf212f3937,73e1460023c4d22b87fe9e2725cb54717ebee1109eb5b0cd21dcc53f2f14eef4,73e1460023c4d22b87fe9e2725cb54717ebee1109eb5b0cd21dcc53f2f14eef4,revised,3,2026-10-03T08:38:27.007966+00:00,False,ko-codex-v1
bf2bg7,A,e24e5e398a95562fd4ff406bcba08bd05d4b739568b6fbb58498832aa3c76d7c,8e3c3e28fd4326e0f155e45a647a7be7341b002f6135b769d30f3fea9c1d2f92,8e3c3e28fd4326e0f155e45a647a7be7341b002f6135b769d30f3fea9c1d2f92,revised,1,2026-10-02T22:23:17.639791+00:00,False,ko-codex-v1
bf2bg7,B,bf7ceb27dcca20a40aa5d3c5cac71e669e3f5b919f05db2305b12472060f52bc,53ee2d6166c5884fd000684ecefecfb775d7b1fa23d7dde46327e117606f1500,53ee2d6166c5884fd000684ecefecfb775d7b1fa23d7dde46327e117606f1500,revised,2,2026-10-03T10:40:12.481402+00:00,False,ko-codex-v1
bf2gmu,A,1f14c2ca7f7829ac984e9148d866f4d9826ac9000eb05dc33a887af38d2d1cd0,1f14c2ca7f7829ac984e9148d866f4d9826ac9000eb05dc33a887af38d2d1cd0,1f14c2ca7f7829ac984e9148d866f4d9826ac9000eb05dc33a887af38d2d1cd0,pass,0,2026-10-03T06:53:05.688997+00:00,False,ko-codex-v1
bf2gmu,B,819a8be41a01e596e1ae8b1b85e27b6b18b5dc05cb9226b68a17812965e996d5,819a8be41a01e596e1ae8b1b85e27b6b18b5dc05cb9226b68a17812965e996d5,819a8be41a01e596e1ae8b1b85e27b6b18b5dc05cb9226b68a17812965e996d5,pass,0,2026-10-03T07:38:48.582657+00:00,False,ko-codex-v1
bf3eyq,A,dac3d7feb6f2f3c9c44e2f991e3721ee8184fbf7824ad26c993672e238ed6265,4631e5afec020bd3a61aab157fd18352d1864698a7f847435a677033aef28642,4631e5afec020bd3a61aab157fd18352d1864698a7f847435a677033aef28642,revised,3,2026-10-03T02:33:02.846045+00:00,False,ko-codex-v1
bf3eyq,B,c11fdb36b30e6741733ded9d09c77db7f5c54eb5e1388f2557216513e0c8b056,a479ce453f7cf5670787c224bbc32965ca396b136a3b5e161f9b7e32b6a06e43,a479ce453f7cf5670787c224bbc32965ca396b136a3b5e161f9b7e32b6a06e43,revised,3,2026-10-03T03:36:59.866566+00:00,False,ko-codex-v1
bf5m55,A,7ce4667d80ee2bcb0b153ed8029a0af252afaedae956a95198ef21c23e5c1954,dc829b66a791a475381cbaa58133c143f10d57322f9b0d063cbc7aa74b62cd3a,dc829b66a791a475381cbaa58133c143f10d57322f9b0d063cbc7aa74b62cd3a,revised,6,2026-10-02T23:08:10.772508+00:00,False,ko-codex-v1
bf5m55,B,1d5a9c398e819f3775f91029fe1b0eccf7d32f26927c5e23d26e9f1ae4a3c24f,1bb91592cc2a8c2ddca19867916a23bdf78955f556247131692553ad60d904c5,1bb91592cc2a8c2ddca19867916a23bdf78955f556247131692553ad60d904c5,revised,4,2026-10-02T22:25:35.083663+00:00,False,ko-codex-v1
bf8zb9,A,e479e689287a12d5eb3bad01537ef32e19dbf5795b454e8074d3a3b1d28085f7,bc5b8ed7c7bb222c2061de0e770c7fe91e05d8dd1b4bdb5bb4b6b87879dc12f0,bc5b8ed7c7bb222c2061de0e770c7fe91e05d8dd1b4bdb5bb4b6b87879dc12f0,revised,2,2026-10-03T07:04:27.397971+00:00,False,ko-codex-v1
bf8zb9,B,b04540cf79243e7ec1ab1662ca81e7479388664f0ecb6e20962e90379758c07d,09ca077d14c575e5f9f5b816cbd2e70b6a256947eae5f057dae29ea8a2c2c085,09ca077d14c575e5f9f5b816cbd2e70b6a256947eae5f057dae29ea8a2c2c085,revised,3,2026-10-03T12:33:22.507534+00:00,False,ko-codex-v1
bfacqq,A,2bb72c8eceb14fe2fda2a1137423707b0356217103ce2869c0bac7a5f39ad8af,a41974947d91d16f2714257e7006f2a4f60ed437652c97ec8b7652408c3c872b,a41974947d91d16f2714257e7006f2a4f60ed437652c97ec8b7652408c3c872b,revised,2,2026-10-03T02:39:38.990652+00:00,False,ko-codex-v1
bfacqq,B,b49f20d86148ddfda470a2de757e3b443dd9124aeddb21060ed9f53b7757de8b,b49f20d86148ddfda470a2de757e3b443dd9124aeddb21060ed9f53b7757de8b,b49f20d86148ddfda470a2de757e3b443dd9124aeddb21060ed9f53b7757de8b,pass,0,2026-10-03T12:02:01.165350+00:00,False,ko-codex-v1
bfev7s,A,f6b8d914196b7986bd6a02d02ad8d29bc629586c4f0e1ff0160aa5541e927f42,b60248243aab3a87e386dc46fa1ca0bc869837d6680169c704c14e5ccefa7045,b60248243aab3a87e386dc46fa1ca0bc869837d6680169c704c14e5ccefa7045,revised,3,2026-10-03T04:12:11.931578+00:00,False,ko-codex-v1
bfev7s,B,3fce5f976262a07b3080bd8104d4a01b1b5314ad6c53a6b800d36c655e56dd5b,9716539126cbfde0021aca1967f2dd8b01927759fc74d432545f39de318313a2,9716539126cbfde0021aca1967f2dd8b01927759fc74d432545f39de318313a2,revised,2,2026-10-03T07:25:19.448409+00:00,False,ko-codex-v1
bfi7yg,A,56f9285e1b40e84878826ae47ba0b287583f7653d0369c3a7e74e24a07d7416f,32a34e583b8d3025dcbb774a076e82646b7ce19bdd40db26c9736ab77c800ba2,32a34e583b8d3025dcbb774a076e82646b7ce19bdd40db26c9736ab77c800ba2,revised,3,2026-10-02T23:21:05.622098+00:00,False,ko-codex-v1
bfi7yg,B,ba09193344adce8eacab15e57ed2f1df287f0dca4ceb59e60bb4bd10f9a3fe3e,ba09193344adce8eacab15e57ed2f1df287f0dca4ceb59e60bb4bd10f9a3fe3e,ba09193344adce8eacab15e57ed2f1df287f0dca4ceb59e60bb4bd10f9a3fe3e,pass,0,2026-10-03T04:10:57.673040+00:00,False,ko-codex-v1
bfj4ds,A,42a288323fcc9612ed6baa478f4c117fb15dcf40989e745332a0567ed12e7f84,42a288323fcc9612ed6baa478f4c117fb15dcf40989e745332a0567ed12e7f84,42a288323fcc9612ed6baa478f4c117fb15dcf40989e745332a0567ed12e7f84,pass,0,2026-10-02T22:38:37.669790+00:00,False,ko-codex-v1
bfj4ds,B,eb95941eb1d54ddb008709ffde246fa0457b127a1ced624fcb11d81b76c7b301,10036c68cd1ded8a7ec790115b42e20c7684f6f80f4d194baf9cbf2173aa651b,10036c68cd1ded8a7ec790115b42e20c7684f6f80f4d194baf9cbf2173aa651b,revised,1,2026-10-03T04:37:26.451781+00:00,False,ko-codex-v1
bfmw1n,A,eb755e8555759534e73c82a09c4cf3a27981051f40f0c602f19fbf89d73992e8,17fe67642ed30a4e6bb3a68dd5c9d9e8c0354f6b8badc87a23ee281edd3bfdd1,17fe67642ed30a4e6bb3a68dd5c9d9e8c0354f6b8badc87a23ee281edd3bfdd1,revised,3,2026-10-03T11:00:44.246966+00:00,False,ko-codex-v1
bfmw1n,B,9fb0c78dfa3aa30f491ebdb640b43221048b0aed50855c047a45e7fb9781473d,9fb0c78dfa3aa30f491ebdb640b43221048b0aed50855c047a45e7fb9781473d,9fb0c78dfa3aa30f491ebdb640b43221048b0aed50855c047a45e7fb9781473d,pass,0,2026-10-03T00:09:34.753631+00:00,False,ko-codex-v1
bfpl50,A,5d7c4f030b41115065112a33244c9f6594f4b1d1c4265f4a0a211f3773aa05ce,d31a4ef497bcf256c9444b83f4403adc41a89cb86ceb1431ee3600a3eec5fef0,d31a4ef497bcf256c9444b83f4403adc41a89cb86ceb1431ee3600a3eec5fef0,revised,3,2026-10-03T04:35:20.525061+00:00,False,ko-codex-v1
bfpl50,B,6ad4c944f0eb3a29449a4ed4009f0a49706ba66607c9ff695d87392fad36b8f5,4c775f22e41954b0fdd9eaf0b207e183e829efccb74735e0517e8d5027fabc71,4c775f22e41954b0fdd9eaf0b207e183e829efccb74735e0517e8d5027fabc71,revised,5,2026-10-03T05:51:42.954787+00:00,False,ko-codex-v1
bfpxfg,A,4213c66141261ecb2eb9ad52ab58ef1f82a554c1c0eec67e9618cfc254a9b284,7d94d21bdcf27c2b0d412f4ce4b8e62454f9767dd4e30421812fadb2a3c8f0dd,7d94d21bdcf27c2b0d412f4ce4b8e62454f9767dd4e30421812fadb2a3c8f0dd,revised,1,2026-10-03T11:22:42.847809+00:00,False,ko-codex-v1
bfpxfg,B,92e72ed9a8f14ccf54b0b23979b3d01d59c7db14fb697dc2ed6b972c81f53b3f,92e72ed9a8f14ccf54b0b23979b3d01d59c7db14fb697dc2ed6b972c81f53b3f,92e72ed9a8f14ccf54b0b23979b3d01d59c7db14fb697dc2ed6b972c81f53b3f,pass,0,2026-10-03T04:12:41.983581+00:00,False,ko-codex-v1
bfw5pa,A,bcaaf9567ea6e2e9892a0b4cab0d1021da25581ddeb0f0d63af9a7b1466b57c9,08d2778711dd43a3dcf64faa651848f4ac9ae27841777fa4cf0884e8175ba9c7,08d2778711dd43a3dcf64faa651848f4ac9ae27841777fa4cf0884e8175ba9c7,revised,2,2026-10-03T04:15:16.089484+00:00,False,ko-codex-v1
bfw5pa,B,b49f20d86148ddfda470a2de757e3b443dd9124aeddb21060ed9f53b7757de8b,b49f20d86148ddfda470a2de757e3b443dd9124aeddb21060ed9f53b7757de8b,b49f20d86148ddfda470a2de757e3b443dd9124aeddb21060ed9f53b7757de8b,pass,0,2026-10-03T06:03:57.142742+00:00,False,ko-codex-v1
bg4db6,A,4e7b03b8bad9c427b387cec5ffbd9e6c3da6730e132e4b364c376a2f818e85ee,e7fbbd8fa7093f11c9196bc15b0ac6f5f3198e5a0692292f28909826e9138104,e7fbbd8fa7093f11c9196bc15b0ac6f5f3198e5a0692292f28909826e9138104,revised,3,2026-10-03T11:07:57.159445+00:00,False,ko-codex-v1
bg4db6,B,ad937a3da6a2be49bf95ad0459176070a6c855b168961c363e12d78240b25b29,ad937a3da6a2be49bf95ad0459176070a6c855b168961c363e12d78240b25b29,ad937a3da6a2be49bf95ad0459176070a6c855b168961c363e12d78240b25b29,pass,0,2026-10-03T06:51:03.998605+00:00,False,ko-codex-v1
bg83w3,A,6588c693f4bbbcbcc8c3740c05370c89ec06b1a6e7f769d38ad38c6fe40bd6f4,88bd5ede2db8a9e7e36545bb23cd13d75e1034b023e7f95d42e6028867fc4670,88bd5ede2db8a9e7e36545bb23cd13d75e1034b023e7f95d42e6028867fc4670,revised,5,2026-10-03T00:26:59.482139+00:00,False,ko-codex-v1
bg83w3,B,608239900e6e9c4a69aefccc5887086e0fc0f6d8c3399325cfecd6fbf64b956a,c05383c1e3a1cb20fb2f9d702c788f27f6e6ee6d3685059ef298062017b4c729,c05383c1e3a1cb20fb2f9d702c788f27f6e6ee6d3685059ef298062017b4c729,revised,5,2026-10-03T08:25:41.148661+00:00,False,ko-codex-v1
bgiwb0,A,c0d1efb1b07faa0587fab958a3c89812d5f600d5a68bd9c7e163828da34a61f3,c0d1efb1b07faa0587fab958a3c89812d5f600d5a68bd9c7e163828da34a61f3,c0d1efb1b07faa0587fab958a3c89812d5f600d5a68bd9c7e163828da34a61f3,pass,0,2026-10-03T04:15:58.052616+00:00,False,ko-codex-v1
bgiwb0,B,605fdca17c6dbbedf0a69257b2a58ce43bbe97dbd7ba6852c288d1ddf5ad8459,605fdca17c6dbbedf0a69257b2a58ce43bbe97dbd7ba6852c288d1ddf5ad8459,605fdca17c6dbbedf0a69257b2a58ce43bbe97dbd7ba6852c288d1ddf5ad8459,pass,0,2026-10-02T23:34:16.404708+00:00,False,ko-codex-v1
bgqoud,A,2022e61b840bd5c51c0943fbc82a6d60ec274c5c91f250dabfe7abb99d58050e,55e4c8da35c245b259f6952f81c7c40c1fec40b758430d22cb8a97a1310cc5f0,55e4c8da35c245b259f6952f81c7c40c1fec40b758430d22cb8a97a1310cc5f0,revised,3,2026-10-03T02:12:14.598685+00:00,False,ko-codex-v1
bgqoud,B,5aa039725eba04540637c58ccc6273f65ff6153a51392ebefcd4cee50b45bb26,50458df5bf33ee163aea96109e1271a7f06f909be60107c49fbfe4ad72669878,50458df5bf33ee163aea96109e1271a7f06f909be60107c49fbfe4ad72669878,revised,4,2026-10-03T01:26:18.216428+00:00,False,ko-codex-v1
bgvjy5,A,8bc39dd02630347f48513128dbb31c51fa05b111e7072b142d335c4c81b9573f,a240142de872a6db36669a4c5ae029a4930aec27e5df662b6151e03eaba04a9f,a240142de872a6db36669a4c5ae029a4930aec27e5df662b6151e03eaba04a9f,revised,3,2026-10-03T01:11:04.600914+00:00,False,ko-codex-v1
bgvjy5,B,13523b5a9f927b7532693aceb39a5cebc2c41fe73b5ab4c441cf20f3d6cc8417,089234c97086d2fefb67c7221090df597af570a7ba8f340a04a5a776fe7a9e48,089234c97086d2fefb67c7221090df597af570a7ba8f340a04a5a776fe7a9e48,revised,5,2026-10-03T02:04:12.877275+00:00,False,ko-codex-v1
bgxv3p,A,cfa0b49b8adc43f35ee910e9af6aedfd055c4cddd00d504e58d3b057d7461d13,5a430e70e94b136ad8ab2e36e7468b82aaa6bbb56d1d92db0bfc2afd7fc601af,5a430e70e94b136ad8ab2e36e7468b82aaa6bbb56d1d92db0bfc2afd7fc601af,revised,5,2026-10-03T01:32:27.820866+00:00,False,ko-codex-v1
bgxv3p,B,d4f9f3625692992d542d2665f207e0c3b9c767fae4840a0d63d58c29c16fedbb,d4f9f3625692992d542d2665f207e0c3b9c767fae4840a0d63d58c29c16fedbb,d4f9f3625692992d542d2665f207e0c3b9c767fae4840a0d63d58c29c16fedbb,pass,0,2026-10-03T05:25:17.198491+00:00,False,ko-codex-v1
bgz0x5,A,533324b8a0305818399268eb66083310532dbbd977e95694f8c019d177049a3e,60651c417dfab36194c4ace9a25b9e82048943afa4784e87bdbfd575746c0ef5,60651c417dfab36194c4ace9a25b9e82048943afa4784e87bdbfd575746c0ef5,revised,3,2026-10-03T04:38:21.629049+00:00,False,ko-codex-v1
bgz0x5,B,4a1ee261d9b24108bbb2391c177d0d0262a42a9c92cec25aa88756d0cd8af9ca,ebb1e552213784866ff13cde257493d3d869910c45b6b34ddf009bc29be5f3ac,ebb1e552213784866ff13cde257493d3d869910c45b6b34ddf009bc29be5f3ac,revised,3,2026-10-03T01:33:54.367502+00:00,False,ko-codex-v1
bgzbt5,A,1574a10493e5c16d23ca7e8f0f9be42b039b6dbd004209f0af6e768024dda49a,426ee89aa1b54018265aa8289472ac3437b18b3aefb45ab260eaa0eb2ef46a0b,426ee89aa1b54018265aa8289472ac3437b18b3aefb45ab260eaa0eb2ef46a0b,revised,4,2026-10-03T12:03:06.241818+00:00,False,ko-codex-v1
bgzbt5,B,360f98f96ba2564c7068b38dfa4cce3305d5e0948a58fabde4b79edb171463a6,43317183964eec711ee1826b45e457cdb60e7e68c5dbb3a29d4b9a03b9763725,43317183964eec711ee1826b45e457cdb60e7e68c5dbb3a29d4b9a03b9763725,revised,1,2026-10-03T02:36:24.534265+00:00,False,ko-codex-v1
bh6zm8,A,ea1dce838b5cca921ec133ffc8981be596615fa754eb4dd31fc021041dc79beb,3c119dd77d55403108ea7a6bdfa0ca94cfeee5afb967798203bdf4a276f4367a,3c119dd77d55403108ea7a6bdfa0ca94cfeee5afb967798203bdf4a276f4367a,revised,5,2026-10-03T03:29:44.454040+00:00,False,ko-codex-v1
bh6zm8,B,823d10455bfda4957a8a7f692def7f548ab5bdea99b59ed6a27fcdeb5e45f549,823d10455bfda4957a8a7f692def7f548ab5bdea99b59ed6a27fcdeb5e45f549,823d10455bfda4957a8a7f692def7f548ab5bdea99b59ed6a27fcdeb5e45f549,pass,0,2026-10-03T04:03:21.682789+00:00,False,ko-codex-v1
bh8nvx,A,b76a9fc94b6c8525c2d1fb7eb08c12d436acc0f22755438171dff9088ce4fd00,83f02d30597133b56e35194662736ef0fa219c168a0c2b6cd5116785bce9e0f6,83f02d30597133b56e35194662736ef0fa219c168a0c2b6cd5116785bce9e0f6,revised,3,2026-10-03T04:40:12.206552+00:00,False,ko-codex-v1
bh8nvx,B,5d723b28156d3a45b2f7217da3115c5bcf7698b7b57a56a92329cc776d6b74b2,5d723b28156d3a45b2f7217da3115c5bcf7698b7b57a56a92329cc776d6b74b2,5d723b28156d3a45b2f7217da3115c5bcf7698b7b57a56a92329cc776d6b74b2,pass,0,2026-10-03T01:09:01.069189+00:00,False,ko-codex-v1
bhcp4e,A,029c507eb59c093102d04bafa9cf8071acfa42f36d86aa687de9cd3cdca7bde2,21221c47052d9ea8365313826b502e7b2e586ae9cd8de134a47793eeb700f25d,21221c47052d9ea8365313826b502e7b2e586ae9cd8de134a47793eeb700f25d,revised,1,2026-10-03T08:13:45.911837+00:00,False,ko-codex-v1
bhcp4e,B,f4b608fa8e195f356fa5e2b230472394c2c9b610db0ab004345a1a1395c2c34d,f4b608fa8e195f356fa5e2b230472394c2c9b610db0ab004345a1a1395c2c34d,f4b608fa8e195f356fa5e2b230472394c2c9b610db0ab004345a1a1395c2c34d,pass,0,2026-10-03T07:50:54.039491+00:00,False,ko-codex-v1
bhcu5t,A,6c9899ed2188a4f465c5866762e77ecc1a3b9e1b008e924984db4cdfe1e8014a,1414cae08028fdbb7eb943ccc1346ea8a5c7730f38d5230145f98c59c13bce5d,1414cae08028fdbb7eb943ccc1346ea8a5c7730f38d5230145f98c59c13bce5d,revised,6,2026-10-03T04:51:57.805181+00:00,False,ko-codex-v1
bhcu5t,B,e2e1b660f1679fb7431f27b9706807590711a0fa98ff1150bbc559d526e9a82d,6eb96cc087b2b58531aef7a870525f8617ca187ad3724fd934f0f45f4ebf7e32,6eb96cc087b2b58531aef7a870525f8617ca187ad3724fd934f0f45f4ebf7e32,revised,3,2026-10-03T07:21:21.038218+00:00,False,ko-codex-v1
bhgkgn,A,d2c5114005b297f9c8cbc27925ac07b8fda2f9411ea4d344104d363ae01b2465,168aef6616e199751ec7159ba0c6154b8549e7f81d532732d0fabe218a04f567,168aef6616e199751ec7159ba0c6154b8549e7f81d532732d0fabe218a04f567,revised,3,2026-10-02T22:24:23.297136+00:00,False,ko-codex-v1
bhgkgn,B,2e95076bfe0c822e874c8d53849939c584c33ba8536e73cbfca618e4fe1059e9,09eff93c66f1922f2ea6a94576f44766eed486db0436d02045094f9c6414dd76,09eff93c66f1922f2ea6a94576f44766eed486db0436d02045094f9c6414dd76,revised,2,2026-10-03T03:46:55.451054+00:00,False,ko-codex-v1
bhh1m6,A,a30e2500345964277e40d7d94c505323929dae4cd8fcd99358a12bce5a459e7a,6028502bc00ba8cd6c6120403d638466b12d4e78b573622daad66173889e1ee9,6028502bc00ba8cd6c6120403d638466b12d4e78b573622daad66173889e1ee9,revised,3,2026-10-02T23:24:32.425934+00:00,False,ko-codex-v1
bhh1m6,B,01171772c536c4d323de9a1e01330e8f68a94169065e5ab0fe74042399a66efb,12a624a1c64a2aa9156a6c0d4ed57f3e01eb8195f0c45f3649930e4b6b11adcc,12a624a1c64a2aa9156a6c0d4ed57f3e01eb8195f0c45f3649930e4b6b11adcc,revised,6,2026-10-03T10:55:42.802001+00:00,False,ko-codex-v1
bhjr8k,A,dcf46a06312e7672f05a47126a110e1e040279ba3248f6510ecb983b58fc29ec,088f48c93b8e463b3d08c4f1be2a81824c77147dc04d4752b6c31d253da0056f,088f48c93b8e463b3d08c4f1be2a81824c77147dc04d4752b6c31d253da0056f,revised,2,2026-10-03T03:02:01.766376+00:00,False,ko-codex-v1
bhjr8k,B,83db6406f2735b9ee4b543285d93da5a7cbaa2bccea840825dfbbc76b03a6227,1a9453f80aac15bafcc5912ed1fd6197be3378b1dbbce2281fe0f0529966c89a,1a9453f80aac15bafcc5912ed1fd6197be3378b1dbbce2281fe0f0529966c89a,revised,2,2026-10-03T00:15:49.190155+00:00,False,ko-codex-v1
bhrxnu,A,f4199845abb5379622508ddf5e8bed9654d73c3ccc76a60be94c3d06a3b87010,77a417eea7d6e16e5326eae7ea8a3cb221825c670f2d3c4130b7200aaf39d1ba,77a417eea7d6e16e5326eae7ea8a3cb221825c670f2d3c4130b7200aaf39d1ba,revised,3,2026-10-03T12:25:30.090851+00:00,False,ko-codex-v1
bhrxnu,B,04ca06bd5cc89024e7570f83af66d4e136196fb80dae01f983f9e5a2261e71a2,156a7a144288b4a9a948813c2444094db8e7bcfd068b797caea312093b450f60,156a7a144288b4a9a948813c2444094db8e7bcfd068b797caea312093b450f60,revised,6,2026-10-02T22:17:37.867917+00:00,False,ko-codex-v1
bhw805,A,1b0abacfe4f1ebecd2855211ab735ee51817a1ea6e72061abeba302bbea801a6,ec152ba0fd5cbfb7effe0370ec6456c89a3e1e79f98603e6cdc41286b22a8ce8,ec152ba0fd5cbfb7effe0370ec6456c89a3e1e79f98603e6cdc41286b22a8ce8,revised,2,2026-10-03T03:38:03.037205+00:00,False,ko-codex-v1
bhw805,B,44c2a2831d1a64eaeec430e984b08e7d8ebdfcf83dad959d7cd67e1bc4dda166,f9e0ae56d94b9b7a3dfed708758fbbcb0ec938a39481a81f1cde42e58c6ff5aa,f9e0ae56d94b9b7a3dfed708758fbbcb0ec938a39481a81f1cde42e58c6ff5aa,revised,2,2026-10-02T23:48:45.575335+00:00,False,ko-codex-v1
bhypom,A,b800faa1dcddb309fb4bbd2dd7d3a60bef1efe5f278550f0c1ded61733287296,b800faa1dcddb309fb4bbd2dd7d3a60bef1efe5f278550f0c1ded61733287296,b800faa1dcddb309fb4bbd2dd7d3a60bef1efe5f278550f0c1ded61733287296,pass,0,2026-10-03T05:05:21.664060+00:00,False,ko-codex-v1
bhypom,B,fb752b9b547d081aa56e10876b7d713ade608e4cd63de438d9140000df21d460,fb752b9b547d081aa56e10876b7d713ade608e4cd63de438d9140000df21d460,fb752b9b547d081aa56e10876b7d713ade608e4cd63de438d9140000df21d460,pass,0,2026-10-03T07:42:51.533728+00:00,False,ko-codex-v1
bi6qz9,A,1dc9a15d0d522f7b95a28dec7e9587aa4800b90cd7fd5a1f9a462fb451516aa0,ad41706864ed964ab21285254b8a9d72570072b844f936d47a89400cc32baff6,ad41706864ed964ab21285254b8a9d72570072b844f936d47a89400cc32baff6,revised,4,2026-10-02T21:06:53.626308+00:00,False,ko-codex-v1
bi6qz9,B,6ce854b166b4c155db6530e428058bd8813f6086ca50cb8fff0df0df7258da8f,dfb3366f1ae3bf2f4ca631b4ec0f064ea9b75c1119da2c4e232676167826ecf9,dfb3366f1ae3bf2f4ca631b4ec0f064ea9b75c1119da2c4e232676167826ecf9,revised,2,2026-10-02T23:41:17.681680+00:00,False,ko-codex-v1
bim22u,A,1d71f209d5fa2950d9cd80e4c751174f53a35d85c6eaa055a074ac477ac609f9,02252eb90306d3dc0d2b8c0f44ade482a734c52e2ac384a50d2ce91b64d5d4a9,02252eb90306d3dc0d2b8c0f44ade482a734c52e2ac384a50d2ce91b64d5d4a9,revised,2,2026-10-03T02:00:40.286889+00:00,False,ko-codex-v1
bim22u,B,22ed98ef20c32f9f20fc5e05f28011e68bbadc9c535aa1405fb46ca221c46f81,e579590cf0be1c0e9e5c77d7021ce9536b784ce15df1220ee25a008a0641bb4a,e579590cf0be1c0e9e5c77d7021ce9536b784ce15df1220ee25a008a0641bb4a,revised,2,2026-10-03T08:28:01.685774+00:00,False,ko-codex-v1
bin3fw,A,a77b6a691f37b8b366a08f37b06d7a0caae1d970260201b2818076af6f0c22c6,2f71e7169e823058ade772a2feb8093fb8667490a2b7efa75fdd067b4274d664,2f71e7169e823058ade772a2feb8093fb8667490a2b7efa75fdd067b4274d664,revised,6,2026-10-03T00:01:37.205315+00:00,False,ko-codex-v1
bin3fw,B,a439ca728230f89a57a22b4ae2acc4c292c50e956d43788f32f8c279da285357,f2ba288623a3c0d54c1b2ceb37945b83785e39e23c1973af84086b17f7b62223,f2ba288623a3c0d54c1b2ceb37945b83785e39e23c1973af84086b17f7b62223,revised,1,2026-10-03T01:06:08.502034+00:00,False,ko-codex-v1
biyqpr,A,935cfa6a0da6e09fd32c284fd390d8600353c9e37ba03b2b2f292c2b5254958c,97a459bf41b1c391411f1ea72245a957f33ede973eb402ea5663a94ad2d12af7,97a459bf41b1c391411f1ea72245a957f33ede973eb402ea5663a94ad2d12af7,revised,5,2026-10-03T03:26:09.314891+00:00,False,ko-codex-v1
biyqpr,B,ba6b723752ffdf47238ab7a57507bc94c9e014752ad40799b1a9c51c3c914467,a7c0916f07772783110bbfce6bcd6c73055d9de4491727b8e02e4192d1fb19d2,a7c0916f07772783110bbfce6bcd6c73055d9de4491727b8e02e4192d1fb19d2,revised,2,2026-10-03T11:41:29.261610+00:00,False,ko-codex-v1
bj5bu7,A,e50369c5c9c5448843f96b8c50b0d7d726f75d1725cb3404f7fde5fb621beff6,b0e25875ac3f3dca5378b09d831e9952f0245aff0d486c1704a236a03348b348,b0e25875ac3f3dca5378b09d831e9952f0245aff0d486c1704a236a03348b348,revised,3,2026-10-02T23:56:06.969753+00:00,False,ko-codex-v1
bj5bu7,B,cbf20991856450f5975fa92fa9028b5efa41a408511bdf365ef27baf7e724433,cbf20991856450f5975fa92fa9028b5efa41a408511bdf365ef27baf7e724433,cbf20991856450f5975fa92fa9028b5efa41a408511bdf365ef27baf7e724433,pass,0,2026-10-03T04:49:43.201454+00:00,False,ko-codex-v1
bj8zau,A,461e8755a6a59aeda896e17e0eca7b263330ac3c626a799429f59e8320fead6c,d6325e7c2e7a17c257f00df7ece7eaab1f2b86bf6224f6a1e2a2613e9c881ebd,d6325e7c2e7a17c257f00df7ece7eaab1f2b86bf6224f6a1e2a2613e9c881ebd,revised,3,2026-10-03T05:21:13.268468+00:00,False,ko-codex-v1
bj8zau,B,ff3c3162f76505c4f6f5c01ace277fd0915690920f6dcfd26de728c485f85c37,ff3c3162f76505c4f6f5c01ace277fd0915690920f6dcfd26de728c485f85c37,ff3c3162f76505c4f6f5c01ace277fd0915690920f6dcfd26de728c485f85c37,pass,0,2026-10-02T23:58:06.327724+00:00,False,ko-codex-v1
bji2aw,A,f7eb53275befe4c410ce378b5fd096c57dd271607ad1bb392961df8f27ad8ea7,fad563cb1f84f1392bc6807b80070bd6988e16da069b466fe88d4fd7725879eb,fad563cb1f84f1392bc6807b80070bd6988e16da069b466fe88d4fd7725879eb,revised,5,2026-10-03T05:29:58.367031+00:00,False,ko-codex-v1
bji2aw,B,562ed1416251803370b4df1c5210ae82d94c47694e1ea024a2ada736fedc6edb,058f5263cce7b54ea3160313cad60a8d9eb9ce4febda19ce548d2a139d436fb6,058f5263cce7b54ea3160313cad60a8d9eb9ce4febda19ce548d2a139d436fb6,revised,1,2026-10-03T01:25:16.958279+00:00,False,ko-codex-v1
bjkna8,A,f18ac5201af38cf6b5df190990f9d00355bee201a37e0bb797d2e6e053e9f510,2a29f307b4433939c0e96f58aa5c6d4e4029fe48049a6420f8ada34e7c973f54,2a29f307b4433939c0e96f58aa5c6d4e4029fe48049a6420f8ada34e7c973f54,revised,4,2026-10-03T00:56:00.572502+00:00,False,ko-codex-v1
bjkna8,B,5a23898ee4274055baf9117b60da87b052a2929685462a36f1e95bf89071940f,38967d51a7f5993c2f222eafc33e0c39993378cf06e61326505a3f40bcbd9dd4,38967d51a7f5993c2f222eafc33e0c39993378cf06e61326505a3f40bcbd9dd4,revised,1,2026-10-03T03:36:28.396420+00:00,False,ko-codex-v1
bjnagt,A,fd85cafdbe22ecf4d660b42509ca4484d3c6789932cc03055b152a870fbb9474,9a5812dcd8fe0c0abb5387598d0c2403cbcae9576fe93197ce5b0de65f9c02c0,9a5812dcd8fe0c0abb5387598d0c2403cbcae9576fe93197ce5b0de65f9c02c0,revised,4,2026-10-03T01:57:29.255338+00:00,False,ko-codex-v1
bjnagt,B,f5856f972ecef4a02531d420ba181fe6c205a6faa5304150411b7e5818983630,ecc68e037bc1e8d1d364dbcbe142dec9fe3886653a9f34c4f32ff951adc63460,ecc68e037bc1e8d1d364dbcbe142dec9fe3886653a9f34c4f32ff951adc63460,revised,2,2026-10-03T00:14:27.111637+00:00,False,ko-codex-v1
bjox7z,A,3baa2455b5dade67f2aba46e70b32c570276188af540e958d35962840336883b,653d3195e5cfd03d9269a13a68ce20b5a47582f3834de5aa88a74ac0c1ce6879,653d3195e5cfd03d9269a13a68ce20b5a47582f3834de5aa88a74ac0c1ce6879,revised,3,2026-10-03T01:41:14.203680+00:00,False,ko-codex-v1
bjox7z,B,bc41301a6983e196362087b759057949a3aa69ef6696f1b05b018cb03827d892,55308d542e093734527ff5147919c5383a276ee5dfd719fab060630d9b1a52e9,55308d542e093734527ff5147919c5383a276ee5dfd719fab060630d9b1a52e9,revised,1,2026-10-03T08:16:43.766723+00:00,False,ko-codex-v1
bjrfz2,A,219331c54c45167b303663d1ec505d56b2f729ccc7d4df424ef36767e0be99ad,26407c54997c9eb8ecfbc17b9aa1c7f70e2f37f5b1bb556f5882fdbfd4139274,26407c54997c9eb8ecfbc17b9aa1c7f70e2f37f5b1bb556f5882fdbfd4139274,revised,1,2026-10-03T04:55:05.365903+00:00,False,ko-codex-v1
bjrfz2,B,71e45679a409d944f49a770ba20270d0d7dc402fbd6c48e7531b0e144dab7131,71e45679a409d944f49a770ba20270d0d7dc402fbd6c48e7531b0e144dab7131,71e45679a409d944f49a770ba20270d0d7dc402fbd6c48e7531b0e144dab7131,pass,0,2026-10-03T07:02:48.592802+00:00,False,ko-codex-v1
bjw8cd,A,a22a06fc968ab90da5d3088901ed8d6c709b0ffb7d4e2a995643a3dd3ff29257,c2af4f485eb26a604b33000194173cf8a9c6a3b11084d54167b37d0e2aeeb8d4,c2af4f485eb26a604b33000194173cf8a9c6a3b11084d54167b37d0e2aeeb8d4,revised,6,2026-10-03T03:43:56.986211+00:00,False,ko-codex-v1
bjw8cd,B,96078bebd9a1e30bb7138700d5214380de61a17bd550a7b1178cdb783ec6dbd1,443bc0d1f8497392e82e4f84c5cc971e0258925a8bff71ef73218be6e79591f2,443bc0d1f8497392e82e4f84c5cc971e0258925a8bff71ef73218be6e79591f2,revised,2,2026-10-03T08:06:19.176600+00:00,False,ko-codex-v1
bjw9lj,A,ed65617e55116dba424c489b941a913147ccb9b1272632578fced303c1d2af29,1db80784c0aa939fa1343e8f533bd60080b9ed4d98783a98fbc5b57797954116,1db80784c0aa939fa1343e8f533bd60080b9ed4d98783a98fbc5b57797954116,revised,2,2026-10-03T04:11:57.298071+00:00,False,ko-codex-v1
bjw9lj,B,d098304929250696066ef77a998ce5380712b163c928d5e3534411c3e83bdc5e,d098304929250696066ef77a998ce5380712b163c928d5e3534411c3e83bdc5e,d098304929250696066ef77a998ce5380712b163c928d5e3534411c3e83bdc5e,pass,0,2026-10-03T00:24:21.001754+00:00,False,ko-codex-v1
bk14jy,A,0b2e7d3073116d8a73e014c344dd16a65971bcb04db6751db244e5f195dd5277,0b2e7d3073116d8a73e014c344dd16a65971bcb04db6751db244e5f195dd5277,0b2e7d3073116d8a73e014c344dd16a65971bcb04db6751db244e5f195dd5277,pass,0,2026-10-03T05:24:47.011586+00:00,False,ko-codex-v1
bk14jy,B,6bccb796197d36e28fd4d93695b42c7d378ce2bd1841fd10bfec4758c7d51c9f,cd5167322ce591d67163ed9883542fc6adfb0eb906e7be432ec304d7315f3927,cd5167322ce591d67163ed9883542fc6adfb0eb906e7be432ec304d7315f3927,revised,1,2026-10-02T22:34:24.389352+00:00,False,ko-codex-v1
bk3ww5,A,c7fc2ca494fa4a4219df6ead41ef3e7ff114b95c843391cde1283f6e1f4eb49b,93c63ba6e3cda9d2c9e1dda07b4fcdd2608a127f01911e5109fde0f6fe57a14b,93c63ba6e3cda9d2c9e1dda07b4fcdd2608a127f01911e5109fde0f6fe57a14b,revised,4,2026-10-03T02:07:34.977161+00:00,False,ko-codex-v1
bk3ww5,B,92dd94352b56d5c44f6c04f2fee5dff881d72af83c8b93670154b29c85e98b15,bf741d215b5efc1436c5c97ed5767e61ae812ae9eb69ff6ce4abb239b96ebe74,bf741d215b5efc1436c5c97ed5767e61ae812ae9eb69ff6ce4abb239b96ebe74,revised,1,2026-10-03T05:45:16.021921+00:00,False,ko-codex-v1
bk4hj4,A,41a101ee9b4b0350a7c10b371e40402553dd983ab58dcd1e5d311a0b5b780cb2,41a101ee9b4b0350a7c10b371e40402553dd983ab58dcd1e5d311a0b5b780cb2,41a101ee9b4b0350a7c10b371e40402553dd983ab58dcd1e5d311a0b5b780cb2,pass,0,2026-10-03T11:11:33.970226+00:00,False,ko-codex-v1
bk4hj4,B,f162e5e4fffd7afa79b5a2eb09733356d6784c1cd4cf00f53ccb9c74162e5b3c,4a4c878bb86cae048c602489aa8264962876170d4e62b920e9e8374475daff8d,4a4c878bb86cae048c602489aa8264962876170d4e62b920e9e8374475daff8d,revised,3,2026-10-03T07:41:01.331025+00:00,False,ko-codex-v1
bk95sz,A,2399f15e30c692a37b81d0bedc25fbd35610aee7599b249606fefd2f67b61509,2513ca9b6324def758366c8502d0c174cf3670fa1efea52d1ff804f2aa673072,2513ca9b6324def758366c8502d0c174cf3670fa1efea52d1ff804f2aa673072,revised,2,2026-10-03T06:06:42.727525+00:00,False,ko-codex-v1
bk95sz,B,c6ec9c11635723134df3cb852df10b101d5d7912bcad313645a44727061b4a23,b7b9fde6c097f977de1da4040c0e07a9bf6fec7e851235b40345ff18dab78a2c,b7b9fde6c097f977de1da4040c0e07a9bf6fec7e851235b40345ff18dab78a2c,revised,2,2026-10-03T05:56:57.179539+00:00,False,ko-codex-v1
bk9gie,A,2bf4f824821457e6ff6ff8c709e5c49c68e2938116a2edfc2b67e32b88203ee5,69eb7aed2e96170387855ac0ce00a0bc1fded24fe78619c6c7faacd1b8239aa6,69eb7aed2e96170387855ac0ce00a0bc1fded24fe78619c6c7faacd1b8239aa6,revised,4,2026-10-03T08:46:11.260045+00:00,False,ko-codex-v1
bk9gie,B,9102175d36bacb30ee997aaa3dca23c9d8ceb12faaf9d159dd86cfd61f7237f5,ee44fb1813fe48f963272e4f27d8b65e712f5da1c84fdfd50291ad0375ac9805,ee44fb1813fe48f963272e4f27d8b65e712f5da1c84fdfd50291ad0375ac9805,revised,3,2026-10-03T05:20:38.034105+00:00,False,ko-codex-v1
bkd7yv,A,81830da71a340399106f089767c007751e8d8660318060ad0e58c6409267d1a7,b837ef02513a51f56b155985d0e06716b9349974da72ee6e143a2a4f6e998548,b837ef02513a51f56b155985d0e06716b9349974da72ee6e143a2a4f6e998548,revised,5,2026-10-03T04:48:05.043267+00:00,False,ko-codex-v1
bkd7yv,B,9cd8d628210e32d6f86bd5d5e76a63fc33540bb840acbd62b50deeec5e4bfb41,742c3415932b1dc8785beb55334ac0472d13c69deee24fc945356b795461fd16,742c3415932b1dc8785beb55334ac0472d13c69deee24fc945356b795461fd16,revised,1,2026-10-03T06:16:18.856135+00:00,False,ko-codex-v1
bkmy2h,A,c2fd326bf7a4cc74b9a653e79fc70ba17d734ca8163fab80ff3e0cd99da5edde,36f97e5a0c0fb964e4f764a480f52cebec15ed8aa15eec813755076bbe0f504e,36f97e5a0c0fb964e4f764a480f52cebec15ed8aa15eec813755076bbe0f504e,revised,5,2026-10-03T07:08:02.628458+00:00,False,ko-codex-v1
bkmy2h,B,428757c0aca41341d16bc72e3bd3b85b281a45c58d1569d028774f2f8d0bc110,cbb0f6fda79b8cc0807e7c76b27cda9f4090ce44ae02e732c0a9862e34f3ac71,cbb0f6fda79b8cc0807e7c76b27cda9f4090ce44ae02e732c0a9862e34f3ac71,revised,3,2026-10-03T05:12:16.856003+00:00,False,ko-codex-v1
bkovww,A,a667a81f2ed5dde144951cdc6ba45ceb04b8ebdceb6d17c7436b516ad2920bac,9934c8d8fb5a14904dce32c098899b05c8d123073050b010660413713095d46b,9934c8d8fb5a14904dce32c098899b05c8d123073050b010660413713095d46b,revised,4,2026-10-03T02:56:52.194953+00:00,False,ko-codex-v1
bkovww,B,fcc11ee198aa4d812996a335cc6fa6e2f69fc16c595585ba4a603df1a4ab2511,79d65718e73fdf529196462eaa8d662da06343b32337f2843f2497716b1f84f2,79d65718e73fdf529196462eaa8d662da06343b32337f2843f2497716b1f84f2,revised,5,2026-10-03T01:15:19.251235+00:00,False,ko-codex-v1
bkukz3,A,31b5230a9e1505d50a40453c14724fe1b6dedfa6977c8a249b9ca93cf6aac0cc,8c9c1e2521e7ac67b8dedd97fa12ff8bc6ba4d059b350b224073df8b2faf00c0,8c9c1e2521e7ac67b8dedd97fa12ff8bc6ba4d059b350b224073df8b2faf00c0,revised,4,2026-10-03T11:16:59.617641+00:00,False,ko-codex-v1
bkukz3,B,60e89eea623c8241d2548491001282427b9d488ad0aca582879839fe26dda9c5,b4f874df94b1765477ae3bc95db8d8d8445f4850d5460379797dfe91659cd9b1,b4f874df94b1765477ae3bc95db8d8d8445f4850d5460379797dfe91659cd9b1,revised,6,2026-10-03T11:18:08.763388+00:00,False,ko-codex-v1
bkzyl5,A,bf6383427d3e70b9f8b3e2fbf40039e07ec15a734b19a99c764f3a801d8df2c5,bf6383427d3e70b9f8b3e2fbf40039e07ec15a734b19a99c764f3a801d8df2c5,bf6383427d3e70b9f8b3e2fbf40039e07ec15a734b19a99c764f3a801d8df2c5,pass,0,2026-10-03T07:48:06.077330+00:00,False,ko-codex-v1
bkzyl5,B,2b066529919da320594c93c76aa7796462377768b447a1dfb41156d88032f4ec,d85e0614293ed0d012d724e50a60a46e43bedd00fdd467bf43af352718892293,d85e0614293ed0d012d724e50a60a46e43bedd00fdd467bf43af352718892293,revised,2,2026-10-03T08:24:18.839898+00:00,False,ko-codex-v1
bl2dtz,A,66939cf0450adc3f8acf68d79c37697c1586af708597d2fe70672b7969cb4e05,873c4e207b37356daceb79defc251f544dac8537a77bc013ac5ec33a4f874059,873c4e207b37356daceb79defc251f544dac8537a77bc013ac5ec33a4f874059,revised,4,2026-10-02T22:05:40.295161+00:00,False,ko-codex-v1
bl2dtz,B,33ce3869f616cd4b239386b5009049a82ae099f1b319e7acf87431d6849302cb,dda20c2259a6aca0482cd24f3e35008cdbb08ae448af0e5dbf0b5e29194ab61d,dda20c2259a6aca0482cd24f3e35008cdbb08ae448af0e5dbf0b5e29194ab61d,revised,4,2026-10-03T06:18:19.591927+00:00,False,ko-codex-v1
bl5xea,A,c945f2fc5980ed045a05aac83aaf11abd57e5b65cc11f1229522c74433161e56,8ebfcacc030c92c124372e70fef5ac87404029628e4a8013a7ef10aa16e91e9e,8ebfcacc030c92c124372e70fef5ac87404029628e4a8013a7ef10aa16e91e9e,revised,2,2026-10-02T23:20:49.167228+00:00,False,ko-codex-v1
bl5xea,B,35142dd45b3e401be924536f4d8b3cd52072c77fe9ceb1906cea12ee0e747f21,35142dd45b3e401be924536f4d8b3cd52072c77fe9ceb1906cea12ee0e747f21,35142dd45b3e401be924536f4d8b3cd52072c77fe9ceb1906cea12ee0e747f21,pass,0,2026-10-03T12:20:49.968288+00:00,False,ko-codex-v1
blcl0u,A,59bc6faee0b2ca976dd3f069815e02478df82cb53b21a42102f62d768fd26e98,d763c534979b7d4a50dcc6410c0ed461ccfcbc178963ef9281c31626c9e14445,d763c534979b7d4a50dcc6410c0ed461ccfcbc178963ef9281c31626c9e14445,revised,2,2026-10-03T02:28:59.721748+00:00,False,ko-codex-v1
blcl0u,B,6d37593efff12ac1a9dd31268e4499c98b2571c76a00d3f2181349f437ec1c43,6d37593efff12ac1a9dd31268e4499c98b2571c76a00d3f2181349f437ec1c43,6d37593efff12ac1a9dd31268e4499c98b2571c76a00d3f2181349f437ec1c43,pass,0,2026-10-02T23:18:01.736609+00:00,False,ko-codex-v1
bliofz,A,9efc3fbdd4ac6374a32d94eac39ba798352ff2712943dadab62c7207ab9dd322,75377084167f9a67098b4b5a55364cd11f300f0b078a56c1680c97ac7c452f34,75377084167f9a67098b4b5a55364cd11f300f0b078a56c1680c97ac7c452f34,revised,2,2026-10-03T05:42:45.806979+00:00,False,ko-codex-v1
bliofz,B,2f494decd2a0901fb2eb24adaf0269cbce87c3a13f521f37df002e0965e3bee4,4ce08b8c0a8539ff09b9b190bcbf60c6cf7d49ed8a5da39dd0c040a0777b39cb,4ce08b8c0a8539ff09b9b190bcbf60c6cf7d49ed8a5da39dd0c040a0777b39cb,revised,1,2026-10-03T08:19:08.861522+00:00,False,ko-codex-v1
blnp24,A,297f5702f0d10898e7b6870718709e64dc77d5b18e2a53a33e3fbfe82934e25b,8991ce95bac6d6d2e85a88fa7a0aa356f0ee781435b0a2dd6cef241beba4afbf,8991ce95bac6d6d2e85a88fa7a0aa356f0ee781435b0a2dd6cef241beba4afbf,revised,5,2026-10-02T22:54:13.087669+00:00,False,ko-codex-v1
blnp24,B,d446618a9bafb0ccc8242027ad1751ef62636ad38e6ff10aa238817193fa6c37,4550ad36dca03eae48f7540d261702aacb8d393fb7b26002c082d548c406ad97,4550ad36dca03eae48f7540d261702aacb8d393fb7b26002c082d548c406ad97,revised,3,2026-10-02T21:46:19.114002+00:00,False,ko-codex-v1
blt1cm,A,b70d69b451406ac2cfc6a4e7bc93126f57e5785768bab7d6d10cc227309d3f2d,a6701ffed2f2e832e3d58ccee465142dee891a5bf09892ddba1332ec2026a735,a6701ffed2f2e832e3d58ccee465142dee891a5bf09892ddba1332ec2026a735,revised,4,2026-10-03T05:35:28.000981+00:00,False,ko-codex-v1
blt1cm,B,fdb8193f915178f4bc705b4946a929531ee3a49a1137dde02caffadda5537b39,aa71315f0d377e0f6f688f0a177ff65eaeec7448863abc48a6106032c3eee92c,aa71315f0d377e0f6f688f0a177ff65eaeec7448863abc48a6106032c3eee92c,revised,3,2026-10-03T08:17:35.128248+00:00,False,ko-codex-v1
blv4z1,A,a0b0b4855ecb01c5468bd1e380f3969c455116b113af31bcbf33493a604b3b0c,3774be7279a4c75d9a71e6923d1f93222bf559b337aae0cfa3a89928ec122d16,3774be7279a4c75d9a71e6923d1f93222bf559b337aae0cfa3a89928ec122d16,revised,2,2026-10-03T12:28:57.885539+00:00,False,ko-codex-v1
blv4z1,B,884756d25a224f9a3ab4d1cac53d2aaf7b15f7faabe065ca91903718a1ea9aa6,70a7d5493ae95d819118c7dc933826eec269aca4252591bcdd27765aa94a70db,70a7d5493ae95d819118c7dc933826eec269aca4252591bcdd27765aa94a70db,revised,1,2026-10-02T23:08:41.296139+00:00,False,ko-codex-v1
blwxbw,A,9e3d4bdec1f1d26f26cc298570068bc444142a01561c848b3c3199679d7dce1f,2e91c96cc9b7447e4b7ab1a0980d9f486563ed483b0c402778d51a32e78f1f28,2e91c96cc9b7447e4b7ab1a0980d9f486563ed483b0c402778d51a32e78f1f28,revised,3,2026-10-03T04:47:49.363533+00:00,False,ko-codex-v1
blwxbw,B,dc65ac2b6bb1947e7472094d9c140335cd99d3eca6cc7329624345458d542e77,7700aeac156af5a77b34131fcd6eae4d5aab47312fd32d7020c31900009c48a9,7700aeac156af5a77b34131fcd6eae4d5aab47312fd32d7020c31900009c48a9,revised,2,2026-10-03T04:04:14.880265+00:00,False,ko-codex-v1
blz9rs,A,68a10b04b1a992aff49475a6c846253139ba11c964b12444c2c4aa1269884431,8a9298f57226ebc8934f7372802fb635e0a51ef1d3443cd26b68a53f9657d08e,8a9298f57226ebc8934f7372802fb635e0a51ef1d3443cd26b68a53f9657d08e,revised,4,2026-10-03T00:49:40.751263+00:00,False,ko-codex-v1
blz9rs,B,d1f8ebed994fe5992bd5b18b9f1286768122e3b598ad4ee9718904dd9e900fe6,a18cd83f8a9eec823ded335300f52a3e2269f9090837e787fbddd62fd4b49c53,a18cd83f8a9eec823ded335300f52a3e2269f9090837e787fbddd62fd4b49c53,revised,4,2026-10-02T22:01:22.649302+00:00,False,ko-codex-v1
bm0hjj,A,f804de56ce49d6208b61deeccc820dafd6e266f17e7589b83915764df08658d1,5a680ca5c5d72df23882b75f342f9b2637f0b4638523b9bbd35d68243903e5f1,5a680ca5c5d72df23882b75f342f9b2637f0b4638523b9bbd35d68243903e5f1,revised,2,2026-10-03T01:50:45.733355+00:00,False,ko-codex-v1
bm0hjj,B,d36ab4e006d7570da0b3759007ed81bea67b5ad62ab0b926b1708a741a86e632,0750a0e48abdfd2e87f9fb3a4afd2bb7a601af2583c83f5dd7a08c74191c0046,0750a0e48abdfd2e87f9fb3a4afd2bb7a601af2583c83f5dd7a08c74191c0046,revised,2,2026-10-03T06:48:42.818651+00:00,False,ko-codex-v1
bm57rk,A,1e651bd91973457f31dadea27fba05909d8291f762996d01c18d6b575b76f883,0a9e7f13fc37c458ab78621bf33a979f870211249ed075ecf088335548142121,0a9e7f13fc37c458ab78621bf33a979f870211249ed075ecf088335548142121,revised,1,2026-10-03T08:01:35.271745+00:00,False,ko-codex-v1
bm57rk,B,ac826bf5a7d86ec4675c03fb30f550dda387872ee5a6388171f05cb5c46fc834,dd5a24e5cccbc6cd74f2dd71fc08bc029400c3657b0c7066e228cb0c6afab177,dd5a24e5cccbc6cd74f2dd71fc08bc029400c3657b0c7066e228cb0c6afab177,revised,4,2026-10-03T01:34:18.023528+00:00,False,ko-codex-v1
bm609e,A,318900adb784e3adcc32b3571efb5492977d82c4bb9b00c2f86a5f2c708aa8a8,e82ae4ce9d9c06df5b766d5c01a95ca93f327cbafd3b68070ec7eb77ed451ee0,e82ae4ce9d9c06df5b766d5c01a95ca93f327cbafd3b68070ec7eb77ed451ee0,revised,3,2026-10-03T05:13:09.535294+00:00,False,ko-codex-v1
bm609e,B,e2f5955ef2d44611641285c51088bbf469bfe92a966a60fcdfb668f33f379475,596bbce01588d4c7be46f94699f00dde3a7538bd1fdb7602c23f97c571df9db5,596bbce01588d4c7be46f94699f00dde3a7538bd1fdb7602c23f97c571df9db5,revised,3,2026-10-03T05:39:43.847118+00:00,False,ko-codex-v1
bm7srl,A,664fda13bfaa5fc2b1e7c66bf3b136dd04eb9903e80d626d246d5959a1c8fe55,664fda13bfaa5fc2b1e7c66bf3b136dd04eb9903e80d626d246d5959a1c8fe55,664fda13bfaa5fc2b1e7c66bf3b136dd04eb9903e80d626d246d5959a1c8fe55,pass,0,2026-10-03T08:41:35.414825+00:00,False,ko-codex-v1
bm7srl,B,930742ab99c23769c53a3702f5450e7fa5992fabaa38185688ec0295202548c0,80f0ceabd4aea646098590f97fa883b821248e6d94410b1b4c2183ef6d880fee,80f0ceabd4aea646098590f97fa883b821248e6d94410b1b4c2183ef6d880fee,revised,1,2026-10-03T11:35:03.924901+00:00,False,ko-codex-v1
bm7u8y,A,26ba67f6617797d35b68fafd608826096480bac5be0cdc78f2cb3a8237b20ac3,4b9c1eac04b73fd2586a92de024918c0d42b6b4056123e5ad4847d6dd42b115b,4b9c1eac04b73fd2586a92de024918c0d42b6b4056123e5ad4847d6dd42b115b,revised,4,2026-10-03T05:56:28.329645+00:00,False,ko-codex-v1
bm7u8y,B,8c70e5850a9d22cc79d5ef1140493fbad53b367f6b8e3c843484353a531d8e7b,b1c2cf1c19cb86364c2d7ba0167e399903e0489cf3374f4d4b85c122a6b1b52b,b1c2cf1c19cb86364c2d7ba0167e399903e0489cf3374f4d4b85c122a6b1b52b,revised,4,2026-10-03T05:31:56.326389+00:00,False,ko-codex-v1
bm8s7c,A,4aad5d1f04d0a74f806f5850501a23db9d2153a81b8fb48c1c31e158459731c1,d675f271dc673c9b6fa197755aec4d24bd0694e44e6e0e0d14c669ad29554e74,d675f271dc673c9b6fa197755aec4d24bd0694e44e6e0e0d14c669ad29554e74,revised,3,2026-10-03T05:56:23.228290+00:00,False,ko-codex-v1
bm8s7c,B,81b749c32715b62bdec3cb29704649d12f0ead8f0830309dffffe2d85dc5a8e7,466127a13a1aca5f7fe2f4e3c84806d65807ec7b94351dcc4ee1da3c749449d1,466127a13a1aca5f7fe2f4e3c84806d65807ec7b94351dcc4ee1da3c749449d1,revised,3,2026-10-03T00:44:49.373797+00:00,False,ko-codex-v1
bmba5r,A,cd4a90a3a8519e20611c501f8c91f239f6a2b749f1461f4033f1d4458c8c2a4a,c3e6ac097c1f177fe6ff35acd397d29ffd79bdbd02b2a44a407513fa306c910c,c3e6ac097c1f177fe6ff35acd397d29ffd79bdbd02b2a44a407513fa306c910c,revised,1,2026-10-03T03:12:58.628082+00:00,False,ko-codex-v1
bmba5r,B,f051722b85bbf1c9662d0d5b3e17f398e33e0058ea8ea92a72bc4e63c6aa2de4,ef4ad6d63120c04e706d5807414f661a362b5da31ad0a7869649a5a916a60d04,ef4ad6d63120c04e706d5807414f661a362b5da31ad0a7869649a5a916a60d04,revised,3,2026-10-03T02:10:44.906289+00:00,False,ko-codex-v1
bmbd9s,A,9d4b0041e7b4c8a387f5d9da8203b51a81249eb4a360719d123c751f06420c56,c8c5daefba9f647b334c35036818b3cf5406a29f2311e68d045c9131f959bcd5,c8c5daefba9f647b334c35036818b3cf5406a29f2311e68d045c9131f959bcd5,revised,5,2026-10-03T03:28:19.776455+00:00,False,ko-codex-v1
bmbd9s,B,287951eaf795b8b77891d816fb037a99adeac520632c38164ea76515839971bb,6c58a419fe38453c847fa44fb97867d5518e042880491fa239dcbfd824dd9d6c,6c58a419fe38453c847fa44fb97867d5518e042880491fa239dcbfd824dd9d6c,revised,2,2026-10-03T01:46:45.278500+00:00,False,ko-codex-v1
bml5l1,A,ee4c6756826537dc1fa73e26e9f153042e23c932ebdbedb601adaa128484dd60,1ebe7b3f3ea4618d459b3c645bb134159a7739224fd0e50633b7626544fe5c60,1ebe7b3f3ea4618d459b3c645bb134159a7739224fd0e50633b7626544fe5c60,revised,4,2026-10-03T05:19:13.685738+00:00,False,ko-codex-v1
bml5l1,B,47f537913e241426d5fb473901a8acd3332c3b321b68e8db31b2bc6b0c7f91a8,8c864cac626acdf064db716531f5c6f205983e6377e60fe253d24903d2447e8e,8c864cac626acdf064db716531f5c6f205983e6377e60fe253d24903d2447e8e,revised,3,2026-10-02T22:24:46.047011+00:00,False,ko-codex-v1
bn0902,A,fe20d8580ebfeb3f18de0102abc08777b229d32e7e62ab35c9233456f09690a1,8b4fd0899af37f4c8e813e2d0f92841a76dd7da21a5b6834b1fcf9b67822c5e7,8b4fd0899af37f4c8e813e2d0f92841a76dd7da21a5b6834b1fcf9b67822c5e7,revised,3,2026-10-03T02:14:53.866390+00:00,False,ko-codex-v1
bn0902,B,d06c631dca6750b78616e27091970c662460e241319b779e4ba8efd40f75bd49,8d857c21c0f83511502caba704266b306f55f83424d39ae59ee394c29c16b1bf,8d857c21c0f83511502caba704266b306f55f83424d39ae59ee394c29c16b1bf,revised,3,2026-10-03T01:12:25.663223+00:00,False,ko-codex-v1
bn17zq,A,19276ddb644414247af24683937d2478cf72f1816eefe7efe9dc4aa8e53f5ba8,7895b67e348ec1b1a6a2ac2994c16e932be7d77655b5cb5a5101317d3e5572da,7895b67e348ec1b1a6a2ac2994c16e932be7d77655b5cb5a5101317d3e5572da,revised,2,2026-10-03T04:55:33.509480+00:00,False,ko-codex-v1
bn17zq,B,8378836944a905952f55d99d395ad3f153a977e1bd9644ae7cfadb4cc351b2ba,ed22ba88c83f44aa71154025234019d8a1f99675862d5ac1b191207335462586,ed22ba88c83f44aa71154025234019d8a1f99675862d5ac1b191207335462586,revised,2,2026-10-03T10:44:06.812156+00:00,False,ko-codex-v1
bn51ex,A,c896a7aa1a1aaadc9ebabf18bbcb1b7fd8aa2aba32b9676ca79525c520956e44,c896a7aa1a1aaadc9ebabf18bbcb1b7fd8aa2aba32b9676ca79525c520956e44,c896a7aa1a1aaadc9ebabf18bbcb1b7fd8aa2aba32b9676ca79525c520956e44,pass,0,2026-10-03T06:37:24.609447+00:00,False,ko-codex-v1
bn51ex,B,a59bfbfa6d06a64ab69cc4747f4d1a0ef8b4f4902b9da4af8da893e5d860dec2,cd6445853beefb895ccda0d0c7c75d1f836203bcf444ff88d38e1161fda41198,cd6445853beefb895ccda0d0c7c75d1f836203bcf444ff88d38e1161fda41198,revised,1,2026-10-02T21:34:09.488462+00:00,False,ko-codex-v1
bn6rwn,A,ea1a975ccf541b692c27980ffbd8e752e2c05d1b97a96fc0af0067642e9713a1,dab6531f5d9d5b30f33ca95d24b60f2f86b33a19c11cf3790a1633f85309b23d,dab6531f5d9d5b30f33ca95d24b60f2f86b33a19c11cf3790a1633f85309b23d,revised,7,2026-10-03T05:15:30.580075+00:00,False,ko-codex-v1
bn6rwn,B,99084adeff97547d424e6f552e9cf5c717f09923f079d65f89b5c42b5204b00e,4434e8c094b6e410aa21fb03a3ad98268093b8e279b0759b8de0bfac63bfd6b7,4434e8c094b6e410aa21fb03a3ad98268093b8e279b0759b8de0bfac63bfd6b7,revised,2,2026-10-02T22:29:43.448713+00:00,False,ko-codex-v1
bnceag,A,45c68dab9038f3689604919e1dc89ac115e22f4993e70b009bc40e2ae3adb862,f672f6c9e0a06224689eab947a2116b3ab7adb0c1512b2e98bd2f4ac8fc12def,f672f6c9e0a06224689eab947a2116b3ab7adb0c1512b2e98bd2f4ac8fc12def,revised,4,2026-10-02T21:47:20.880639+00:00,False,ko-codex-v1
bnceag,B,f4872c7ca2b6a71a1969519d2555c69af1d43e735af3c2394326a99b8a6d1977,f4872c7ca2b6a71a1969519d2555c69af1d43e735af3c2394326a99b8a6d1977,f4872c7ca2b6a71a1969519d2555c69af1d43e735af3c2394326a99b8a6d1977,pass,0,2026-10-03T04:13:02.409658+00:00,False,ko-codex-v1
bnpgps,A,71d3fffb39f88c781b4c6d099d86f6cc59a9cc5ae6ae8f2c9b72b240b77b46ad,15c527df130a96fab4643311e3e75bd782a610289b697ab24faaccec0938ddf6,15c527df130a96fab4643311e3e75bd782a610289b697ab24faaccec0938ddf6,revised,2,2026-10-03T03:57:56.365869+00:00,False,ko-codex-v1
bnpgps,B,19daf396fa86ed2ac7cd93556d535117d019a89bc725693c82bbddb74e2d9ec3,6d415c3bd0fbeb293d34e4dd1e5cc65c3b6d66bf5b7e277c7d5206b63afac760,6d415c3bd0fbeb293d34e4dd1e5cc65c3b6d66bf5b7e277c7d5206b63afac760,revised,3,2026-10-03T03:40:29.042097+00:00,False,ko-codex-v1
bnphtu,A,de6005acb1f035d826d2d3287eb4d223e8ab2f17e216a18e11fcf9ac0aec4f52,2d07c4f549cd0242c5badbc309a2b6e3c361d373eb09ad30aea729a486f1bc69,2d07c4f549cd0242c5badbc309a2b6e3c361d373eb09ad30aea729a486f1bc69,revised,3,2026-10-03T08:31:12.980013+00:00,False,ko-codex-v1
bnphtu,B,afa295f1bb28ec794cf080ae0daf92ff07aac8aef2ef3581a14970c43a4a70d9,de19c251098b71d7cd4dbddbb9c2d056d01bf1a3c72e5d50f4c9974d3c46831e,de19c251098b71d7cd4dbddbb9c2d056d01bf1a3c72e5d50f4c9974d3c46831e,revised,4,2026-10-03T08:54:29.752360+00:00,False,ko-codex-v1
bnpujr,A,82a934bf657420168d4cff55866dcfccd62dc23d58614a66bf5b886a73555970,3ab240d6f0b94151b6c44b235756aeccb67e30af44c0f81a3e0ea10f39773144,3ab240d6f0b94151b6c44b235756aeccb67e30af44c0f81a3e0ea10f39773144,revised,5,2026-10-03T11:30:55.189303+00:00,False,ko-codex-v1
bnpujr,B,b9f3cce90263fdc1ee36743152d8218f81a34d392d40d01728b5cc40c2c1be4c,cff287b96f1fbaf89bc8d0256a7def2bb6c050a3309aaabc46155f48523365a9,cff287b96f1fbaf89bc8d0256a7def2bb6c050a3309aaabc46155f48523365a9,revised,4,2026-10-03T01:08:11.132689+00:00,False,ko-codex-v1
bnqm59,A,658764c6cc76bd67bce9847efebd29e5029dbee2490f989ba09ea2404c4f643e,4b0fbab81d7433b81cf26183e52bbf0d9a1a5d6aa03c95d7c13560cd56ffa3df,4b0fbab81d7433b81cf26183e52bbf0d9a1a5d6aa03c95d7c13560cd56ffa3df,revised,1,2026-10-02T23:42:13.570603+00:00,False,ko-codex-v1
bnqm59,B,25c811c1b46816d874ea8cd438c81d9fcda1a68248801b34dd44c622bc8b210a,f82f2562fbecb4227d51b344967223534df36afefcd6d5d6f50dd7e627f059d7,f82f2562fbecb4227d51b344967223534df36afefcd6d5d6f50dd7e627f059d7,revised,3,2026-10-02T21:19:09.219698+00:00,False,ko-codex-v1
bnrb32,A,0e76bf8ba92d2de30082805b59cef0e521abb0f6b6c98b342e9e5db5c646b005,f32d415c2dbc52f511631390d18b22239f664a18381620364b13825e59d7597e,f32d415c2dbc52f511631390d18b22239f664a18381620364b13825e59d7597e,revised,2,2026-10-03T11:35:52.960720+00:00,False,ko-codex-v1
bnrb32,B,1f10ae100b1b68300fbcc336b2811b0d439542ecc48c57337d260440db4bf43c,1f10ae100b1b68300fbcc336b2811b0d439542ecc48c57337d260440db4bf43c,1f10ae100b1b68300fbcc336b2811b0d439542ecc48c57337d260440db4bf43c,pass,0,2026-10-03T07:39:48.583798+00:00,False,ko-codex-v1
bns8e2,A,0caad177449e93059e5e94b54815ef69b563425ff291afb7c9f0ba756ec3a951,0ca62362dc215593f1eaabb09222ce57faff25a98df23b0e9828c6e12af333f3,0ca62362dc215593f1eaabb09222ce57faff25a98df23b0e9828c6e12af333f3,revised,4,2026-10-03T00:08:07.765200+00:00,False,ko-codex-v1
bns8e2,B,8797e3a7ba0ee038bdc5acfc3386e7a0065c1bafc3fb68b8cee6a4f46927f65a,cba06eea59592110ebb9fbcaf4750e8fb512e2fd4b4401a68acc280fa53f8f13,cba06eea59592110ebb9fbcaf4750e8fb512e2fd4b4401a68acc280fa53f8f13,revised,1,2026-10-03T05:07:36.279533+00:00,False,ko-codex-v1
bnt0hx,A,48276d58ed3703944b303213fffc9468345e48d0872975c0ddef648849b016e7,7ee8c233dfe454b255325ce64dbb9b3a4480cddd0dac0270cef4b6e5cc78190b,7ee8c233dfe454b255325ce64dbb9b3a4480cddd0dac0270cef4b6e5cc78190b,revised,3,2026-10-03T12:14:27.501468+00:00,False,ko-codex-v1
bnt0hx,B,ec69451d4611c14d2e6312bdd3aba1804f10f4fd8787c2e0fa204406e9075b32,f9fe20c7d1b6f27f2f9b5663f360cce5b78f2c8d6e42b3908870aa98dd1aa8ac,f9fe20c7d1b6f27f2f9b5663f360cce5b78f2c8d6e42b3908870aa98dd1aa8ac,revised,2,2026-10-03T02:04:30.698874+00:00,False,ko-codex-v1
bntu5m,A,6506be98c2de9a123446f3c29d5f4dac7a88007febf2b7dac51a6ca22caf1619,a58cc78c77432bebe84997d61a477d7f24773e52a1dce97e10b5a712fba499f0,a58cc78c77432bebe84997d61a477d7f24773e52a1dce97e10b5a712fba499f0,revised,3,2026-10-02T23:07:00.064408+00:00,False,ko-codex-v1
bntu5m,B,46b50a774e85f1759810d18d3d8a95b4d7a4d546fd90692b5a9759a01930c920,207de24f84b2375d732bc3d8914b127ead3806b1630fd17a5ebb8fff1522c2d5,207de24f84b2375d732bc3d8914b127ead3806b1630fd17a5ebb8fff1522c2d5,revised,1,2026-10-03T08:20:23.544084+00:00,False,ko-codex-v1
bnvv7m,A,43a7055b43bbfa2c05959b4d52e4eee51ea7dc40e2bd72280fb0fb8a1ea23392,0d9523d2b07e34e49e8379598df0e5fbf552df486f6c2257c25ccbd82af5fff4,0d9523d2b07e34e49e8379598df0e5fbf552df486f6c2257c25ccbd82af5fff4,revised,5,2026-10-03T06:27:13.784080+00:00,False,ko-codex-v1
bnvv7m,B,000437601e9029a95fb58882782845b2b42e267d74b05b15b02fce2c5efcfaa2,000437601e9029a95fb58882782845b2b42e267d74b05b15b02fce2c5efcfaa2,000437601e9029a95fb58882782845b2b42e267d74b05b15b02fce2c5efcfaa2,pass,0,2026-10-03T11:38:47.980180+00:00,False,ko-codex-v1
bnwcgx,A,07ac593d8f53e24d07537de72876ef2344c5a176ae02469c602b6174ea6757c4,d42dfcfe325fea7af0c030070c80bfa5b3052b2025ba139dd7db23d31a0c36a3,d42dfcfe325fea7af0c030070c80bfa5b3052b2025ba139dd7db23d31a0c36a3,revised,5,2026-10-03T07:24:25.871756+00:00,False,ko-codex-v1
bnwcgx,B,11ab778ef2c646a91ba61964582c86a4d2aee8d35966f29f0405f4adfbfa0d67,57ef03847d264932ca8e5f20238f3f128609569e5283b7634399565969212e38,57ef03847d264932ca8e5f20238f3f128609569e5283b7634399565969212e38,revised,1,2026-10-03T08:08:20.264383+00:00,False,ko-codex-v1
bnylkt,A,5a3d712b2283a3df4bb8255d97edaf8307cf1e9a1a5bf0d39f654afe5d9b6f8b,4a9af0924a8459c6b24c0b3556c8b2d2c98d4acbecff8238f4916d2d825b73a2,4a9af0924a8459c6b24c0b3556c8b2d2c98d4acbecff8238f4916d2d825b73a2,revised,3,2026-10-03T08:11:09.312706+00:00,False,ko-codex-v1
bnylkt,B,f3a608d5ca834a6780bc701753cfd02c9c939cd36da3f1bd6f7a720c1a16e877,bf6000d881a498e82ca551ddd25ea1ffff1ec6f18c958425dfc89f7c3638e367,bf6000d881a498e82ca551ddd25ea1ffff1ec6f18c958425dfc89f7c3638e367,revised,4,2026-10-03T01:31:51.742155+00:00,False,ko-codex-v1
bo2sno,A,649f90fdea532aa4e4f1966ff906cd15d400df0438fc95521f221e12573a9376,4565e2faabf9841b4f2b03a24a56b0de5c54dc0bb3966e48be08eaf4370c4205,4565e2faabf9841b4f2b03a24a56b0de5c54dc0bb3966e48be08eaf4370c4205,revised,5,2026-10-02T23:06:19.704017+00:00,False,ko-codex-v1
bo2sno,B,833310fb0c2975c80a7c33a85301c15fcbadec706b84710d4d86d020908f8db1,a37f3f5de3a31d56a8439034fc869e4875f3f302b159c4242670823e5135f568,a37f3f5de3a31d56a8439034fc869e4875f3f302b159c4242670823e5135f568,revised,4,2026-10-02T22:18:53.419057+00:00,False,ko-codex-v1
bo5u0z,A,ebe8edb0caa3ba31abecd1470e978c702c79465e447b16ffdd2881e4117d938e,ebe8edb0caa3ba31abecd1470e978c702c79465e447b16ffdd2881e4117d938e,ebe8edb0caa3ba31abecd1470e978c702c79465e447b16ffdd2881e4117d938e,pass,0,2026-10-03T02:49:00.166426+00:00,False,ko-codex-v1
bo5u0z,B,82a00b58ef85f7ed2abe4c1efccf155d0447e4b2b9af41f6d7ffb38b2edaca90,82a00b58ef85f7ed2abe4c1efccf155d0447e4b2b9af41f6d7ffb38b2edaca90,82a00b58ef85f7ed2abe4c1efccf155d0447e4b2b9af41f6d7ffb38b2edaca90,pass,0,2026-10-03T05:11:50.272604+00:00,False,ko-codex-v1
boapv7,A,1ff0378f1ff8518e7e626a55bab9bf70222b5923d494f31df28561169eaf71da,684ff44e4b334ab326709ece71891d8afbfd1cf000968a7434510b2ee8cf8597,684ff44e4b334ab326709ece71891d8afbfd1cf000968a7434510b2ee8cf8597,revised,2,2026-10-03T11:45:48.561524+00:00,False,ko-codex-v1
boapv7,B,fd493ba04b76b20adc8b8bef8d06b621f22d4f59858bec8f7bd3af81e5ab6519,908f2db53750a65502b28bc29451d67803b4eaf786fb24c8bf51edc624c499db,908f2db53750a65502b28bc29451d67803b4eaf786fb24c8bf51edc624c499db,revised,2,2026-10-03T01:10:56.436355+00:00,False,ko-codex-v1
boewzt,A,80cf73621db5de4f65276674810de1831dde0223300686d28f2462169cf7ae4e,212db57b33c44f2ef3d5b03cc7b4715a0487e2dabb0ad46098d30dd43e450eeb,212db57b33c44f2ef3d5b03cc7b4715a0487e2dabb0ad46098d30dd43e450eeb,revised,3,2026-10-03T08:23:50.891315+00:00,False,ko-codex-v1
boewzt,B,5d0ec290bd9e24ac39d769a87ba88de5cfb22053bbf163ddf849bd5b91a8ed6d,b304a613f0b0b8c37c91de0186f9b3509c3c370958b36ebee88e9416a72593bf,b304a613f0b0b8c37c91de0186f9b3509c3c370958b36ebee88e9416a72593bf,revised,2,2026-10-03T02:03:10.224105+00:00,False,ko-codex-v1
bors4l,A,70c757376933ece779c85722730905310b37004246b764d34ba895faad1608d1,f10c48210eb37683ca3216e25b1a20f315192ee7671ca97f5f4272c7156d6076,f10c48210eb37683ca3216e25b1a20f315192ee7671ca97f5f4272c7156d6076,revised,1,2026-10-02T23:23:59.955329+00:00,False,ko-codex-v1
bors4l,B,fc47534312fae425fd21cf69967fdc1d274c2264a51ac8edc473574094666214,333fce7f9dbcd230eda51dfc590cfc4ce97a88654916963534a89537c439052f,333fce7f9dbcd230eda51dfc590cfc4ce97a88654916963534a89537c439052f,revised,3,2026-10-02T23:53:32.734561+00:00,False,ko-codex-v1
bosr7m,A,55d2845b5b5b7a2bea4af3bd1aab064cccb87bd33cb789e510f2ca516dfd3c41,2376d90ca3cbb7d4402d70fcee7068ac8c3514e84c2f8602d727a4f3d16655d2,2376d90ca3cbb7d4402d70fcee7068ac8c3514e84c2f8602d727a4f3d16655d2,revised,6,2026-10-03T03:45:24.581803+00:00,False,ko-codex-v1
bosr7m,B,c039d7d52d16dae54b29e9966f3f7a5cd772489669b1c50e383ba1d1d6301b7f,23cd29c20b23a569b7bbff00f4eaa767e9b5f3fecf4167c19e17c1ad0d508260,23cd29c20b23a569b7bbff00f4eaa767e9b5f3fecf4167c19e17c1ad0d508260,revised,6,2026-10-03T12:24:00.675731+00:00,False,ko-codex-v1
botofm,A,b035cc432386e4f95048095432339ccd3d159611c726d1910219bf3d425a47f8,f0db6f638afda09adf4e4d4f0b7d85b08082d8965c026c79f659a026d0fb6fb1,f0db6f638afda09adf4e4d4f0b7d85b08082d8965c026c79f659a026d0fb6fb1,revised,5,2026-10-02T23:59:42.249447+00:00,False,ko-codex-v1
botofm,B,41e140d63e562c7b256c09ecb8f715730a09a5ed0c4e9a036b2bed73a02e95f0,41b6514480e8c9a98febbd4d6d21a2700814df0124223da633b055fcb007870c,41b6514480e8c9a98febbd4d6d21a2700814df0124223da633b055fcb007870c,revised,3,2026-10-03T11:01:12.416675+00:00,False,ko-codex-v1
bou0sy,A,6201f3a3532f3d60bd82a3319428e22c2b5255b935d6b9def0f4e2a762d06c8a,190f3135683c1e889c16a4721442c7e23b00bb35d944e94a6c9242933ab34eb4,190f3135683c1e889c16a4721442c7e23b00bb35d944e94a6c9242933ab34eb4,revised,4,2026-10-03T12:08:04.136681+00:00,False,ko-codex-v1
bou0sy,B,02715666725102068f2eedf8f00e34f0c2b22c2249edf1741b25736ff54fd790,bf6b1a57a98c8a0ede97a786834646226865234195b675963d7ac2a2f74581f5,bf6b1a57a98c8a0ede97a786834646226865234195b675963d7ac2a2f74581f5,revised,2,2026-10-03T07:33:25.643845+00:00,False,ko-codex-v1
bovjbb,A,57987fc7b5f0b93ecebb913e3defb5291874a9525b0a504c025f9293a7049b1f,57987fc7b5f0b93ecebb913e3defb5291874a9525b0a504c025f9293a7049b1f,57987fc7b5f0b93ecebb913e3defb5291874a9525b0a504c025f9293a7049b1f,pass,0,2026-10-02T23:17:40.621836+00:00,False,ko-codex-v1
bovjbb,B,2bab1665e5e5167036ef8a67c7254e04eb1d9cf4204dd1d8ff3cb6f91b21339d,2bab1665e5e5167036ef8a67c7254e04eb1d9cf4204dd1d8ff3cb6f91b21339d,2bab1665e5e5167036ef8a67c7254e04eb1d9cf4204dd1d8ff3cb6f91b21339d,pass,0,2026-10-03T12:29:45.178445+00:00,False,ko-codex-v1
bow38y,A,168221b5e1c65763317980e7b6451d98bc7722bc04e55a180a7fef9e454281fe,4edf1d79468a00c2844b90dac70c65628ce41297c11f570449649e151f52fef4,4edf1d79468a00c2844b90dac70c65628ce41297c11f570449649e151f52fef4,revised,5,2026-10-03T07:09:12.115494+00:00,False,ko-codex-v1
bow38y,B,03eefd6ea0ce9747997e908eb88be20d8ef2002db73c3aeb1b62658195558baa,aebe921519d63b99d4ed1b1368ff8219b3080f5b12ef8a69908106d756a9d6d3,aebe921519d63b99d4ed1b1368ff8219b3080f5b12ef8a69908106d756a9d6d3,revised,3,2026-10-03T07:45:33.726751+00:00,False,ko-codex-v1
boyzue,A,8de172ae7d4164f59115a387a4a4e90bb681ecfe49d81a52716222d070ecf581,786c5b521b5f5cf3c09d5d660e47f79442771286352cee52d724ba18f7f5f926,786c5b521b5f5cf3c09d5d660e47f79442771286352cee52d724ba18f7f5f926,revised,3,2026-10-03T11:25:21.013702+00:00,False,ko-codex-v1
boyzue,B,92b06db9e1b54733c2dc7cc2a32795b1ce16f1de4a53d787d10d679d5ed0233c,66b7b5dba72a360f3b2b115486f97603bbdfe243d40455f23e65d124860ed41f,66b7b5dba72a360f3b2b115486f97603bbdfe243d40455f23e65d124860ed41f,revised,2,2026-10-03T00:56:52.015588+00:00,False,ko-codex-v1
bp2ye1,A,9c8d6c8a469b4a3fc6f1b185522cc294321d623d32336946dbad12504cee6e41,9c8d6c8a469b4a3fc6f1b185522cc294321d623d32336946dbad12504cee6e41,9c8d6c8a469b4a3fc6f1b185522cc294321d623d32336946dbad12504cee6e41,pass,0,2026-10-02T23:06:50.643021+00:00,False,ko-codex-v1
bp2ye1,B,a42a5c21ec922e84bb7c5308da935ec77197b5db7c11535907dab8452afe892b,2b7815fb932bbd342e35e2f895b1168cb460443c015e9a3aaca45c10ef21c1bf,2b7815fb932bbd342e35e2f895b1168cb460443c015e9a3aaca45c10ef21c1bf,revised,1,2026-10-03T04:38:39.526720+00:00,False,ko-codex-v1
bp4dtv,A,991ab6fc7b19190b92401653e5f02f9b4627c66461330de722fdf1b44c4dfecc,3516dbfaf8cba0fd69107f36410046171aaf93dfe492779e19efdee1b50f7bcb,3516dbfaf8cba0fd69107f36410046171aaf93dfe492779e19efdee1b50f7bcb,revised,3,2026-10-03T03:51:25.073987+00:00,False,ko-codex-v1
bp4dtv,B,3951577f19b56864eb234eec01d9447510161ffe867a488b7295869ad19dc43b,3951577f19b56864eb234eec01d9447510161ffe867a488b7295869ad19dc43b,3951577f19b56864eb234eec01d9447510161ffe867a488b7295869ad19dc43b,pass,0,2026-10-03T00:38:50.489091+00:00,False,ko-codex-v1
bp97n3,A,6284fe6f5f4f88764d5c45f70dbb9b29c268c685c2f46c21adf8527257a50fd4,171e6b87f2bea89dc3943d28790e57f0d606ccffd08c3c192589b6d51b5111f4,171e6b87f2bea89dc3943d28790e57f0d606ccffd08c3c192589b6d51b5111f4,revised,3,2026-10-02T23:46:29.868059+00:00,False,ko-codex-v1
bp97n3,B,17d000837fb6883176533a9135ee6f45ce29afb63524a159a72b1c4db7ce0dec,f1fe4dce1fb23de6c514e5b972c96a64a16825aec29ff61d330274a89c234fbc,f1fe4dce1fb23de6c514e5b972c96a64a16825aec29ff61d330274a89c234fbc,revised,3,2026-10-02T21:09:22.484841+00:00,False,ko-codex-v1
bpj7tk,A,64856672232c6969c7d1afa3801ce99bc0f4a798f84a0672a15ab0585333fbd9,64856672232c6969c7d1afa3801ce99bc0f4a798f84a0672a15ab0585333fbd9,64856672232c6969c7d1afa3801ce99bc0f4a798f84a0672a15ab0585333fbd9,pass,0,2026-10-02T21:45:14.265286+00:00,False,ko-codex-v1
bpj7tk,B,5e9485445289729d3740b4ce554b0c50e2601fb12a9624ea3fed23dc3f354673,5e9485445289729d3740b4ce554b0c50e2601fb12a9624ea3fed23dc3f354673,5e9485445289729d3740b4ce554b0c50e2601fb12a9624ea3fed23dc3f354673,pass,0,2026-10-03T07:58:24.365224+00:00,False,ko-codex-v1
bpjwux,A,d6b805dd8d2ed194f1ec0e7a0e73bc2cfe166153095c3a3e2954faafa6e582be,46321002b5cfc43be27eef9e5e2f447a6302cb4136935c215ff91c73fa2bf6a5,46321002b5cfc43be27eef9e5e2f447a6302cb4136935c215ff91c73fa2bf6a5,revised,2,2026-10-03T01:31:09.659659+00:00,False,ko-codex-v1
bpjwux,B,d48f5fd3a6637aec4124d32e93e35b0167d8e9d18db0cf52b49ce83a490b10ff,f1f26fe3898af31bda8b4d08f0fa2eb548d82a88335ca3ada194cfdb7163a9c6,f1f26fe3898af31bda8b4d08f0fa2eb548d82a88335ca3ada194cfdb7163a9c6,revised,3,2026-10-03T01:33:22.967771+00:00,False,ko-codex-v1
bpkzxs,A,afd1c2807a42efe68b74056b1d545c8103fee89e25b1822bf729a476756e9fac,b5534d86e2038660f3ec1e88566c5422884eaf2bb3cbc1d4f121107541e36160,b5534d86e2038660f3ec1e88566c5422884eaf2bb3cbc1d4f121107541e36160,revised,4,2026-10-03T06:50:06.076225+00:00,False,ko-codex-v1
bpkzxs,B,5a70588b8cdb679674e2ae0dcd972144ce07126de45ae6b86590a5d468a39f44,76f6a60eb281623ebb3f92429d200fa09e28c76e157e3c24a5ec52d571a1b9c9,76f6a60eb281623ebb3f92429d200fa09e28c76e157e3c24a5ec52d571a1b9c9,revised,3,2026-10-03T11:36:17.313960+00:00,False,ko-codex-v1
bpp6iq,A,20e41e3a91114af5692dd74dfe85c28e19f8547599b1d02bbf532b57136fbef7,3b34f228b15010bd7ddeca360d43be3e2799d33b4c2de59f8da72da35cb4bd49,3b34f228b15010bd7ddeca360d43be3e2799d33b4c2de59f8da72da35cb4bd49,revised,4,2026-10-03T01:01:11.761403+00:00,False,ko-codex-v1
bpp6iq,B,f714bdd41c0870aa170a2931f9da1cfd87798fbd6de3539af7b44728510eef01,d152669cdef99ea09730ef33d0fc3928a543d658659c02b0e8254579bfd8d05f,d152669cdef99ea09730ef33d0fc3928a543d658659c02b0e8254579bfd8d05f,revised,1,2026-10-02T23:25:29.898521+00:00,False,ko-codex-v1
bpumhy,A,5dbd1a63864a5d83cd8b0c5991c5f25690ec5aae5c709cdf4fb3eed480d1dd9a,d4a65bbe4b63299bf27cacacf73f2b97034c3c926482e68e864941f89d7817bd,d4a65bbe4b63299bf27cacacf73f2b97034c3c926482e68e864941f89d7817bd,revised,4,2026-10-03T00:29:13.155910+00:00,False,ko-codex-v1
bpumhy,B,c97f562f3ccf7110c8c910d364c515a696c3b019c68bacd3f0ba0c254c281bde,efc154e5e6673d9c0d049f7f0448023f0cd4cebe9dd4419e7c54c1b34dec7f56,efc154e5e6673d9c0d049f7f0448023f0cd4cebe9dd4419e7c54c1b34dec7f56,revised,2,2026-10-02T22:11:28.039742+00:00,False,ko-codex-v1
bpuwgl,A,4a6eb6178900d6dc6c0060ccb03656df6a7891a859363fdbd938ee302afc01e4,99574b5052f99e335926df1adf3dcdd52ad8cab500659d8cb145751f68719b06,99574b5052f99e335926df1adf3dcdd52ad8cab500659d8cb145751f68719b06,revised,7,2026-10-03T05:26:52.171234+00:00,False,ko-codex-v1
bpuwgl,B,9720581f608e2ae38f0c616cf871a62fde56d55601dac7510d86634177e9ca40,a2358d00adb0c1c0a01375c5850c6c9a6de9a374a47f2edd8e75dc846eedbc06,a2358d00adb0c1c0a01375c5850c6c9a6de9a374a47f2edd8e75dc846eedbc06,revised,2,2026-10-03T07:45:00.460094+00:00,False,ko-codex-v1
bq882m,A,906940ba3b52397d34552d8d13ec1690d59a094f36944fefa0e4721f3b274f35,173e894dd3e7126b8ffa32b3f862602dab531a7be4df3641977038298d5ac09e,173e894dd3e7126b8ffa32b3f862602dab531a7be4df3641977038298d5ac09e,revised,5,2026-10-03T12:37:56.588763+00:00,False,ko-codex-v1
bq882m,B,32e4c1bbb23e5317c455deac5382391231197cb6af2f0b7fb8ce1765eafa8b76,8d85b950e450da5fb717b81de32cf1118be5c4384c4e811e8355aad30e10e94a,8d85b950e450da5fb717b81de32cf1118be5c4384c4e811e8355aad30e10e94a,revised,2,2026-10-03T11:34:43.328983+00:00,False,ko-codex-v1
bqh4ow,A,437a9ba45841a514cee8646ad5fa3919c4fc9117936d7d8aa641b450e9213f42,2911f8fb39ac898d963e226af6ad32e47168a4013946a7bcb51cf5d28331558e,2911f8fb39ac898d963e226af6ad32e47168a4013946a7bcb51cf5d28331558e,revised,5,2026-10-03T12:03:23.032878+00:00,False,ko-codex-v1
bqh4ow,B,e96ae372754ecf1ee006ce3174b2f69fb49ab1a31deaef876656f839fcfa6c5c,e96ae372754ecf1ee006ce3174b2f69fb49ab1a31deaef876656f839fcfa6c5c,e96ae372754ecf1ee006ce3174b2f69fb49ab1a31deaef876656f839fcfa6c5c,pass,0,2026-10-02T23:30:21.472119+00:00,False,ko-codex-v1
bqm684,A,a224245bd5e2eb6f19d539125768d059d0a65a472052e25d2e3f97c48acdc7f1,50417c65a06c47308f588d9f39fc9ef088c3ca7580ed32ac3cff019ee20141ed,50417c65a06c47308f588d9f39fc9ef088c3ca7580ed32ac3cff019ee20141ed,revised,2,2026-10-02T21:15:56.835110+00:00,False,ko-codex-v1
bqm684,B,78b46e30722be483404d8a72187619fe5bb432162d9249aa4483dfcf96694f9a,aec4e378a18aa7b0bea5ee215c51d8c429c12621bdae4d9e4afe43c1e534d2c6,aec4e378a18aa7b0bea5ee215c51d8c429c12621bdae4d9e4afe43c1e534d2c6,revised,4,2026-10-03T05:00:31.427953+00:00,False,ko-codex-v1
bqmgqp,A,71d01c43cd8108e2b72bc541c00a284400ef3539715bcd0cabb920ec3ac96644,2c769acf8969a846edfd1f37874baf9b6783902fd30f78801addfa3dbc32cc21,2c769acf8969a846edfd1f37874baf9b6783902fd30f78801addfa3dbc32cc21,revised,5,2026-10-03T06:09:18.989258+00:00,False,ko-codex-v1
bqmgqp,B,c8c72158615dc2d0a2ab23e3964dc5b57863f630a88420d7172086cf7fa27591,052a7a2261fdc8672ce198c01f103ae0bb7482954d822d3cbab897c08fe47930,052a7a2261fdc8672ce198c01f103ae0bb7482954d822d3cbab897c08fe47930,revised,2,2026-10-02T21:16:25.578750+00:00,False,ko-codex-v1
bqog41,A,3198aba0065c2677f4507ce78873f46ca659e6024e77ce06301fceabb8036c21,6961081cefcc041433f62e4c2ce5d9f77a513d8bad3c20614dbe57d474ee5db2,6961081cefcc041433f62e4c2ce5d9f77a513d8bad3c20614dbe57d474ee5db2,revised,5,2026-10-03T07:46:29.630058+00:00,False,ko-codex-v1
bqog41,B,6d58cffbfe0efdce71dfcdc1867d46b55a113d366e8e35609ff6899ae275d960,39bcfea072b66b7371bf1ce583303797462083957642211bc85e38561f6a99c4,39bcfea072b66b7371bf1ce583303797462083957642211bc85e38561f6a99c4,revised,3,2026-10-03T06:43:41.004959+00:00,False,ko-codex-v1
bqv8k5,A,f8582c1db2d7a37350744e6bef156bce99bf7205d9bc8d3c6a5785ca27f122a3,a876d6985f8e0a452465f1bd6d1b01becaa2a89a5c13150f1977e46828016a3a,a876d6985f8e0a452465f1bd6d1b01becaa2a89a5c13150f1977e46828016a3a,revised,3,2026-10-03T05:28:31.613262+00:00,False,ko-codex-v1
bqv8k5,B,4998705a417415241467aada50d086527269263012fe7c9219b06db5df3c0923,a6281343ccdc113f2c54764181f2ef0ab78a8c0a026c73eab425d27be4732267,a6281343ccdc113f2c54764181f2ef0ab78a8c0a026c73eab425d27be4732267,revised,3,2026-10-03T07:44:06.032233+00:00,False,ko-codex-v1
bqx9lc,A,6120d76db6723c4087eec0745e2d1e58f80833038c294e8940184e3fc8f75b46,6120d76db6723c4087eec0745e2d1e58f80833038c294e8940184e3fc8f75b46,6120d76db6723c4087eec0745e2d1e58f80833038c294e8940184e3fc8f75b46,pass,0,2026-10-02T23:12:20.556738+00:00,False,ko-codex-v1
bqx9lc,B,7dfa6e006efda8bca846fe9bbbccc2c6b5875ac97d09354c8a8f4f5476f5620a,4b2cd9c07069af8be90b06cfe68cd9e91b1411855f47fc5cb258f6312fdf2782,4b2cd9c07069af8be90b06cfe68cd9e91b1411855f47fc5cb258f6312fdf2782,revised,1,2026-10-03T03:26:40.939676+00:00,False,ko-codex-v1
bqz2qk,A,e610b9090629a28d4221a92e9f2f9fa131067c09ba2423da58edfd0fbf32e81a,8c4affdcc80d167ea9516b8b1fbe84b4132111d95e0502f7a8bac80c4df96f1e,8c4affdcc80d167ea9516b8b1fbe84b4132111d95e0502f7a8bac80c4df96f1e,revised,3,2026-10-02T22:04:29.978486+00:00,False,ko-codex-v1
bqz2qk,B,a5b6125471b802231dbf5d5b285339b05552cc20467583fea132d46a30c67e6f,809b36f628a821dda128f588a0b3a9b66a00fed08b6338fc47ee54de935f705f,809b36f628a821dda128f588a0b3a9b66a00fed08b6338fc47ee54de935f705f,revised,4,2026-10-03T00:10:02.239669+00:00,False,ko-codex-v1
brtar6,A,f5927f6e082fb369e16d05e95b6f9c54fb0a089737e95b0ec99693574ccde979,b1b3c9bb6a9fd542b1f6144590752dc447d74689be2808be12dd79c57e1bdc7d,b1b3c9bb6a9fd542b1f6144590752dc447d74689be2808be12dd79c57e1bdc7d,revised,6,2026-10-03T00:55:16.342359+00:00,False,ko-codex-v1
brtar6,B,24f6e51ba54cf0c6e51d372ebb35bcc9a0f2f78d9071428e1346cea95fdf1792,39023ab4d04a3b2fec77ef91a8fdde69ed1437d28238db4892b258be21ca7f21,39023ab4d04a3b2fec77ef91a8fdde69ed1437d28238db4892b258be21ca7f21,revised,3,2026-10-03T01:42:06.295666+00:00,False,ko-codex-v1
brvx0b,A,57fa743e02997b6c28946842b307d94584c58a1a2c76d69aadd15ba5ee2b712c,9641a2f9620cf895cf395ab0c4f3aee9555fd7826b2f82874f744a9b55a5dfc5,9641a2f9620cf895cf395ab0c4f3aee9555fd7826b2f82874f744a9b55a5dfc5,revised,3,2026-10-02T23:05:25.194490+00:00,False,ko-codex-v1
brvx0b,B,ed46d8ca57982cd8abf16d298e5569cc445685956e8b6bfcf4686235d39b0839,5cd9940ff5f53fcc32ddc5bb3a964a9e7377049e37f23dc332c8c0de39a39c20,5cd9940ff5f53fcc32ddc5bb3a964a9e7377049e37f23dc332c8c0de39a39c20,revised,2,2026-10-03T12:40:00.502403+00:00,False,ko-codex-v1
bs2ljx,A,3019015c94cb87480b80cd2130ce1f9ba5614bf8bb2c1b9e9b093456c2b9ba2e,f38aacd0b40b8fc1ec5405a6ec9fc638221d1b327db55332fec7be70e480947a,f38aacd0b40b8fc1ec5405a6ec9fc638221d1b327db55332fec7be70e480947a,revised,4,2026-10-02T23:26:07.718117+00:00,False,ko-codex-v1
bs2ljx,B,80605ca7923406d7c5590e3d47ddc1626f45cd7d53315add806dee1f47de05df,b9a015c9295a7472bce31708f0650723d9930442f771bc1dc2e23d311c77c262,b9a015c9295a7472bce31708f0650723d9930442f771bc1dc2e23d311c77c262,revised,5,2026-10-03T03:09:33.088076+00:00,False,ko-codex-v1
bs6s8r,A,198914511f6b39bdad82b275d7a19b2cb6375030557e7ddf5a64c6d55fb35724,9f273c8801e59a91d492d8198bc850ac7b2ac6a27a25a0aa1b44995befe4708f,9f273c8801e59a91d492d8198bc850ac7b2ac6a27a25a0aa1b44995befe4708f,revised,3,2026-10-03T11:51:40.914079+00:00,False,ko-codex-v1
bs6s8r,B,0c2808c396a481a2338b9e48e73766dd4f8bf25d6cf9d45851429cee449a6d16,f8abbde8f1450e3ec0c8560ca70b870bbc7e5d2fb09f71b2f1f62d92b69abd4a,f8abbde8f1450e3ec0c8560ca70b870bbc7e5d2fb09f71b2f1f62d92b69abd4a,revised,2,2026-10-03T10:54:29.550581+00:00,False,ko-codex-v1
bsenne,A,62b0cd047e337036e4d429e24c20ed84b10b9b367d2c636f35e786a5ceccffc8,4521177f97b4a1aeeddbf3ea4b3703add62d80a8f91386c9c231792e0cdcba01,4521177f97b4a1aeeddbf3ea4b3703add62d80a8f91386c9c231792e0cdcba01,revised,4,2026-10-03T04:57:34.340464+00:00,False,ko-codex-v1
bsenne,B,72502b691f2aab27f7bb882e50e52a1a514dbe0c1d1b74e8d2446352a69ee949,0ffbf26d638bf5674d46c9040ae44a6cba8496ccdba53963087822949046dac8,0ffbf26d638bf5674d46c9040ae44a6cba8496ccdba53963087822949046dac8,revised,2,2026-10-03T07:42:00.310060+00:00,False,ko-codex-v1
bshydi,A,5d1e7b3d062f4d2e27f818876afdbecac49b82518a76a259cbe628a2442e94fd,381a104caf3d2e015d5fb3e99a207db318879f609e2f8a99b33b5df6498964d8,381a104caf3d2e015d5fb3e99a207db318879f609e2f8a99b33b5df6498964d8,revised,2,2026-10-02T21:21:30.412817+00:00,False,ko-codex-v1
bshydi,B,9ad2e555e32a7c58ecb48fc8477806105124e4230dc7b216a55e0bab635acd57,9ad2e555e32a7c58ecb48fc8477806105124e4230dc7b216a55e0bab635acd57,9ad2e555e32a7c58ecb48fc8477806105124e4230dc7b216a55e0bab635acd57,pass,0,2026-10-02T23:36:03.030404+00:00,False,ko-codex-v1
bskcir,A,d0e29f0a30e9346643125ee04c793d12f4d8450fe2a956fdc26b44e7fecc9758,feef29063e60b85123e439ed36f006d300235ae27676f4a7f996d80cc574cc37,feef29063e60b85123e439ed36f006d300235ae27676f4a7f996d80cc574cc37,revised,5,2026-10-03T11:09:35.098474+00:00,False,ko-codex-v1
bskcir,B,8e234bf7ca1abe9f55456c2afd7394901302e2bf408b199d3cb2494572b16189,8e234bf7ca1abe9f55456c2afd7394901302e2bf408b199d3cb2494572b16189,8e234bf7ca1abe9f55456c2afd7394901302e2bf408b199d3cb2494572b16189,pass,0,2026-10-03T06:04:16.302822+00:00,False,ko-codex-v1
bsqt3q,A,c4c629a351498cdc984fed92b83aac10fdb324aa05d064904a07224bfac8ba26,cf7e63b3aef9f85200bc781ecb898c48cd43026feb4476d1c8ae1d7072c49c6f,cf7e63b3aef9f85200bc781ecb898c48cd43026feb4476d1c8ae1d7072c49c6f,revised,1,2026-10-03T06:23:46.949334+00:00,False,ko-codex-v1
bsqt3q,B,e7ffb47ade16213a934b0b4d8273883969c75c92a16732d35d0f61a586d606e7,e7ffb47ade16213a934b0b4d8273883969c75c92a16732d35d0f61a586d606e7,e7ffb47ade16213a934b0b4d8273883969c75c92a16732d35d0f61a586d606e7,pass,0,2026-10-03T07:13:41.023622+00:00,False,ko-codex-v1
bsuxwp,A,c1889bd3d7155f3443811a95e7aca66a2ec1f6f0e729b3f6dabd7b6f4bc26076,6073c69f370a9ec5a24df1dde46120f8d85368733a2ea1fd79d7ad34bd6453f6,6073c69f370a9ec5a24df1dde46120f8d85368733a2ea1fd79d7ad34bd6453f6,revised,3,2026-10-03T01:34:57.289052+00:00,False,ko-codex-v1
bsuxwp,B,3b35458276b36fc3172f62174e19fb504a151401ed4f1d088d01cd21392ebae1,e0da0353c88129a79f70dd453262494e7776daa694d0554bfe6aa039903db91f,e0da0353c88129a79f70dd453262494e7776daa694d0554bfe6aa039903db91f,revised,4,2026-10-03T01:40:54.681490+00:00,False,ko-codex-v1
bsv03c,A,fe23babbddf9988424c0b3deddcba1e714e1d38c115debd256c4e90eb70045dc,2763fc556f0a6c8ca01d20546a84a06bf649a595fa24eea04481a8b0833fb636,2763fc556f0a6c8ca01d20546a84a06bf649a595fa24eea04481a8b0833fb636,revised,8,2026-10-03T04:14:16.922332+00:00,False,ko-codex-v1
bsv03c,B,2754e8a045fb3ce652a204782deb21b3c404434a49923ef3feb6b0d3e18d039b,1cb9f86de4285be5f9091182953dea74c7f7abe05bf032776895d5d570b63293,1cb9f86de4285be5f9091182953dea74c7f7abe05bf032776895d5d570b63293,revised,2,2026-10-03T01:29:14.176638+00:00,False,ko-codex-v1
bt7gec,A,708e22fdcf0f407d305ffb5baf839ae919531975116e038e01353092efb2f0b2,d0a83496a22230ecdd92d8589ab689fefc888d73b76368cfb895711b972f20e4,d0a83496a22230ecdd92d8589ab689fefc888d73b76368cfb895711b972f20e4,revised,2,2026-10-02T22:41:10.328839+00:00,False,ko-codex-v1
bt7gec,B,359c98121f7207e82bf0a776814a6bc898d34c7d7af50bfc908f0f03f8b29d1f,a3bf2ac25f8beed7c13fb1fe0a4623a13dd2ceaf03391079abcbd7b0799d550c,a3bf2ac25f8beed7c13fb1fe0a4623a13dd2ceaf03391079abcbd7b0799d550c,revised,3,2026-10-02T21:45:09.122314+00:00,False,ko-codex-v1
bt906j,A,1a0b7b1e360820e3b38eeb65584f28270ff130527e179365f39d43f72686d858,db3dd24de0de261c1b910189b4edb138c815dd781f948dff25c517a489f55108,db3dd24de0de261c1b910189b4edb138c815dd781f948dff25c517a489f55108,revised,3,2026-10-03T05:10:59.249024+00:00,False,ko-codex-v1
bt906j,B,17b5b7a076a04f77b6170e0fe3ea3fef208b51df9363813e11fd0d2eedb6cb1e,ee8a2e5235a17cf1f69c5d6618919c794e617678f9bdbf4d9f4c5b9c8cd02e31,ee8a2e5235a17cf1f69c5d6618919c794e617678f9bdbf4d9f4c5b9c8cd02e31,revised,3,2026-10-02T23:13:43.448384+00:00,False,ko-codex-v1
btbehz,A,2993a235ffdefe9a0a5e07801de06f0ebaf07e91938f982008a8f8940204d2e6,768609a3f28dafbfbb23f3b6be39630d86a08cd9918ff3b1e36ab454a65f9431,768609a3f28dafbfbb23f3b6be39630d86a08cd9918ff3b1e36ab454a65f9431,revised,5,2026-10-03T11:57:26.567879+00:00,False,ko-codex-v1
btbehz,B,22808844a9717f0f5f77a7b5e208b3964909e4bd63f50cef92eff219fd7e5673,4968b785de562699988877fe926979b69c4a8e57c8dd437161b229c0130eadab,4968b785de562699988877fe926979b69c4a8e57c8dd437161b229c0130eadab,revised,2,2026-10-03T06:40:10.713531+00:00,False,ko-codex-v1
btd1n3,A,a0812cab61a33a18c5f61b724fe7a4f8230ad638c65b353a33f6ebae13bf1c92,f4e6891685d5da9234c56be7513aaee80c839976f27364c90e271d277e373671,f4e6891685d5da9234c56be7513aaee80c839976f27364c90e271d277e373671,revised,1,2026-10-03T05:08:01.082620+00:00,False,ko-codex-v1
btd1n3,B,5094c5d7c60fee38edd25378b307f54204df0dba455afc9e41ca7a7820cfe938,90a2487f0a990e1db23380c3e656e713d8873ae628f6182c26d5c345179f1e33,90a2487f0a990e1db23380c3e656e713d8873ae628f6182c26d5c345179f1e33,revised,1,2026-10-03T11:38:31.303657+00:00,False,ko-codex-v1
btejal,A,ea921eec165d7c3b90e0d411414f47200f7aa8fb3476d2f5a466f5ff88725719,176d31bed88a58b7489028179418d408376046c71dcf52dacd54c8aa6e338d2a,176d31bed88a58b7489028179418d408376046c71dcf52dacd54c8aa6e338d2a,revised,3,2026-10-03T04:28:03.697327+00:00,False,ko-codex-v1
btejal,B,cd68bd83cce3bef41cab1eb8e9d035f059c2b537b93114eda16611380d14a750,95d338b1645a623611b42d274ff3541fb8cdee8ce5ac22eccfd76a14f5525ab9,95d338b1645a623611b42d274ff3541fb8cdee8ce5ac22eccfd76a14f5525ab9,revised,4,2026-10-03T00:52:37.349477+00:00,False,ko-codex-v1
bth7l8,A,b49cfa80dc03e9c6710b0b86cb0043829cba0a2a32dc6dd928b11a1a510bf53c,3d8a7e7e3beec2df8829b93f496a745aeb43c9a19749869caaf7b3c2be5b6b94,3d8a7e7e3beec2df8829b93f496a745aeb43c9a19749869caaf7b3c2be5b6b94,revised,6,2026-10-03T07:22:14.510792+00:00,False,ko-codex-v1
bth7l8,B,8b7c9249b185d50c698232b272cb0ca3d2368adef8f210b80990056666b8804a,63d6f0dbd90a137af2d2dc4d58bf0b5f2fe26b97f0bf982bcd628e77bdc95e85,63d6f0dbd90a137af2d2dc4d58bf0b5f2fe26b97f0bf982bcd628e77bdc95e85,revised,3,2026-10-03T01:58:43.532954+00:00,False,ko-codex-v1
bti9qq,A,a91b898048261ef3c529a1231a16ae6052e4fe4bc27d118ff8e8fbfa9cd9e795,d2f434bcc29068977b3007b9a1c9c1a864e400c8673526be93194829275ba07b,d2f434bcc29068977b3007b9a1c9c1a864e400c8673526be93194829275ba07b,revised,6,2026-10-03T00:50:45.201789+00:00,False,ko-codex-v1
bti9qq,B,d417763538ce52aa01efe9dd0a6e2ce8bd984f3c5e7caaa47ff989075ee058c2,98b905515f025c87ecf3be3068d6f4fe67f32310b11cd0d48335696e196bd364,98b905515f025c87ecf3be3068d6f4fe67f32310b11cd0d48335696e196bd364,revised,1,2026-10-03T00:34:19.504955+00:00,False,ko-codex-v1
btyai7,A,df2ea2ebd7ff9eaa012d8f04b03c16f0b484da59465a52361df4e543bf7416ee,7bd5e9ef7edc22dcd1cc744e270bf8772c46a6f2bdb81ab06101cd1ae12d9480,7bd5e9ef7edc22dcd1cc744e270bf8772c46a6f2bdb81ab06101cd1ae12d9480,revised,5,2026-10-03T01:23:48.622359+00:00,False,ko-codex-v1
btyai7,B,61129016f2877789258427e9279c53ea080db5fa7930516a1eb8adf4ea00f9ca,abb8d9e90a8b255ba4c4ccd76064081b6bf2e6e08f419182fe468b6cf978e2e7,abb8d9e90a8b255ba4c4ccd76064081b6bf2e6e08f419182fe468b6cf978e2e7,revised,4,2026-10-03T00:56:25.275882+00:00,False,ko-codex-v1
bu6twe,A,ba1317d9812dbbda5f300bfb510ded5fde0ae1ec5d8e20f55406036328dce85e,ba1317d9812dbbda5f300bfb510ded5fde0ae1ec5d8e20f55406036328dce85e,ba1317d9812dbbda5f300bfb510ded5fde0ae1ec5d8e20f55406036328dce85e,pass,0,2026-10-03T01:28:18.734851+00:00,False,ko-codex-v1
bu6twe,B,6cc4f5b2c05a44186669f5c7e12a59d5f6cbcbcba3e2d46dbd840df5cad3b4a9,6cc4f5b2c05a44186669f5c7e12a59d5f6cbcbcba3e2d46dbd840df5cad3b4a9,6cc4f5b2c05a44186669f5c7e12a59d5f6cbcbcba3e2d46dbd840df5cad3b4a9,pass,0,2026-10-03T11:23:39.877990+00:00,False,ko-codex-v1
bu7ui9,A,42de5010f5e94eefb88332f7c9a8d7cf2c75231ff69abb53881cb38827ee335d,c0dcd232b5d868e8e2f27d520a60138bc2e6a85ec76dfc92beeba110c4a145e8,c0dcd232b5d868e8e2f27d520a60138bc2e6a85ec76dfc92beeba110c4a145e8,revised,4,2026-10-03T06:38:56.498005+00:00,False,ko-codex-v1
bu7ui9,B,ec8e2d33e2ead941523300b4f56645bbde52efd6fa3ad43edba81e93f9b562ec,91cbd267e128ac078be934893b819a3f48e746d7bc9a744f2ed6c56a87db73c3,91cbd267e128ac078be934893b819a3f48e746d7bc9a744f2ed6c56a87db73c3,revised,4,2026-10-02T22:45:57.858275+00:00,False,ko-codex-v1
bu8y44,A,ecf57d35c4b820a45775c66ba74ddacec15507a237c1508f632c40e51dd2ebfe,b650b3212584df840877facfe5ecc2f11c7ba82b7b986d0719dd2dcf88f837ca,b650b3212584df840877facfe5ecc2f11c7ba82b7b986d0719dd2dcf88f837ca,revised,5,2026-10-03T04:42:51.040324+00:00,False,ko-codex-v1
bu8y44,B,d248061399f286d59b1261b5b84d73a56235dda84ca5657eaa070ae0b1501ec5,ec2910c807054d976b91ac491cc63d15e98b4fc4e5c1f04652f11a108634ec98,ec2910c807054d976b91ac491cc63d15e98b4fc4e5c1f04652f11a108634ec98,revised,2,2026-10-03T05:27:34.982746+00:00,False,ko-codex-v1
bucptl,A,8bfe3b27ad4ea646f569dc0c211581e6e9b4fd06fbf6d3eb907e66ac31cf2770,35879988a97d8407bf42db01a460474b7f9c6e0d6f27b9a8dac0004be8533753,35879988a97d8407bf42db01a460474b7f9c6e0d6f27b9a8dac0004be8533753,revised,5,2026-10-02T21:25:13.290392+00:00,False,ko-codex-v1
bucptl,B,0787edafb5ed1e1b1825dc361cfaae0b3189336c724bb99f7e6028c443564491,0787edafb5ed1e1b1825dc361cfaae0b3189336c724bb99f7e6028c443564491,0787edafb5ed1e1b1825dc361cfaae0b3189336c724bb99f7e6028c443564491,pass,0,2026-10-03T06:02:47.565343+00:00,False,ko-codex-v1
bugici,A,83474c4980b0fcf642590cc608c9047d659b14619f98c38fef2fb991c9d5cd33,8b3d49fe2bc18974ddc1837843094f0c4038038c6a71b2037c3901a60416ae5d,8b3d49fe2bc18974ddc1837843094f0c4038038c6a71b2037c3901a60416ae5d,revised,3,2026-10-03T06:42:02.134237+00:00,False,ko-codex-v1
bugici,B,bf36c317c8d5a5f4b17ea3ae9950090eb19e922a07d226a045610ad394d8573a,8a8651cd9eaae0be3ec904ddf413fa5200d48ab0fd131b8fec0ecfa05d2ba845,8a8651cd9eaae0be3ec904ddf413fa5200d48ab0fd131b8fec0ecfa05d2ba845,revised,2,2026-10-03T06:19:35.664659+00:00,False,ko-codex-v1
buh3pu,A,53069d4169c17b775757ebc49f93c5bbbcc37885381a8d44c08c37f5227417e2,b9eaaf38b64ecd430b5d6df8a5daed41e01736031a806a83ec792efd22b8bc69,b9eaaf38b64ecd430b5d6df8a5daed41e01736031a806a83ec792efd22b8bc69,revised,4,2026-10-03T01:24:39.086953+00:00,False,ko-codex-v1
buh3pu,B,ca0feccefc3e186467da9fb68897d605bc8061e3d412b112e8dd5bc96ac61015,ca0feccefc3e186467da9fb68897d605bc8061e3d412b112e8dd5bc96ac61015,ca0feccefc3e186467da9fb68897d605bc8061e3d412b112e8dd5bc96ac61015,pass,0,2026-10-02T22:16:18.842786+00:00,False,ko-codex-v1
buhten,A,00716289037cfb6a7b421b1a422c292a3cacc4b1e6c195efc1e1918e49e6d68b,970d57d1038bb56294c7747394edef1c8e25cef5118e59c13d7f91cfa51438ca,970d57d1038bb56294c7747394edef1c8e25cef5118e59c13d7f91cfa51438ca,revised,5,2026-10-03T00:36:11.341742+00:00,False,ko-codex-v1
buhten,B,ee3c639c7f8daa97f3644fc442acf1eefde36db2afe87acb8e107734fb4c12ef,ee3c639c7f8daa97f3644fc442acf1eefde36db2afe87acb8e107734fb4c12ef,ee3c639c7f8daa97f3644fc442acf1eefde36db2afe87acb8e107734fb4c12ef,pass,0,2026-10-02T21:08:42.393928+00:00,False,ko-codex-v1
buno6c,A,36a38c89ce969ea17cd101420c5f382d649bfc17fed91c6f9862c8893569dc37,cf5021c5b3ac3ee239b0ff790d896ff79a8ae76560d9ff86d9caa487b7b20560,cf5021c5b3ac3ee239b0ff790d896ff79a8ae76560d9ff86d9caa487b7b20560,revised,1,2026-10-03T07:39:22.661652+00:00,False,ko-codex-v1
buno6c,B,4b80310e60897ba364e37abbb591f816185bf5d814f34f8352d1b7d2ad561478,aa77bc65e8334175be3736a60ffc34066b15667b2c5f08782eef3a2e637dc825,aa77bc65e8334175be3736a60ffc34066b15667b2c5f08782eef3a2e637dc825,revised,2,2026-10-03T06:01:09.950190+00:00,False,ko-codex-v1
buw82b,A,bee5b3605cd5c4598a3936a9fd52bf6dc12437b5a7d81232d93d77fe0ae39432,40213ec38b71caf283af99621af6a8ea4cd77a32f47f7b0f37e273115ff8b6e9,40213ec38b71caf283af99621af6a8ea4cd77a32f47f7b0f37e273115ff8b6e9,revised,5,2026-10-02T23:04:55.279643+00:00,False,ko-codex-v1
buw82b,B,8e9ac701ad567ef30ed44294ec5944c7380abd63b6549dcb91a079fd82fdc15b,9d5022001aa077e06665eefc6dad9b67d5a9f2873df8cb1ceb1a1b683e735a12,9d5022001aa077e06665eefc6dad9b67d5a9f2873df8cb1ceb1a1b683e735a12,revised,3,2026-10-03T08:37:13.683985+00:00,False,ko-codex-v1
bv9176,A,5dd9ba1c09277fb6fadc1e0212b3ab4825e32812bd9b738cf0dcadffd4b2a242,85230581bbb042d06e5ce99df8197cebba6013dde54a3cbc9f26893d7c814f43,85230581bbb042d06e5ce99df8197cebba6013dde54a3cbc9f26893d7c814f43,revised,1,2026-10-03T05:19:56.643863+00:00,False,ko-codex-v1
bv9176,B,7e5c375d4faeda9682e8d5bd93a4668b5babf6833ac8c6c8ed607af0e6a7ede7,1f0b52a5391417426154c961d8a395319c1a4e5db38694623a374d96f7bae1e4,1f0b52a5391417426154c961d8a395319c1a4e5db38694623a374d96f7bae1e4,revised,1,2026-10-03T00:28:46.240229+00:00,False,ko-codex-v1
bv9qdq,A,2ffeaf12aec466cb68f6004bd7829016d2ac66f28e15a39ef7b39bf496a69636,e12b37f36d25bc8d669674b6c958195652334061ef3cb90af24799f3de4bd9c8,e12b37f36d25bc8d669674b6c958195652334061ef3cb90af24799f3de4bd9c8,revised,4,2026-10-02T22:40:08.676616+00:00,False,ko-codex-v1
bv9qdq,B,1dc1cee26666a2bf1a0a70738ec460c9d5cf191a40fe96218325ce060539ad6c,92b0e82293d2643c39f223d9c508aefc782a3d90589e63bb075add24ea163ba7,92b0e82293d2643c39f223d9c508aefc782a3d90589e63bb075add24ea163ba7,revised,3,2026-10-03T04:20:32.065712+00:00,False,ko-codex-v1
bv9tzj,A,10e07ca33c9a07bbd4872c74e872f476013f802611d0c6a1fc05ff097c915071,0431d1d1dc11197200bc790826c73fa375be498063c1919947c14ff58d4b06a7,0431d1d1dc11197200bc790826c73fa375be498063c1919947c14ff58d4b06a7,revised,1,2026-10-03T00:37:29.225511+00:00,False,ko-codex-v1
bv9tzj,B,0c43db08e86976f964b7ae69431a4bd483c887c5fdd512b57117a3370287aff4,1fd7f2558473a83be641062f812ceb9d730044eee955efc2521787c7976249ab,1fd7f2558473a83be641062f812ceb9d730044eee955efc2521787c7976249ab,revised,2,2026-10-03T06:34:41.482175+00:00,False,ko-codex-v1
bvc3h1,A,4b817681db0cace0bdcb3feeb6586cfc14080c761166222d46cc391756d7bcc4,a4ac23a4e4e75796f3b755551d504dd7eb641e91376bd3e1d6fa7d3f7f4db614,a4ac23a4e4e75796f3b755551d504dd7eb641e91376bd3e1d6fa7d3f7f4db614,revised,4,2026-10-02T22:13:43.650467+00:00,False,ko-codex-v1
bvc3h1,B,75f768f14105ccddb01c2caeb6314950247489e60573bacd7a2b5d01a3442c9f,75f768f14105ccddb01c2caeb6314950247489e60573bacd7a2b5d01a3442c9f,75f768f14105ccddb01c2caeb6314950247489e60573bacd7a2b5d01a3442c9f,pass,0,2026-10-03T02:35:14.801959+00:00,False,ko-codex-v1
bvdneh,A,0fcfeb672ad9f041f017b47e3745e08248213947c55149c1226364aa45c979df,25d0246e4e5a1d830c4a34ec006f2aa121cb1acc2362971b3a770ceb3405ab87,25d0246e4e5a1d830c4a34ec006f2aa121cb1acc2362971b3a770ceb3405ab87,revised,3,2026-10-02T22:36:34.315336+00:00,False,ko-codex-v1
bvdneh,B,0d10be7dacb0a7496afb524d437b414d0cf59e9794fbcc9cfa19ec64852e6a23,40e6c6da66ec3038ea31a9fd90580e3bcd6b53278fc30ad3e4273f083e394f8f,40e6c6da66ec3038ea31a9fd90580e3bcd6b53278fc30ad3e4273f083e394f8f,revised,5,2026-10-03T12:35:56.813853+00:00,False,ko-codex-v1
bvhjst,A,9e93465f7f26c5bfc6a786684a6cb0582e1b86a1461a8ab27554f6195cace2b7,9e93465f7f26c5bfc6a786684a6cb0582e1b86a1461a8ab27554f6195cace2b7,9e93465f7f26c5bfc6a786684a6cb0582e1b86a1461a8ab27554f6195cace2b7,pass,0,2026-10-03T01:35:21.745288+00:00,False,ko-codex-v1
bvhjst,B,9f0895014e3b448a31c51b7f684a76613bbc3a6e8fe0d5d981e40c8f6054aa04,05e9433f577b50e2595a6b03f1e6d3151ae0a95cbd6a1136bf517a1380eadea6,05e9433f577b50e2595a6b03f1e6d3151ae0a95cbd6a1136bf517a1380eadea6,revised,2,2026-10-03T05:07:34.472103+00:00,False,ko-codex-v1
bvjh9y,A,425e73d038a2adabe330430905446fe4d338f69ba45ce7fccf72a9a5e69c2387,425e73d038a2adabe330430905446fe4d338f69ba45ce7fccf72a9a5e69c2387,425e73d038a2adabe330430905446fe4d338f69ba45ce7fccf72a9a5e69c2387,pass,0,2026-10-02T23:14:41.876227+00:00,False,ko-codex-v1
bvjh9y,B,47b8d5195e3b4f4270716823797fdfed1e01825d9f3b617831511a212af76609,47b8d5195e3b4f4270716823797fdfed1e01825d9f3b617831511a212af76609,47b8d5195e3b4f4270716823797fdfed1e01825d9f3b617831511a212af76609,pass,0,2026-10-03T04:53:14.322543+00:00,False,ko-codex-v1
bvr1aq,A,58ab15959268871d04c5ed5fdded884e233f185ccc6e35c37212a3483419662c,c14d69e169a5a3273c8b838c0a2504ce02ec4fd93679ab5e641a284eb8c67c7e,c14d69e169a5a3273c8b838c0a2504ce02ec4fd93679ab5e641a284eb8c67c7e,revised,2,2026-10-02T22:54:35.839245+00:00,False,ko-codex-v1
bvr1aq,B,10a01397a2af80ddc50bd73798124975356da2a32975f6229f7eb5de3810b36f,10a01397a2af80ddc50bd73798124975356da2a32975f6229f7eb5de3810b36f,10a01397a2af80ddc50bd73798124975356da2a32975f6229f7eb5de3810b36f,pass,0,2026-10-03T10:42:57.059255+00:00,False,ko-codex-v1
bvz8oo,A,8a066804d782cf42e6899f460c3a652072997fa30dfb0a3097c459bb7f9afc28,8a066804d782cf42e6899f460c3a652072997fa30dfb0a3097c459bb7f9afc28,8a066804d782cf42e6899f460c3a652072997fa30dfb0a3097c459bb7f9afc28,pass,0,2026-10-03T03:59:21.035710+00:00,False,ko-codex-v1
bvz8oo,B,1aca13aea903b7bcde130058ce4ccffedbf7626256a0bc0c5d485e0558bdb8e8,9b20477059f02cd0a7c53801dfd4642c774a5b88d45665f229ac8344d6768a10,9b20477059f02cd0a7c53801dfd4642c774a5b88d45665f229ac8344d6768a10,revised,2,2026-10-03T08:28:57.517981+00:00,False,ko-codex-v1
bw1b51,A,20c5ed3dad20bedea2caa6ef7ebb64ec0a8e1121a63c14a0d2443939dc7ab0b5,20c5ed3dad20bedea2caa6ef7ebb64ec0a8e1121a63c14a0d2443939dc7ab0b5,20c5ed3dad20bedea2caa6ef7ebb64ec0a8e1121a63c14a0d2443939dc7ab0b5,pass,0,2026-10-03T02:53:58.494527+00:00,False,ko-codex-v1
bw1b51,B,9942f5b07c1be2142b05ec625f89aca3c52a4eb63e4cbb1dfae49f3f523c5990,13c229a0a24cd0043c87c2c25934ce8b03c01eca8d279de6ce28d1c1566aaef8,13c229a0a24cd0043c87c2c25934ce8b03c01eca8d279de6ce28d1c1566aaef8,revised,3,2026-10-03T01:54:53.481300+00:00,False,ko-codex-v1
bw2872,A,3d575bb5dfe703badbc1377afe31e3e4880e7dc070dae7a61a651db3343d52e2,f4e8e8c300956bf01ccd2427770963eeb0f18983a459d5c94e22a5858e47ea49,f4e8e8c300956bf01ccd2427770963eeb0f18983a459d5c94e22a5858e47ea49,revised,3,2026-10-02T23:40:28.675824+00:00,False,ko-codex-v1
bw2872,B,285198f01f0914a2a01e04cb0dec5caba225561cb1de1a54c8af8262ecdfa331,08d7f787f569dc0ebccbc7e03f175231d53b0f61b1b02cc9bdf4f10832b2df56,08d7f787f569dc0ebccbc7e03f175231d53b0f61b1b02cc9bdf4f10832b2df56,revised,3,2026-10-03T05:27:23.174712+00:00,False,ko-codex-v1
bw4b8d,A,11b080194a034fa464fc1054341752a9015eacd61a501ce31c136786629bc64d,1cc30adddc0e142c6241c29a35e1f9397b80894c37d43675f4f61cbe78ba0a2c,1cc30adddc0e142c6241c29a35e1f9397b80894c37d43675f4f61cbe78ba0a2c,revised,1,2026-10-03T06:47:06.769681+00:00,False,ko-codex-v1
bw4b8d,B,967072dea6d6656e8d01550ca8a3c993192670a5f3bdf59ba482b4f5a587dbfe,967072dea6d6656e8d01550ca8a3c993192670a5f3bdf59ba482b4f5a587dbfe,967072dea6d6656e8d01550ca8a3c993192670a5f3bdf59ba482b4f5a587dbfe,pass,0,2026-10-03T11:08:15.516064+00:00,False,ko-codex-v1
bw4luh,A,605c734ca98502b21136289d9c2486169181aeb876867ded83aef17aeb02afa4,a84486ba8f3c42fd08786d7d4660fa730bf6b95bac8097e74808dfd5a51f1d89,a84486ba8f3c42fd08786d7d4660fa730bf6b95bac8097e74808dfd5a51f1d89,revised,5,2026-10-03T08:36:17.573877+00:00,False,ko-codex-v1
bw4luh,B,4b0802a6d7cad9e251783e1620d171273e79a396b6e306c04a205e2dffb6d2d5,4b0802a6d7cad9e251783e1620d171273e79a396b6e306c04a205e2dffb6d2d5,4b0802a6d7cad9e251783e1620d171273e79a396b6e306c04a205e2dffb6d2d5,pass,0,2026-10-03T02:18:39.732420+00:00,False,ko-codex-v1
bw7c9b,A,616e0812d9875be92e46e0e06d4eab88fe49328143c918a715271870b2f82be2,37434e535e81147bddab98b07c3ee4bfe85069e0f735dcbdde5261763cea2145,37434e535e81147bddab98b07c3ee4bfe85069e0f735dcbdde5261763cea2145,revised,2,2026-10-02T21:33:42.453849+00:00,False,ko-codex-v1
bw7c9b,B,f9180f9a4cdaaa85fa8c64b266c874777c68bafe37bb3016263d851bb0cf0680,f9180f9a4cdaaa85fa8c64b266c874777c68bafe37bb3016263d851bb0cf0680,f9180f9a4cdaaa85fa8c64b266c874777c68bafe37bb3016263d851bb0cf0680,pass,0,2026-10-02T23:10:19.634228+00:00,False,ko-codex-v1
bw7qrc,A,c2c9197147ce40fb89394d63fa9bf9852f4c54bc9d20a9d7f98a6499849d8e41,c2c9197147ce40fb89394d63fa9bf9852f4c54bc9d20a9d7f98a6499849d8e41,c2c9197147ce40fb89394d63fa9bf9852f4c54bc9d20a9d7f98a6499849d8e41,pass,0,2026-10-03T02:41:14.562123+00:00,False,ko-codex-v1
bw7qrc,B,fe3ecff9466e5016402b0015d657c4b1abcd0abea7e29b05d4eddd22b9ee4154,ff411a0c791c4f1eef30db9e5a524d41490fada0c953e45521cee391b61f523d,ff411a0c791c4f1eef30db9e5a524d41490fada0c953e45521cee391b61f523d,revised,1,2026-10-02T22:00:55.569199+00:00,False,ko-codex-v1
bw8l90,A,eb382075df93cacc661a094423261117f6e39fbf62e4161f92ec1bd0be1ed362,b01bcab136c0c4c162f3e888d5d7830163545e4b72ded0d70a5dad64776b452c,b01bcab136c0c4c162f3e888d5d7830163545e4b72ded0d70a5dad64776b452c,revised,2,2026-10-03T00:40:00.336157+00:00,False,ko-codex-v1
bw8l90,B,a3a8446f4f640b8d000ffd88b9cfbf50ec12dfc125cf15b39ac783845240f41d,3bf50253c95dc280d4adf7e4b17ba9a4b521172db74c04337d001fa4576391da,3bf50253c95dc280d4adf7e4b17ba9a4b521172db74c04337d001fa4576391da,revised,4,2026-10-03T08:31:50.556727+00:00,False,ko-codex-v1
bwgetq,A,dff267026fcbaab9f9bf7a2dd225be20e16856e9b3c8bfdfc532961ade845e21,e6abcdc917388c28fdf3a66fb3d814a274a3a53712c61b4e968a8ca72fd8a30b,e6abcdc917388c28fdf3a66fb3d814a274a3a53712c61b4e968a8ca72fd8a30b,revised,3,2026-10-03T04:31:30.252961+00:00,False,ko-codex-v1
bwgetq,B,50aba8134d3235e36bd40746fd1d10dca479f00c9fa6695010f1e604b183093f,50aba8134d3235e36bd40746fd1d10dca479f00c9fa6695010f1e604b183093f,50aba8134d3235e36bd40746fd1d10dca479f00c9fa6695010f1e604b183093f,pass,0,2026-10-03T05:13:53.234124+00:00,False,ko-codex-v1
bwkzce,A,cbb31099c4e47f13b24538e0d3e96ebac51e2b35699b50fcd89159b7343b28f3,cbb31099c4e47f13b24538e0d3e96ebac51e2b35699b50fcd89159b7343b28f3,cbb31099c4e47f13b24538e0d3e96ebac51e2b35699b50fcd89159b7343b28f3,pass,0,2026-10-03T04:28:56.738350+00:00,False,ko-codex-v1
bwkzce,B,daadf77d3002d467d6c5e1fde7ea70719f40aa0a12dc090657430e17488eae0b,daadf77d3002d467d6c5e1fde7ea70719f40aa0a12dc090657430e17488eae0b,daadf77d3002d467d6c5e1fde7ea70719f40aa0a12dc090657430e17488eae0b,pass,0,2026-10-02T22:11:46.720025+00:00,False,ko-codex-v1
bwsgcv,A,483c40954e0fa1054ac2b5017abcfca75544d0aa3ad3688790070090a6c3aea0,3b0ba75904e95cce73b989f4e30c868a182ebddb17ee3b38dda0d1676589bb08,3b0ba75904e95cce73b989f4e30c868a182ebddb17ee3b38dda0d1676589bb08,revised,2,2026-10-03T02:50:47.204471+00:00,False,ko-codex-v1
bwsgcv,B,6d49ca6b0d5bc4363f18b320a42fbb95907939e0ff520a80953113941fb53841,6d49ca6b0d5bc4363f18b320a42fbb95907939e0ff520a80953113941fb53841,6d49ca6b0d5bc4363f18b320a42fbb95907939e0ff520a80953113941fb53841,pass,0,2026-10-03T07:54:02.585707+00:00,False,ko-codex-v1
bwwzkx,A,61cdc179b8c250019a5778eeeb87009e1cc0db29835912396d7cae701624899f,f0877aabe63574e55498eb87d20ebd8dacd4b06bb99a748fc4037dedaa56782f,f0877aabe63574e55498eb87d20ebd8dacd4b06bb99a748fc4037dedaa56782f,revised,2,2026-10-03T06:46:59.086556+00:00,False,ko-codex-v1
bwwzkx,B,5454b6d421c63e38e8b177a6dbadfba0d076cdd4c698b68c6132eb604cb124c6,53432a5e66ddca185f1a07acb3a3cc241b9e2603d6c8af2f6b4b548db0f7abef,53432a5e66ddca185f1a07acb3a3cc241b9e2603d6c8af2f6b4b548db0f7abef,revised,4,2026-10-03T10:41:51.579018+00:00,False,ko-codex-v1
bwwzyl,A,08bb86d843b925f8a3ac888374899156a6c5e079b2216b3ed86e79cbb8af2d67,08bb86d843b925f8a3ac888374899156a6c5e079b2216b3ed86e79cbb8af2d67,08bb86d843b925f8a3ac888374899156a6c5e079b2216b3ed86e79cbb8af2d67,pass,0,2026-10-03T04:21:02.181210+00:00,False,ko-codex-v1
bwwzyl,B,281e1e552374661232a3ba1d92d2e2ec174d5875d22efc05469ecae4750a3ff4,019d9a2e0ca009dad71b307ec2afd6e2710d388c7e91893dec9c05d7abde3e72,019d9a2e0ca009dad71b307ec2afd6e2710d388c7e91893dec9c05d7abde3e72,revised,3,2026-10-03T01:01:40.634564+00:00,False,ko-codex-v1
bwxzar,A,f967e8d677fc9c9b11a7d5070d21d88612af117341f6c6afcf04c0ffa55906bb,4274047e5d29b2cad33c21d52e6225bea9d39f86a5fccab2fcc75cbef9a15cd1,4274047e5d29b2cad33c21d52e6225bea9d39f86a5fccab2fcc75cbef9a15cd1,revised,4,2026-10-03T04:05:10.308248+00:00,False,ko-codex-v1
bwxzar,B,bd32138984ea3c1f414efd97b05a6c3e29858719c66eebb89bf7d172d53fa6a7,da404a6b498b64025f22a24bfb5fee35e2ca028a15a66d063e50014afb041016,da404a6b498b64025f22a24bfb5fee35e2ca028a15a66d063e50014afb041016,revised,3,2026-10-03T00:49:00.203177+00:00,False,ko-codex-v1
bwz0j8,A,2baa30a92b471dbfd0e3f3fe11623bbd6664078469bfc3374e0ad5f0cf11f3c3,18e160794a07a1d4a04f4072b21290744279b6f4a0a98439fc398c9d837b09b0,18e160794a07a1d4a04f4072b21290744279b6f4a0a98439fc398c9d837b09b0,revised,2,2026-10-03T01:20:11.069320+00:00,False,ko-codex-v1
bwz0j8,B,08a6fc8922ad796bfdb203d69eb3484eaa94314413136270f6f16a4714f58654,e9da56a147f6edd7f938636bb87d4945920f364872c43e4559e66da754f5ca3a,e9da56a147f6edd7f938636bb87d4945920f364872c43e4559e66da754f5ca3a,revised,5,2026-10-03T05:24:09.130633+00:00,False,ko-codex-v1
bx3ysm,A,124a8da542598c0b40d229c431bff639e04d335f54d0cfa43f7255b4b5ba3a88,9b56a27ab64b3bbdbd042200532db0e86580c6bf5bfdc1c36cbb2abe1194dff1,9b56a27ab64b3bbdbd042200532db0e86580c6bf5bfdc1c36cbb2abe1194dff1,revised,3,2026-10-03T02:09:12.819532+00:00,False,ko-codex-v1
bx3ysm,B,896aa4e60b20846be765991f47adc7f6a5bd61d6df68fef0d88949d95ec76243,27ac2458118c1394b40854b6baab4afe628a6123c8663569b50c3a4bcc8c3806,27ac2458118c1394b40854b6baab4afe628a6123c8663569b50c3a4bcc8c3806,revised,1,2026-10-02T21:11:30.271123+00:00,False,ko-codex-v1
bx5vaq,A,f61e4ed6205b1820ccb4ab18d7340fbf23c9c73400cc6230755d077e89b4f311,f61e4ed6205b1820ccb4ab18d7340fbf23c9c73400cc6230755d077e89b4f311,f61e4ed6205b1820ccb4ab18d7340fbf23c9c73400cc6230755d077e89b4f311,pass,0,2026-10-03T01:11:29.981833+00:00,False,ko-codex-v1
bx5vaq,B,7750d49113a83c53d95855f45b99cd804dcb65c0e236989e605ab8741b05d2dd,0958d9ba03bd78af13e8a0cfb63f1fb613ac6f6fd1621d703ce69b57bf3acc45,0958d9ba03bd78af13e8a0cfb63f1fb613ac6f6fd1621d703ce69b57bf3acc45,revised,3,2026-10-03T05:04:18.253515+00:00,False,ko-codex-v1
bx73jn,A,dac83dc20d296d7b4868a2c8afa7e495d1d6bba89bebb228cf8bf762b91ab57d,28442d8e87af6b3b3e688eb7463ec83813f2ea2c01a44e107486e001fb993b35,28442d8e87af6b3b3e688eb7463ec83813f2ea2c01a44e107486e001fb993b35,revised,3,2026-10-03T12:19:34.924683+00:00,False,ko-codex-v1
bx73jn,B,ef93a7d0e6ac75ed4fda81868db4da6cd15671fba7f8747c95043beac67942c9,ef93a7d0e6ac75ed4fda81868db4da6cd15671fba7f8747c95043beac67942c9,ef93a7d0e6ac75ed4fda81868db4da6cd15671fba7f8747c95043beac67942c9,pass,0,2026-10-02T21:21:30.816339+00:00,False,ko-codex-v1
bxm3pt,A,fdadc9c1a95dc91ed2a8aefdcdf228ca5d71bdeae256e10dff04aca299ebec18,27e9326f381598d08a5f82b94cd65b5657bde9fbc79408b6d785de32882e9b30,27e9326f381598d08a5f82b94cd65b5657bde9fbc79408b6d785de32882e9b30,revised,2,2026-10-03T08:22:20.374858+00:00,False,ko-codex-v1
bxm3pt,B,9506ecfcf0431a36926f8d8398711bc9d19b0f67b8b8350ff3eec2ca28a05505,cce8b61a85e7646ed6c856ed80e60b411508556586c155130721d46031c92910,cce8b61a85e7646ed6c856ed80e60b411508556586c155130721d46031c92910,revised,5,2026-10-02T22:21:27.227513+00:00,False,ko-codex-v1
bxujuf,A,cf40997fde8e911050340d8ce9805345b192648902b711c80e52f959fe87441a,4f173b9467481079442d2e2c0aeba911942a5b41dc0f42fc4a2ca655555c8eab,4f173b9467481079442d2e2c0aeba911942a5b41dc0f42fc4a2ca655555c8eab,revised,4,2026-10-03T07:37:29.012538+00:00,False,ko-codex-v1
bxujuf,B,e6364333a11625d91d50312c2cfc111bcd1ae393e9fb0b4b98b10e145cfd0220,e6364333a11625d91d50312c2cfc111bcd1ae393e9fb0b4b98b10e145cfd0220,e6364333a11625d91d50312c2cfc111bcd1ae393e9fb0b4b98b10e145cfd0220,pass,0,2026-10-03T08:51:10.189287+00:00,False,ko-codex-v1
bxzi4w,A,10c407ae80ef05f779838370949eb51a09a8cc7ae2404922f0aac518a1b964d7,379258c30d8a0c4b6db08419f81af854e12feec5b63737856750dfc100fba771,379258c30d8a0c4b6db08419f81af854e12feec5b63737856750dfc100fba771,revised,3,2026-10-02T22:54:40.740307+00:00,False,ko-codex-v1
bxzi4w,B,38ecaaea000e1eac374fee902e00b7871f7f9175bf700dced429e3d01e626fae,d19fa9c5d24f438650f8601d9a886b665642e9ccefd03638249be7960dacb445,d19fa9c5d24f438650f8601d9a886b665642e9ccefd03638249be7960dacb445,revised,4,2026-10-03T07:14:01.612950+00:00,False,ko-codex-v1
by0x62,A,90b21053d8f8ae14964cc533490bd4ed5f25fe9714aa3bee8020789cb640c5d9,6e85f62348ff001786b1e1ed30e70274994c6c076ad397f386784ff28fedd17a,6e85f62348ff001786b1e1ed30e70274994c6c076ad397f386784ff28fedd17a,revised,6,2026-10-02T22:35:30.120904+00:00,False,ko-codex-v1
by0x62,B,496b9a66fe34f2b474cf768005aa516b948e00a6bb1201170660375b95a5f6ef,496b9a66fe34f2b474cf768005aa516b948e00a6bb1201170660375b95a5f6ef,496b9a66fe34f2b474cf768005aa516b948e00a6bb1201170660375b95a5f6ef,pass,0,2026-10-03T12:11:04.691181+00:00,False,ko-codex-v1
by32bj,A,3fcd53fa131385e45f0680ae4a819ec469c7209183131c03deb5f62576e5d177,5b970820855776a577aa948720d014308c983794db9e0cac3ace25a467d2203f,5b970820855776a577aa948720d014308c983794db9e0cac3ace25a467d2203f,revised,1,2026-10-03T11:45:15.018642+00:00,False,ko-codex-v1
by32bj,B,01473800646aeaa8600af9fa67f62ab10f898845be343fdf97455ccb1b43aa80,f72e7d56bc855266920131580ad3b0a282ca8ee081329d42561ccbc87493d585,f72e7d56bc855266920131580ad3b0a282ca8ee081329d42561ccbc87493d585,revised,4,2026-10-03T03:12:23.493860+00:00,False,ko-codex-v1
by45vz,A,8990d14154e2dda22a4d058dc31dc1ca82a0834be684aadefd08118641dbb683,7ceb20095653ce4cddebebe249936cdb0f0652a89ec716f0c4bdc713b9221ac3,7ceb20095653ce4cddebebe249936cdb0f0652a89ec716f0c4bdc713b9221ac3,revised,4,2026-10-03T08:41:04.457521+00:00,False,ko-codex-v1
by45vz,B,31b4b42b8509e645ad5eec9942580ac42691a870cca7dec58fac10c825275ef7,b83b959ca08391ae76bb0ff30e5229ec52d276b74562c9f593a0a702814013dd,b83b959ca08391ae76bb0ff30e5229ec52d276b74562c9f593a0a702814013dd,revised,4,2026-10-02T23:42:43.322036+00:00,False,ko-codex-v1
by79ps,A,4e4b11e1c286f4a6650976ab94d238456b4575a1664b1624d6ea9d5afa8a0df8,79b9491c1b109a155107dd1691e6507ca8a10708c7cd3825b56fd91b4fa3170f,79b9491c1b109a155107dd1691e6507ca8a10708c7cd3825b56fd91b4fa3170f,revised,4,2026-10-03T01:05:30.925306+00:00,False,ko-codex-v1
by79ps,B,1e7dca293307570fe2424e44dc2bc7e68fb8020682b7f32e636aee541a50c3fb,82cdee98fac2379e4d0d8673b9654dd8fdd39946f751516b2b5003f5a0dcf9e4,82cdee98fac2379e4d0d8673b9654dd8fdd39946f751516b2b5003f5a0dcf9e4,revised,3,2026-10-03T11:55:31.131873+00:00,False,ko-codex-v1
byaijc,A,1a436fd441ad55be4c44f43a29cf907ff66ba7b982e4c8337ac038cb788e5605,0350299efeb4b3c54b399d841fef530de179c2e9a2407a94b792cc32471513a5,0350299efeb4b3c54b399d841fef530de179c2e9a2407a94b792cc32471513a5,revised,4,2026-10-03T02:57:24.087391+00:00,False,ko-codex-v1
byaijc,B,b90cfbd33f22d7e583da01f8c9c265aba3d7b68f79494428b247d178af450151,b90cfbd33f22d7e583da01f8c9c265aba3d7b68f79494428b247d178af450151,b90cfbd33f22d7e583da01f8c9c265aba3d7b68f79494428b247d178af450151,pass,0,2026-10-02T23:51:33.709865+00:00,False,ko-codex-v1
bybp7r,A,0dd256aca1aee638a158d874bc87a8a6c8269a456c0700cd8a391d7be385e98d,82c85fed43ecbec3943c80c25bd020a1971f3a3696b15bebf8eb2b649b43eed9,82c85fed43ecbec3943c80c25bd020a1971f3a3696b15bebf8eb2b649b43eed9,revised,5,2026-10-02T21:07:39.588755+00:00,False,ko-codex-v1
bybp7r,B,e78ba65601ecd8cc4508c743e254fb8551ed8357b9c7a3fccc1d02ac37ad2008,f17dcd6d4b7f24cf5470bd86af19c30bb95201db12712d17fe7b417b6ee5bb13,f17dcd6d4b7f24cf5470bd86af19c30bb95201db12712d17fe7b417b6ee5bb13,revised,1,2026-10-03T01:07:19.424134+00:00,False,ko-codex-v1
bygcg2,A,9959a4cf9d4831e3cead63f84f86566bdb40ff70231560ee9bab1a18b8e5c88f,4225ac253dbeabf2616ef7b2015bf0c9226c4233ca16cb00d4785895eb795301,4225ac253dbeabf2616ef7b2015bf0c9226c4233ca16cb00d4785895eb795301,revised,4,2026-10-03T03:34:26.481436+00:00,False,ko-codex-v1
bygcg2,B,7cb3d7fb90e9552d037222afb45668f80de0a454622aea5d761e5ba76366433c,ced21660fc9d1d64b5fdb3a684d9d72767902c9af888f4bf788085a99626961c,ced21660fc9d1d64b5fdb3a684d9d72767902c9af888f4bf788085a99626961c,revised,6,2026-10-03T02:26:52.741423+00:00,False,ko-codex-v1
byh9qc,A,5cef25b7e810ac2524f5c571beaa1b47d7f9701eb92b347aeb3d7984578657c3,65c5cd1e606c532b5c83ebaa61dac25e3dc257ee6d03f9b682e7498a9a3cad27,65c5cd1e606c532b5c83ebaa61dac25e3dc257ee6d03f9b682e7498a9a3cad27,revised,1,2026-10-03T08:22:57.845424+00:00,False,ko-codex-v1
byh9qc,B,a8e4e0d22f70edc5d8680a2a4d693ea490fb90249d066b77ece2ce17243aa17e,dbe6f0465f64f2c92ba172cb47fa312f9079e4f6fe4c2fd1e5691913527786cb,dbe6f0465f64f2c92ba172cb47fa312f9079e4f6fe4c2fd1e5691913527786cb,revised,1,2026-10-03T06:38:36.096904+00:00,False,ko-codex-v1
byhilc,A,0972f1a3b02a8577c3bb7e2de03a92de6d15b62b282c3b0b6f60f78d5f26c8ee,282aedeb0c6f2294edc97e66ac02b5e36b453ba80472b56d55880f3c3dbb2476,282aedeb0c6f2294edc97e66ac02b5e36b453ba80472b56d55880f3c3dbb2476,revised,2,2026-10-03T01:36:09.376154+00:00,False,ko-codex-v1
byhilc,B,3534cf6049e78bd774400d6d5b072daaa1abddc63cf6ecffb3bfad29eac14726,ed705cd9c7ffa142187edfbfeae703b33ba4c54ca43ed4df3e637cf09194fa0c,ed705cd9c7ffa142187edfbfeae703b33ba4c54ca43ed4df3e637cf09194fa0c,revised,2,2026-10-03T03:41:56.488388+00:00,False,ko-codex-v1
bykq87,A,f28995b027a5643c5b1338a59cb805c72a700073236cf96febb7f3b030543fb5,388a2f77e1933b316dff726d8a42d1abf93dbacd2214ec08987e1454b4ec4d38,388a2f77e1933b316dff726d8a42d1abf93dbacd2214ec08987e1454b4ec4d38,revised,6,2026-10-03T10:46:42.182596+00:00,False,ko-codex-v1
bykq87,B,b282f34328d5e80b7124e88f80524e3a1bca657472b4e5a9cc608c99c0c55cf2,ac05b0386bbfd29ace1fe3a76d4c76ebd6f72be300c0b1496983009ad0068dc5,ac05b0386bbfd29ace1fe3a76d4c76ebd6f72be300c0b1496983009ad0068dc5,revised,5,2026-10-02T22:07:17.428936+00:00,False,ko-codex-v1
byks7c,A,86596848ec9a6d5510da1236f3fad38f6128657097177b49fd4653a58d9d0e96,4bc1a25a3ca82c8cf0b544c343240bfd51e57032ddc3a0a849b0eb08190f95cd,4bc1a25a3ca82c8cf0b544c343240bfd51e57032ddc3a0a849b0eb08190f95cd,revised,3,2026-10-03T01:14:31.096266+00:00,False,ko-codex-v1
byks7c,B,7c75d4a974c2ca57a7ae0a6dfee5712223a8fe516a37fa5a7a6708094dc2c758,7c75d4a974c2ca57a7ae0a6dfee5712223a8fe516a37fa5a7a6708094dc2c758,7c75d4a974c2ca57a7ae0a6dfee5712223a8fe516a37fa5a7a6708094dc2c758,pass,0,2026-10-03T11:04:49.128254+00:00,False,ko-codex-v1
bym089,A,6a46b04b8e7b858a8f08298431951eacf853e78b89b91db379d7bd9f6158b4f5,51ecc7aaa289b02e48b6bd12875411be0dfbf83a12f989bb3be0c1d795bf0e40,51ecc7aaa289b02e48b6bd12875411be0dfbf83a12f989bb3be0c1d795bf0e40,revised,2,2026-10-03T02:15:35.666387+00:00,False,ko-codex-v1
bym089,B,41601654af50b80fd02786948735164efa5835fa89a5b3f42a219ba0cc2a4946,2f3ce2f852eafd4fe8d77185101e639dfaffb71bf03229e2273327d156436a5c,2f3ce2f852eafd4fe8d77185101e639dfaffb71bf03229e2273327d156436a5c,revised,4,2026-10-03T06:42:27.895135+00:00,False,ko-codex-v1
bypahq,A,309bf1538495ec8ad7d1ff88e24c507f40dd3eb3f6f468f814c8acb52943a77e,540dde10bed87b3d12b65792b3d18089151a47ada2484869ec34ae407a892350,540dde10bed87b3d12b65792b3d18089151a47ada2484869ec34ae407a892350,revised,5,2026-10-02T23:18:56.936983+00:00,False,ko-codex-v1
bypahq,B,888eb9c7ca4221f4371866605e820f4eb5704670c29d7cb8075068f5e32dd38b,e0e4f8a9afb1759d455f9806cd0a8a4b064d6460c322a1f4bc9452776f264c68,e0e4f8a9afb1759d455f9806cd0a8a4b064d6460c322a1f4bc9452776f264c68,revised,2,2026-10-03T05:50:22.237510+00:00,False,ko-codex-v1
byrlym,A,38051238150ad24d5f37ec45c0d65b60bd12c68979c1160c46a8f614550836f2,16989435b043f0f927a388441d60192de177bb31784cb89c5d137ed9dbbf25b4,16989435b043f0f927a388441d60192de177bb31784cb89c5d137ed9dbbf25b4,revised,5,2026-10-03T08:53:09.262641+00:00,False,ko-codex-v1
byrlym,B,6b8858155b3acbdddc651d3e936a4f6c92d0e8c04953cae0671ffb664bf01eae,21e4784b156bbb4cdffd07a5742ec00bb19b92bb3458119e9ace9843a36a5133,21e4784b156bbb4cdffd07a5742ec00bb19b92bb3458119e9ace9843a36a5133,revised,1,2026-10-03T04:23:21.275443+00:00,False,ko-codex-v1
bystwj,A,5c676479237f3d66ddd9b79198fdd0df72f47bd24309507b65bf19a30f500ea6,c955b35c916b0b48ec45a6292994b4c7160574ea3b5f7078ff7a4902420f9896,c955b35c916b0b48ec45a6292994b4c7160574ea3b5f7078ff7a4902420f9896,revised,6,2026-10-02T21:12:27.787834+00:00,False,ko-codex-v1
bystwj,B,15120b46f11e3e93212f045c0d2960ea6a51470de9f0afa67302949961f445be,15120b46f11e3e93212f045c0d2960ea6a51470de9f0afa67302949961f445be,15120b46f11e3e93212f045c0d2960ea6a51470de9f0afa67302949961f445be,pass,0,2026-10-03T00:56:30.927382+00:00,False,ko-codex-v1
bz1fal,A,38ad7f76583fcb3a2602b909bec67d2afa9fb46f7705a10f57ddf46245fb3e85,004741e6061ded39253d0f9d229053f8de474d70abc1f070e5126679884146f1,004741e6061ded39253d0f9d229053f8de474d70abc1f070e5126679884146f1,revised,2,2026-10-03T11:38:04.823373+00:00,False,ko-codex-v1
bz1fal,B,06e831ac389181b4f2ebfbce28b332b15b4e5877c5e76eddf2ec7794f59b3f0a,e3dfd018048026ffaa5c39ea1c61e358d68d9b4e11d1de43d2c3d0ea790a0483,e3dfd018048026ffaa5c39ea1c61e358d68d9b4e11d1de43d2c3d0ea790a0483,revised,2,2026-10-03T06:07:06.304756+00:00,False,ko-codex-v1
bz4alz,A,07b1224250a1c317d2fbe5bfd874212f96396fac0f865417386efb40a4fff249,8487674f6ac23088f522fa323898ece3f0d5b89f38eb22c484a496a980892750,8487674f6ac23088f522fa323898ece3f0d5b89f38eb22c484a496a980892750,revised,4,2026-10-03T01:13:05.714365+00:00,False,ko-codex-v1
bz4alz,B,7c903c3e341178b35e28576233edc578e219c5cca3326ca2e9ed1d1e27a614ed,7c903c3e341178b35e28576233edc578e219c5cca3326ca2e9ed1d1e27a614ed,7c903c3e341178b35e28576233edc578e219c5cca3326ca2e9ed1d1e27a614ed,pass,0,2026-10-03T01:13:13.588041+00:00,False,ko-codex-v1
bz8sti,A,6823fd76fc9dc91f9b2468f82e844dc7cd0178e0d4544b379debab3f46df1ea3,5224afff04b847a381c898002dcbb17888ae4992d807843eca95af9178f1ccca,5224afff04b847a381c898002dcbb17888ae4992d807843eca95af9178f1ccca,revised,4,2026-10-03T02:00:08.514534+00:00,False,ko-codex-v1
bz8sti,B,f27555bba86eb7c0cc49cbe80c698641e05c954dd70acab909d238c187c56aac,c0d0706cc480677fb335a0c51b26481962669004ca41eb917384a39d1776f594,c0d0706cc480677fb335a0c51b26481962669004ca41eb917384a39d1776f594,revised,4,2026-10-03T01:07:52.615778+00:00,False,ko-codex-v1
bzazvl,A,d9989fd9ae4d0fc03ce41b5e52e2cb28db3044cd5250d8d80ca0ab6e105311fc,98648b00ab405979df27e1350d8fae7138109872de5b17d6f7cae9eb33955c98,98648b00ab405979df27e1350d8fae7138109872de5b17d6f7cae9eb33955c98,revised,5,2026-10-03T06:58:15.599767+00:00,False,ko-codex-v1
bzazvl,B,d5232c7eb142a461107db9ff4c1682c4e6355b3e9c2a8a3ba9258833ff9de931,d5232c7eb142a461107db9ff4c1682c4e6355b3e9c2a8a3ba9258833ff9de931,d5232c7eb142a461107db9ff4c1682c4e6355b3e9c2a8a3ba9258833ff9de931,pass,0,2026-10-03T02:06:18.955355+00:00,False,ko-codex-v1
bzirf5,A,380b92e81307bfa50c620a801f059121353d8203c1fb04c3414bd4f02f559c08,4051b8bc904e4e8f3a539f579fe049194f9e162293d0f3e1636e575a09e24c1e,4051b8bc904e4e8f3a539f579fe049194f9e162293d0f3e1636e575a09e24c1e,revised,4,2026-10-02T22:08:56.977686+00:00,False,ko-codex-v1
bzirf5,B,9879c871c9b00fddf6c51de6b0e528399a3e38b08ebee16096e2267edd715f8a,69c2f0dc48ba6ee6c2b10245764b3125f23d628a6aca6b2c159832af7cbe323b,69c2f0dc48ba6ee6c2b10245764b3125f23d628a6aca6b2c159832af7cbe323b,revised,2,2026-10-03T06:09:12.264711+00:00,False,ko-codex-v1
bzjo5r,A,6fe43bf5ba010caa8d19b340d36d36e6d696bf572a752c48b0274e0a06da5378,252e735d1df2a40b5182a288a17c93c16b0d6a55bd545815681c39cc3e0d580b,252e735d1df2a40b5182a288a17c93c16b0d6a55bd545815681c39cc3e0d580b,revised,3,2026-10-02T23:50:35.246833+00:00,False,ko-codex-v1
bzjo5r,B,ddc9cd88f88d7b16400fc558d650bad0df0703319f4a73bf096a9be88b0755db,d68a77852ac7013e1d450e6237ba8747b2d5b017b29d10010a245ab51ba83a1a,d68a77852ac7013e1d450e6237ba8747b2d5b017b29d10010a245ab51ba83a1a,revised,3,2026-10-03T03:38:42.292912+00:00,False,ko-codex-v1
bzjyks,A,d92a1177cdd2a569f7806c421c45c6d79509228cdf76ec82ccd424d33d411f11,d92a1177cdd2a569f7806c421c45c6d79509228cdf76ec82ccd424d33d411f11,d92a1177cdd2a569f7806c421c45c6d79509228cdf76ec82ccd424d33d411f11,pass,0,2026-10-03T03:43:07.416137+00:00,False,ko-codex-v1
bzjyks,B,d137b7c9ecce6cca7ec307bbee15ab49d79bebe00b3217d56a5277e9c458812d,c244fe678fed4f9bf04d03ca8333fda874bea79ef0ec4540a9026062c88c4eb1,c244fe678fed4f9bf04d03ca8333fda874bea79ef0ec4540a9026062c88c4eb1,revised,4,2026-10-03T08:04:41.786073+00:00,False,ko-codex-v1
bzkmn1,A,224bd6d7ac874b206d279cbb3d50eadcffed47abb714576b84432f024d622893,547c1b32b530c679150aa320d58d2aca5941e412999c817f2ba1321debf647d1,547c1b32b530c679150aa320d58d2aca5941e412999c817f2ba1321debf647d1,revised,4,2026-10-03T05:57:41.450900+00:00,False,ko-codex-v1
bzkmn1,B,5c1e96be701db800aca1b9b829148b2f24ed0fbaf0b63abc1e3c873ead8167d4,06dedae77e50639018f962a7909f4db4973f183e91e668b81bead66d3c4570a6,06dedae77e50639018f962a7909f4db4973f183e91e668b81bead66d3c4570a6,revised,2,2026-10-03T08:00:59.124366+00:00,False,ko-codex-v1
bzlchz,A,93e40d8c3f54ea27babd7b4d80b05cca9d78f9f1f70bbb56684e164c52f5465e,47646eeb393ad0ccf42343f9ba392c050927baf697b524071d7c750cd69f6888,47646eeb393ad0ccf42343f9ba392c050927baf697b524071d7c750cd69f6888,revised,4,2026-10-02T22:04:02.978377+00:00,False,ko-codex-v1
bzlchz,B,f7644b7969492d2f0278a03039efd0fb7fb099ba5809db599a3dc360f893dcf2,76d9bde6c589e96e57d2556f8b6a2c3bc294b3cbe3329143734b406d1d369782,76d9bde6c589e96e57d2556f8b6a2c3bc294b3cbe3329143734b406d1d369782,revised,2,2026-10-03T00:03:32.062844+00:00,False,ko-codex-v1
bzmbr4,A,7a8ddf4d464805caff394389ebb143cafa8f42928192a2d3a6332677786bfd7d,5fed21570099be9c4634e5562081d607197ef4f91afa0c95fecd4565e52a685c,5fed21570099be9c4634e5562081d607197ef4f91afa0c95fecd4565e52a685c,revised,4,2026-10-03T02:46:50.136250+00:00,False,ko-codex-v1
bzmbr4,B,11aca89840fb9ca756a287b2a09c6894faee2cbc53a46a734250b83f8b9c4422,481d339c99b9fdf3da15028b329c298e5673f21e6a27bef3c75af2b19df2d57b,481d339c99b9fdf3da15028b329c298e5673f21e6a27bef3c75af2b19df2d57b,revised,3,2026-10-03T06:57:02.735577+00:00,False,ko-codex-v1
bzrhtu,A,915fa60380e167a6576dc2ca7be4b859608d3adb35977d06bcd3eddbef9f452d,45023b3e2ad71ac7d7284fc362a4c3dc7fdf2e53db0b6dff7ecfb48dd42600f8,45023b3e2ad71ac7d7284fc362a4c3dc7fdf2e53db0b6dff7ecfb48dd42600f8,revised,2,2026-10-03T06:29:19.195083+00:00,False,ko-codex-v1
bzrhtu,B,6c226d3edee1eb3510116a47f8b2d6566bcf2fcb81b052ef1ced0f9da5dd57e3,3ee0cd251715cf419595187dda0f5de3bad412b1e087cf654ae056cbc98c8037,3ee0cd251715cf419595187dda0f5de3bad412b1e087cf654ae056cbc98c8037,revised,4,2026-10-03T04:34:19.654344+00:00,False,ko-codex-v1
bztjmt,A,40235ad8533edd45ec8d9c9bfd4a18069a54dbf67af97021babda76f839e8c84,56ff9541a721c99763c8da11ee5d49404172141cc7adf29a881cacd7fe5ae148,56ff9541a721c99763c8da11ee5d49404172141cc7adf29a881cacd7fe5ae148,revised,2,2026-10-03T00:42:24.228709+00:00,False,ko-codex-v1
bztjmt,B,09e998b7bd6a6d3768715e7347e39f0b415574c2ef5fc75538d3123705a1e250,09e998b7bd6a6d3768715e7347e39f0b415574c2ef5fc75538d3123705a1e250,09e998b7bd6a6d3768715e7347e39f0b415574c2ef5fc75538d3123705a1e250,pass,0,2026-10-03T07:29:37.715107+00:00,False,ko-codex-v1
c04s7l,A,0d0ef899d7fa4d1811d2250ec998aeb812e81196a3e03198855afb93f61c7156,021ff7f4518305a2c78e16d9823ee4604be0ed8a26b91bac39e5483a7d467a1b,021ff7f4518305a2c78e16d9823ee4604be0ed8a26b91bac39e5483a7d467a1b,revised,3,2026-10-03T02:29:55.839199+00:00,False,ko-codex-v1
c04s7l,B,6207fa6cfd3a18ace529b12ef84c3c18e9ccfc5180d0c4ea34beb895d60db8d6,e590c09ccc941311b3a559bd3384531f373b87565f7ced14c4c76cead23ed365,e590c09ccc941311b3a559bd3384531f373b87565f7ced14c4c76cead23ed365,revised,2,2026-10-03T10:38:08.565618+00:00,False,ko-codex-v1
c0g14w,A,1780c19174d0912b63b51f81c0b95ce987da47636e90fa8f4333d693b08ab816,0d0b4a87b43849bfbf29ef283351b0b4a59c3c4adf1e8754c07ff6626c0735c3,0d0b4a87b43849bfbf29ef283351b0b4a59c3c4adf1e8754c07ff6626c0735c3,revised,3,2026-10-03T10:59:25.737900+00:00,False,ko-codex-v1
c0g14w,B,4e2b76919f7785683ae130083db65751f599f4a114909a1a7f32542344ef8e6b,41d7685647dd569cdeb1744fdf1c22637c3a4a2321c56f5eab5089c811a07423,41d7685647dd569cdeb1744fdf1c22637c3a4a2321c56f5eab5089c811a07423,revised,2,2026-10-03T01:10:05.301578+00:00,False,ko-codex-v1
c0lja4,A,5a94af0e1ec488aacf09e3a42547c9492f21e79581323549b31a587e08f6a898,18cfc74c5472ecc13d7c736ed08521c20fbe5aa4c7ee44650e7b70ee5a7ffbea,18cfc74c5472ecc13d7c736ed08521c20fbe5aa4c7ee44650e7b70ee5a7ffbea,revised,5,2026-10-03T01:46:51.586110+00:00,False,ko-codex-v1
c0lja4,B,d497f623e80ebb6409a5b3f5dd61392d5542dc0a333c46cc04b345dff6cbe4f6,bdfe93781044cfe18b645a64cbb8fbdb31c8991f6d63e6529d91fbfa2e728e29,bdfe93781044cfe18b645a64cbb8fbdb31c8991f6d63e6529d91fbfa2e728e29,revised,4,2026-10-03T00:44:18.896601+00:00,False,ko-codex-v1
c0n82n,A,cce6716146b32c3d004f6e51813eb0d2d74e87b4a797c5785aaf665b5493647e,57142ad01d2c0a73f7a0069194059d782dc61bd1ac263c31f3045e2ca78b6054,57142ad01d2c0a73f7a0069194059d782dc61bd1ac263c31f3045e2ca78b6054,revised,1,2026-10-03T05:27:53.141996+00:00,False,ko-codex-v1
c0n82n,B,84ee5fb760a34acd58a6cce247c865ae0d0f15c16e173902e6984d5a078620d2,7b138aa38d59c767096bfc1d1b021e30b6c7f23be85024c6513f4678b233a8a8,7b138aa38d59c767096bfc1d1b021e30b6c7f23be85024c6513f4678b233a8a8,revised,5,2026-10-03T08:43:35.625289+00:00,False,ko-codex-v1
c0rypr,A,40af1cf988894e2dcf36561ce48057bfe5d970d27081431e322184c01e2dbb8d,40af1cf988894e2dcf36561ce48057bfe5d970d27081431e322184c01e2dbb8d,40af1cf988894e2dcf36561ce48057bfe5d970d27081431e322184c01e2dbb8d,pass,0,2026-10-03T03:30:38.729932+00:00,False,ko-codex-v1
c0rypr,B,551bd396f0515aa836da9ed00ba6386fae62ebdd1b257cfa23b61feffaf1679f,17cf388c2709ff049751ea48a136c415b5741d31275b8b06fd467dbd05176ea3,17cf388c2709ff049751ea48a136c415b5741d31275b8b06fd467dbd05176ea3,revised,1,2026-10-03T03:29:31.971372+00:00,False,ko-codex-v1
c0xp8l,A,46268cfa5306e1ce8ee310cb7be37bf278f1f07b05af532a228b6297ab677a0b,0e5e3b76856c9805a2a150c1634a777251d389c9823fb8963b2ebb10e19011ec,0e5e3b76856c9805a2a150c1634a777251d389c9823fb8963b2ebb10e19011ec,revised,3,2026-10-03T06:54:34.455929+00:00,False,ko-codex-v1
c0xp8l,B,7257295f47d5475239fed4de5a3ea1a0f8885302b91845c81539ed654b1996c7,8a892c1b4abcb6bb49be3d76a978ad44eeddbade25a0939767c2912f1cd26af7,8a892c1b4abcb6bb49be3d76a978ad44eeddbade25a0939767c2912f1cd26af7,revised,2,2026-10-02T23:28:16.484053+00:00,False,ko-codex-v1
c0zthp,A,d8e059c36c765ae36ad5b39fed8aedf830b938bacef8dfcc398714693c00191d,0ae783682415ccee68cb6f2d68dffbd5758cc2dc90a95b1737acf10bf6a3ac4e,0ae783682415ccee68cb6f2d68dffbd5758cc2dc90a95b1737acf10bf6a3ac4e,revised,4,2026-10-03T04:19:17.131793+00:00,False,ko-codex-v1
c0zthp,B,675b28253afd72cf8c744ab37860c590a893ae1255a929416aab4d869ba4e897,675b28253afd72cf8c744ab37860c590a893ae1255a929416aab4d869ba4e897,675b28253afd72cf8c744ab37860c590a893ae1255a929416aab4d869ba4e897,pass,0,2026-10-03T11:58:19.863888+00:00,False,ko-codex-v1
c146ia,A,5bc27b5d90c58753d15d7aef74507ab904be022e594186edf93fcbb60a9631e4,5bc27b5d90c58753d15d7aef74507ab904be022e594186edf93fcbb60a9631e4,5bc27b5d90c58753d15d7aef74507ab904be022e594186edf93fcbb60a9631e4,pass,0,2026-10-02T21:06:37.609803+00:00,False,ko-codex-v1
c146ia,B,bd650d7aa91dd3d361d2198ce72ad519091eb1200863d623810ad400263c1800,644a9813aae61882c08f3366c8c92cae4eeb639b6fe9bfd1752313e106055385,644a9813aae61882c08f3366c8c92cae4eeb639b6fe9bfd1752313e106055385,revised,2,2026-10-03T01:30:43.011210+00:00,False,ko-codex-v1
c159v0,A,741eadef02acbb1fd078ecf8fb3ab4c909657829354e7802791e2022356481be,579220d46bb75a4f2d1e5490753d7b90977d137fb0e9990e5b8e2ec2da2366f4,579220d46bb75a4f2d1e5490753d7b90977d137fb0e9990e5b8e2ec2da2366f4,revised,4,2026-10-02T21:05:47.812774+00:00,False,ko-codex-v1
c159v0,B,944e3857aac78f56df42e84371fb6cb34b8fee966c0716095d0e202d480b67e6,3c401e2824ac45060f245462bebb2d18acb155c25a99356e02ce482d5f9a5606,3c401e2824ac45060f245462bebb2d18acb155c25a99356e02ce482d5f9a5606,revised,5,2026-10-03T11:40:21.184895+00:00,False,ko-codex-v1
c18bn2,A,7a5f27ca7cec26a31b6881de3976d190cf3c07f06cd92ce991d938ebfb870fd0,edc901efb88e890f147de0af694d136978fe85ec82c4039ccb6c14320d65f37e,edc901efb88e890f147de0af694d136978fe85ec82c4039ccb6c14320d65f37e,revised,1,2026-10-03T11:52:04.525553+00:00,False,ko-codex-v1
c18bn2,B,e55f77b18d123e22b29030087682e4731fd7ace381cf586fcea4d50a64577b77,93805b2b77032772f92dc9a14a18874852b173b01f668c1704d9e96fe9b8294b,93805b2b77032772f92dc9a14a18874852b173b01f668c1704d9e96fe9b8294b,revised,2,2026-10-03T06:50:43.939422+00:00,False,ko-codex-v1
c19wql,A,f72fee67301f8462fbc8500ebc713a40205b75cd58ea880bc6c29ee3bf8c191a,f72fee67301f8462fbc8500ebc713a40205b75cd58ea880bc6c29ee3bf8c191a,f72fee67301f8462fbc8500ebc713a40205b75cd58ea880bc6c29ee3bf8c191a,pass,0,2026-10-03T06:51:34.247017+00:00,False,ko-codex-v1
c19wql,B,b263429e07ae840cc895a80ad3ba624af738baaf4236497e130730e4bfef1c2a,008bd37d916ddda28da9918e3bae2f1859907cc8f69d9d6b2d954564d36566d2,008bd37d916ddda28da9918e3bae2f1859907cc8f69d9d6b2d954564d36566d2,revised,2,2026-10-03T02:29:30.114027+00:00,False,ko-codex-v1
c1dqei,A,9a488578cfad81ba5dc1cfe112b8c1c9ccb57adbb1018cad096d683cb7525987,339068706a66186fe08715d173ca5df48b737253a29769b00b56a8c701dd362a,339068706a66186fe08715d173ca5df48b737253a29769b00b56a8c701dd362a,revised,5,2026-10-03T12:40:18.326258+00:00,False,ko-codex-v1
c1dqei,B,0986c076652b008fdb6a076e57bedc5d8ab126744374aaced563a08f9c9e88f2,0986c076652b008fdb6a076e57bedc5d8ab126744374aaced563a08f9c9e88f2,0986c076652b008fdb6a076e57bedc5d8ab126744374aaced563a08f9c9e88f2,pass,0,2026-10-03T02:43:19.788693+00:00,False,ko-codex-v1
c1gwiv,A,fedaadbfa3f66dbf8a9d884ed069ba3dee182d8d2754aa081fc6e8ab907339a3,a776b1d20a6dbd57c259d1f575a4ba2430ff160ccf40deffb786a8f41b75ec12,a776b1d20a6dbd57c259d1f575a4ba2430ff160ccf40deffb786a8f41b75ec12,revised,2,2026-10-03T07:53:46.621751+00:00,False,ko-codex-v1
c1gwiv,B,3f1a7df84a401fd0b8290616d574b9075f15a8ce930d1c6cfa003d95dd20c303,a3602bca9143425522f249811f9fc64650a152f9d6123c62045d22d9ca494eee,a3602bca9143425522f249811f9fc64650a152f9d6123c62045d22d9ca494eee,revised,2,2026-10-03T03:25:23.011579+00:00,False,ko-codex-v1
c1iqud,A,ae37d97f37b455b75f6099b1a0ba6731d5fc842cb48e1c322363cd32bd2b6cf0,a2d4a32291066e9d8d67561a62cd351ca0d54b2ff7101e5d35f2d0e96f91f63e,a2d4a32291066e9d8d67561a62cd351ca0d54b2ff7101e5d35f2d0e96f91f63e,revised,6,2026-10-03T04:58:21.786394+00:00,False,ko-codex-v1
c1iqud,B,1ce4f5bad88ead04a124caf54a69728318388b7cffd59221526e4a70b5a0d25f,1ce4f5bad88ead04a124caf54a69728318388b7cffd59221526e4a70b5a0d25f,1ce4f5bad88ead04a124caf54a69728318388b7cffd59221526e4a70b5a0d25f,pass,0,2026-10-02T22:00:24.294083+00:00,False,ko-codex-v1
c1k97y,A,df910a461d51472a61767556dbc4323abe13550816129d727b270fb7b11f1c66,16b71b931f3817e2361a1fb825a1f49e416d552080f9a816bd8372312d81bf92,16b71b931f3817e2361a1fb825a1f49e416d552080f9a816bd8372312d81bf92,revised,3,2026-10-03T04:22:34.264862+00:00,False,ko-codex-v1
c1k97y,B,6bdd1fbc642c0867b0b00547130fff33e671597d6857fa479777fc3ac377ba53,77ff6725e442b57ad42e21d43d7b66003204b1ec8a190297b2e4b27ee2276b4c,77ff6725e442b57ad42e21d43d7b66003204b1ec8a190297b2e4b27ee2276b4c,revised,2,2026-10-03T03:41:59.310656+00:00,False,ko-codex-v1
c1nr7f,A,7013ad10caa7dd1332632ad8f7efb255cd1bcf556aa4d6034c1cc2bf4680d24e,045e7c66f2377673908a0d8ec1d0c5abe784ab1fbfd77b7394a0ae8ae424b41d,045e7c66f2377673908a0d8ec1d0c5abe784ab1fbfd77b7394a0ae8ae424b41d,revised,3,2026-10-03T08:09:40.795305+00:00,False,ko-codex-v1
c1nr7f,B,4d2aa0167902c9f3be5f56b74a90887366a9f49c1dfa21987ec54cd133751e23,3efae84b8a54659489e49cf14836d6e39811e5fed216fda3cd67074d839fef17,3efae84b8a54659489e49cf14836d6e39811e5fed216fda3cd67074d839fef17,revised,2,2026-10-03T11:48:05.017174+00:00,False,ko-codex-v1
c22qcx,A,c273fde13f63a0add4a7a3c077191b3a9292392a7e8240b3b8d262e2334a8a57,0a5d9fd3454d564ff87d5f2dddb2533d0c68f98c51bdd06a92566a5b31d7f886,0a5d9fd3454d564ff87d5f2dddb2533d0c68f98c51bdd06a92566a5b31d7f886,revised,6,2026-10-02T22:29:22.348806+00:00,False,ko-codex-v1
c22qcx,B,66358d287a53efaa612f9a3b21fdedcf3829cc423d0be16ef5107877357496ce,c4d2434ecfba649a88f8f6c12f58f11ec7bdb25347e92807719d70024892d6ae,c4d2434ecfba649a88f8f6c12f58f11ec7bdb25347e92807719d70024892d6ae,revised,1,2026-10-02T23:06:33.921155+00:00,False,ko-codex-v1
c28c5v,A,3fad86e83bb9dc753addb9ad2d6bc507890b0fc6407dd5cd9951674438be226d,573d249daab1f733b660f0029bc12c94cd8f425edb55b8dd4599ef625e8eb77d,573d249daab1f733b660f0029bc12c94cd8f425edb55b8dd4599ef625e8eb77d,revised,6,2026-10-03T08:15:37.323039+00:00,False,ko-codex-v1
c28c5v,B,d94cba05a398518fe6e30dc11590a361667cab5755fabee810f185449146bbcd,d94cba05a398518fe6e30dc11590a361667cab5755fabee810f185449146bbcd,d94cba05a398518fe6e30dc11590a361667cab5755fabee810f185449146bbcd,pass,0,2026-10-03T04:06:30.275826+00:00,False,ko-codex-v1
c2dcbv,A,c1b28aec155e50eb24fcf8fbb0a2512c5d10645848c4f2ad46791a277559fa30,e95a6962725aa6048b8f25ec3ba0773d9a7dceccb6d2354cd29f235739b67636,e95a6962725aa6048b8f25ec3ba0773d9a7dceccb6d2354cd29f235739b67636,revised,2,2026-10-03T03:11:43.722815+00:00,False,ko-codex-v1
c2dcbv,B,e8fcef1348357b11b47121677fa545b15565a54a6d0cd695da95ab7c59cd11a1,80ca82bf7a0b1f8876d39870731f659b34bc0ccaea067cc24c8e9b325a642f2c,80ca82bf7a0b1f8876d39870731f659b34bc0ccaea067cc24c8e9b325a642f2c,revised,4,2026-10-03T03:50:45.230915+00:00,False,ko-codex-v1
c2lrag,A,847feac2a347e76449aee1b8d5df92fac555cdab1caa048c99a081be0e5dfddc,2e5bd3116c1004796e985c630dc3e40fe1db5f38c42e9a241c67ef7f8f97950b,2e5bd3116c1004796e985c630dc3e40fe1db5f38c42e9a241c67ef7f8f97950b,revised,3,2026-10-02T21:14:17.063209+00:00,False,ko-codex-v1
c2lrag,B,4bac42ea10fe88ad3ee74050b379d9c5b05c18af9a5d5f85eb3974ba28ab2081,108d9c3ac751ab7b5f5b511cfc06780675b052fab8bd6cac9a6acdf3ae93dad5,108d9c3ac751ab7b5f5b511cfc06780675b052fab8bd6cac9a6acdf3ae93dad5,revised,4,2026-10-03T08:23:42.923513+00:00,False,ko-codex-v1
c2n717,A,ef9524a81dbc86a3bcd557841ff9c399e817a0dfc7183ad1f941b8a5fc8d561b,ab551724c21005d2108260dea3c023fb7221fe1b2c13c8db7707634f59c081f1,ab551724c21005d2108260dea3c023fb7221fe1b2c13c8db7707634f59c081f1,revised,4,2026-10-03T08:24:20.800571+00:00,False,ko-codex-v1
c2n717,B,ddbfa2453f3b09c1b07915ccc42fb2e364bc37f55cc15471a53ba4d48180a411,f798d706b07fe44fcf75b1cc2652dd98c3769723a89769577d7c5b05c6289e48,f798d706b07fe44fcf75b1cc2652dd98c3769723a89769577d7c5b05c6289e48,revised,1,2026-10-03T03:42:27.435145+00:00,False,ko-codex-v1
c2upd8,A,19e7b96121cd0d7376a33033c71fc72dcf52b950686617a90be70fcf36080a7f,7bc214975213b1a2395a7ecc99a01cf05c2c7f0c4cd62f20f306b7fb7261fff6,7bc214975213b1a2395a7ecc99a01cf05c2c7f0c4cd62f20f306b7fb7261fff6,revised,1,2026-10-03T08:55:43.107865+00:00,False,ko-codex-v1
c2upd8,B,db0a0f250f8e1cfba5a61f8b0657f050e97aed0d6886d70754fd242aa256569c,4e4ffda879bd9c8c116cb57a4e4cfb71c2d9f91ec49387129a50be37eea3abb5,4e4ffda879bd9c8c116cb57a4e4cfb71c2d9f91ec49387129a50be37eea3abb5,revised,3,2026-10-02T22:44:42.363590+00:00,False,ko-codex-v1
c2w1cw,A,4c8f280537e224d37d8121403fb2cd45e23e7d1ebab1837ea9cc3917ec1bd3bf,51fa74ea9a7dd7dbd751617969c8c2c3266142dbc303e4e1daf2fe11b461b959,51fa74ea9a7dd7dbd751617969c8c2c3266142dbc303e4e1daf2fe11b461b959,revised,4,2026-10-02T21:12:51.044438+00:00,False,ko-codex-v1
c2w1cw,B,2836470ef5bcfee83ff88d69acccb39b93f27b4a4c7dee3faa6de82b68f6c1a5,7bae4a6d3d18250a09a2a1dd055132aba37a7a22db0587152b87487891ccdb4c,7bae4a6d3d18250a09a2a1dd055132aba37a7a22db0587152b87487891ccdb4c,revised,2,2026-10-03T11:56:11.463325+00:00,False,ko-codex-v1
c2wszs,A,5edc526731a32b4ce77ea902d9ce07174d25ed0172fdf683a4c79646e78f5a73,5c8f29ee16848c041e194f042781518eb2abbd21649bdece739e9cc176ce0a77,5c8f29ee16848c041e194f042781518eb2abbd21649bdece739e9cc176ce0a77,revised,2,2026-10-03T07:43:22.541525+00:00,False,ko-codex-v1
c2wszs,B,50ec01772f23139c06ca6e4c95d3db63dd0a5ed271cd09b9db81f817f95788cc,664d47dd3d6c9c9991bb224f944ba1a17a42989a21fe32daa89aa89d9d9f1374,664d47dd3d6c9c9991bb224f944ba1a17a42989a21fe32daa89aa89d9d9f1374,revised,2,2026-10-03T02:20:07.131752+00:00,False,ko-codex-v1
c3030w,A,e9a6ed2026f7081268aff70aa728c11223f6181ddb0c8b97cede344831174484,eb26ac19c9dcb6bec6227d804eca01db5a0ab6b51fc4e2d31fb7ee68a2cee53e,eb26ac19c9dcb6bec6227d804eca01db5a0ab6b51fc4e2d31fb7ee68a2cee53e,revised,4,2026-10-03T03:31:48.513068+00:00,False,ko-codex-v1
c3030w,B,74904136a60d5a047ae4bf99f23dbbfdd517761ca83e906fef912c34e694aa6a,1a8200db673a1641671cea3f83b5ca1ab401f733f20ef6509083b6df46509049,1a8200db673a1641671cea3f83b5ca1ab401f733f20ef6509083b6df46509049,revised,1,2026-10-03T11:18:10.661302+00:00,False,ko-codex-v1
c3buua,A,92ebfa7c19e10e0d16a40518cf2cd07f90ac2171d5fbfdbaac8ebdc74ac63121,cbad59b342561db82a8c6ceae3f91e4fc760593c7b7830186df402e0e3e62b49,cbad59b342561db82a8c6ceae3f91e4fc760593c7b7830186df402e0e3e62b49,revised,5,2026-10-03T00:53:43.822104+00:00,False,ko-codex-v1
c3buua,B,64af403e97c7cc15a9891cdff191c69a1264ea41ea27a18081a9a91b62d277fb,c97b035b163fcd337166bbf88b38f8763f1da79bb0f6c149e367f29405e47192,c97b035b163fcd337166bbf88b38f8763f1da79bb0f6c149e367f29405e47192,revised,2,2026-10-02T22:17:55.835755+00:00,False,ko-codex-v1
c3efnt,A,c8d71a831f18dc296a61d203bdd6c17280a35c474371df0907e4989f53c63180,56049a2158891f880621ac0a0e53a6454f4a6457ecb726618009061952683be6,56049a2158891f880621ac0a0e53a6454f4a6457ecb726618009061952683be6,revised,2,2026-10-03T03:07:31.660029+00:00,False,ko-codex-v1
c3efnt,B,adddbd758a29b7f67f87a6242bbe2ec937d8b81ea0f8f7855c6ddb7b46bf2fc4,adddbd758a29b7f67f87a6242bbe2ec937d8b81ea0f8f7855c6ddb7b46bf2fc4,adddbd758a29b7f67f87a6242bbe2ec937d8b81ea0f8f7855c6ddb7b46bf2fc4,pass,0,2026-10-03T02:16:25.841862+00:00,False,ko-codex-v1
c3he29,A,4ff7d20c9e524bdcc1bb00b05c1edde163a0be12049518febaa03203797708c4,ef535f6211bab47f6c7bb44a1b9b7cfc21231ea9bdf13fe7b0420fe372507416,ef535f6211bab47f6c7bb44a1b9b7cfc21231ea9bdf13fe7b0420fe372507416,revised,5,2026-10-03T04:29:45.455012+00:00,False,ko-codex-v1
c3he29,B,7e337fb4a6d5dbb798975f0ec66ed9db8f058818239c18c3d3e82246d52083bf,7e337fb4a6d5dbb798975f0ec66ed9db8f058818239c18c3d3e82246d52083bf,7e337fb4a6d5dbb798975f0ec66ed9db8f058818239c18c3d3e82246d52083bf,pass,0,2026-10-03T04:48:26.726133+00:00,False,ko-codex-v1
c3l68k,A,7cd4b24ccc1a1ce05d6643bf3dfc7a763c23d1629a8ab94e4e5b494a252999e3,d308a63e3680b9d2adfec928044728365575177a688f2b485de82e56735d36ad,d308a63e3680b9d2adfec928044728365575177a688f2b485de82e56735d36ad,revised,1,2026-10-03T07:23:41.649763+00:00,False,ko-codex-v1
c3l68k,B,04a487e5b6cdd9e21f7e7eedd7743aebf1cbc78b15cf3b5465c2943656c75607,fb77303547cf38a8d3b8b28d934208258b36f2566fdb9b10a0b0e0398e235c01,fb77303547cf38a8d3b8b28d934208258b36f2566fdb9b10a0b0e0398e235c01,revised,3,2026-10-02T22:18:26.480517+00:00,False,ko-codex-v1
c3lekj,A,edbfe05d8ed985e75efbeb74deb4c46e2c599ae0bfc86d2e9c2a905a3ea3e1e7,1148e3143ddf415869eed3e9f6993b04fe22e632269ff81b8eb933654722ad35,1148e3143ddf415869eed3e9f6993b04fe22e632269ff81b8eb933654722ad35,revised,5,2026-10-02T22:20:45.083395+00:00,False,ko-codex-v1
c3lekj,B,b206f0c26e14f4cb339c41fc4f6ee8bae43857b6f5b2a1c20ecfc6bcfe2516b6,ba8871e64c13a46eec83d2b14aa57375aaf3c13dcc27ea3d4c82519334b26901,ba8871e64c13a46eec83d2b14aa57375aaf3c13dcc27ea3d4c82519334b26901,revised,1,2026-10-03T06:36:36.814809+00:00,False,ko-codex-v1
c3luoe,A,4e01d33d29febd1ec6bd454d822876b51e10f21eb5df0910682bad9a8aa72a7a,1cdc4d74e5222cd2cc74c48439671f8b839a3cca3e63fdd85f4003816e3c735b,1cdc4d74e5222cd2cc74c48439671f8b839a3cca3e63fdd85f4003816e3c735b,revised,2,2026-10-02T21:06:18.642464+00:00,False,ko-codex-v1
c3luoe,B,b6bf3879df00e3168c459e8d79adb928dc2f9ee10b64a6212da392f0cb47cba9,53fcdb57b11ddb010c97421b5a86af49cc61b8004fe37025cdf3b8f21b9248a5,53fcdb57b11ddb010c97421b5a86af49cc61b8004fe37025cdf3b8f21b9248a5,revised,5,2026-10-03T12:29:26.387874+00:00,False,ko-codex-v1
c3luq5,A,c12c382dd4cd4f9352394b583918b5ab07f8da648392ba5ec565ff5912715a88,0caeefb2eabde218196c4a6efb215ad7bfcc7c0fbd0c8c8abe0b846ea14f5ee2,0caeefb2eabde218196c4a6efb215ad7bfcc7c0fbd0c8c8abe0b846ea14f5ee2,revised,2,2026-10-03T12:11:49.245213+00:00,False,ko-codex-v1
c3luq5,B,28696476240dbd7ec1002bd0df37e1e1d17864eef41292ad6a6b21478673cf69,da9706a7958f6e1f582d28bedb39097d46986aba82e47d96e8133d7ed56958c9,da9706a7958f6e1f582d28bedb39097d46986aba82e47d96e8133d7ed56958c9,revised,2,2026-10-03T07:50:39.603563+00:00,False,ko-codex-v1
c3nvnp,A,948b157686e9bee79a9a82282dc649dba861525a1595adba7bc4036cb44f6f53,0e7eb496ddc8c9e0cb23d138a54215ef27f70c24eb58a7840375cfbb8c066665,0e7eb496ddc8c9e0cb23d138a54215ef27f70c24eb58a7840375cfbb8c066665,revised,4,2026-10-02T21:36:27.087662+00:00,False,ko-codex-v1
c3nvnp,B,4cebc3e299d2c78cde12c26a9d31b6da66e262b3f8509e7f6d0037aab66ab00c,8598288c69960adca0fa5d60a6cf9b9cc147b37d823923876de070bb79c36540,8598288c69960adca0fa5d60a6cf9b9cc147b37d823923876de070bb79c36540,revised,3,2026-10-03T08:19:42.045605+00:00,False,ko-codex-v1
c3quft,A,18097595df427d8c849065d8d306269975ce8f75c5fce27bbb0e53ea6f264b3c,18776cb248a94c635f146fd0700116c974fda64862c3bb6f487b6166295dead9,18776cb248a94c635f146fd0700116c974fda64862c3bb6f487b6166295dead9,revised,2,2026-10-03T00:08:45.540967+00:00,False,ko-codex-v1
c3quft,B,f380163800948facb3764a4623c6938c091452240dfaf3b635e4f88dea8b6ffb,b9827b04d0561cc1f20efe02642c7d6bd53c50e3028a48d52c03c2eb0c05e470,b9827b04d0561cc1f20efe02642c7d6bd53c50e3028a48d52c03c2eb0c05e470,revised,3,2026-10-03T04:08:49.627770+00:00,False,ko-codex-v1
c3smht,A,f06370492ef3faeea6e9863fc8e01b84cd4a50e95be992f9b0499c77c05e717f,ae5e2f1e32f49d990b354b3219a2e47162f19e7decb67b3cf65e77d00cdcfd7c,ae5e2f1e32f49d990b354b3219a2e47162f19e7decb67b3cf65e77d00cdcfd7c,revised,5,2026-10-03T02:46:18.506804+00:00,False,ko-codex-v1
c3smht,B,ffd88af8902f9892b2141a06649a8cfe5a3fa049ef4ae1e0c2e481a91635b0d5,b4eca536ed731422320a0e20a657c1e00ddd96142b9a9ce9fd0dbe538e278726,b4eca536ed731422320a0e20a657c1e00ddd96142b9a9ce9fd0dbe538e278726,revised,2,2026-10-02T22:00:46.666250+00:00,False,ko-codex-v1
c3w6ri,A,8f321746d89fb065fcd5174146ad135b99422d0027e3b18ee40b8063dde1261b,0b0038ddbc0a06edec1f6edef5d7b9a725390ca84136a6325bb90c3aa5532993,0b0038ddbc0a06edec1f6edef5d7b9a725390ca84136a6325bb90c3aa5532993,revised,5,2026-10-02T22:55:34.286185+00:00,False,ko-codex-v1
c3w6ri,B,e5d0920ad52638d2a3dd34d0c5b4a7ea049c544ea801bb0c134e279bacf5397a,a24767c582e40770aefb91196002e486553268ef63899424a7f9db4a27a14efb,a24767c582e40770aefb91196002e486553268ef63899424a7f9db4a27a14efb,revised,4,2026-10-02T21:51:53.631657+00:00,False,ko-codex-v1
c3yj6e,A,0911cabe8b3281977c714287322c3c195aa4caa0c748ad365791e4b00ea54162,08f62989eefcd2df02af1c39f9a4befdee8f898f72b0cd9adc57e39be8e7d51e,08f62989eefcd2df02af1c39f9a4befdee8f898f72b0cd9adc57e39be8e7d51e,revised,5,2026-10-03T11:13:17.091272+00:00,False,ko-codex-v1
c3yj6e,B,2d0df2c0bd38cf63a25781bc4f605a8d03cb44b43e0012ff3add27b4038e970a,bc50d7f73c09a820d91ad52f0d040ff2759fdb5c2bdb0197026c4160648c30f8,bc50d7f73c09a820d91ad52f0d040ff2759fdb5c2bdb0197026c4160648c30f8,revised,3,2026-10-02T22:52:22.824253+00:00,False,ko-codex-v1
c47iwn,A,23d781ab5f49ac4c7e1929de3e4760d59878950ec0928b0131a306e29b786fb5,23d781ab5f49ac4c7e1929de3e4760d59878950ec0928b0131a306e29b786fb5,23d781ab5f49ac4c7e1929de3e4760d59878950ec0928b0131a306e29b786fb5,pass,0,2026-10-03T04:33:24.300314+00:00,False,ko-codex-v1
c47iwn,B,ab58f9549ce341d24065668aba33586cd1a6f4ac6e7a5f1133407f76c61fc054,8432877bf200ec31f3167e23d6c51005f8ba790963600bfa81049cb621ca75c8,8432877bf200ec31f3167e23d6c51005f8ba790963600bfa81049cb621ca75c8,revised,4,2026-10-03T03:09:15.182913+00:00,False,ko-codex-v1
c497t6,A,004566375c2d3a943b06ba53c1b7508e2809c5e8d969cfe98553eabcc9e15704,c3f9dee5cb22e4e68114832fd139ad45c1171301a3ce25d76ee48d9f97b566e3,c3f9dee5cb22e4e68114832fd139ad45c1171301a3ce25d76ee48d9f97b566e3,revised,6,2026-10-03T04:20:16.251778+00:00,False,ko-codex-v1
c497t6,B,1f6b5e104a984f4cda0c1e9f003efa06bd9303d63079c0d32de35cb701036141,34d3006c81cc3ff3e8a97fb7fb8d5140edcc576f05db667737d7ab7bd25f8725,34d3006c81cc3ff3e8a97fb7fb8d5140edcc576f05db667737d7ab7bd25f8725,revised,6,2026-10-03T02:18:18.657030+00:00,False,ko-codex-v1
c4eqd3,A,e5b019bcdc3868fa4287b5aa77eaa54848e4fe29d359b439b6d2a1032a4f3791,776c46bc7ee41ce21b1114e3ca4e047108bdeb6a6d9162d42651c36e32130a69,776c46bc7ee41ce21b1114e3ca4e047108bdeb6a6d9162d42651c36e32130a69,revised,2,2026-10-03T10:54:14.216414+00:00,False,ko-codex-v1
c4eqd3,B,346c6f97d0b08b157076c7e68fbfcc03462b66a7705baab24ee6e23596c15721,968e0b0b411d831633396028881c72d470183ade66ab2b19779504d2d488cecc,968e0b0b411d831633396028881c72d470183ade66ab2b19779504d2d488cecc,revised,1,2026-10-03T00:35:50.578619+00:00,False,ko-codex-v1
c4h8s5,A,af3afe87ac96afc71eacb15faf9268a2542beb5d8d2229df94f7cf750b40b3c4,73ad7acb3c9b4c10e01e391210ee9198882954895802f3cd74e4c0b7d6281089,73ad7acb3c9b4c10e01e391210ee9198882954895802f3cd74e4c0b7d6281089,revised,2,2026-10-02T22:39:41.691086+00:00,False,ko-codex-v1
c4h8s5,B,809ce96a9d6f1b7b70f02159c7e20effa6e23e9d8176c80e6c1aaf1e1cb1e4ab,d750456cb91dd6413e8c95413c95a905e79b6878113def2ec40ec9e5f39e3fb0,d750456cb91dd6413e8c95413c95a905e79b6878113def2ec40ec9e5f39e3fb0,revised,1,2026-10-03T08:41:22.207080+00:00,False,ko-codex-v1
c4pm0e,A,7e753a1b6bd18518e327058ca1a5152720cd3b92ffe5bf5b08522502e506e7c2,f675b2833d212e651a36a2a3c9caa72ae5af30e3c47b2336e8d1e8225b79b087,f675b2833d212e651a36a2a3c9caa72ae5af30e3c47b2336e8d1e8225b79b087,revised,1,2026-10-02T22:26:56.528647+00:00,False,ko-codex-v1
c4pm0e,B,9a3a8b73ffe10bc1205096464971ff8b2dc4b5f5287ba66cff393d3e30b6199f,ca05e9d7eadadbf8e161b2f4a39240f07cd74497d2dbd8703fead0ab7ca39bbf,ca05e9d7eadadbf8e161b2f4a39240f07cd74497d2dbd8703fead0ab7ca39bbf,revised,3,2026-10-03T04:00:37.699773+00:00,False,ko-codex-v1
c4xd8h,A,1fba3ca6366c28226434df23bfc4da7b2c5eb315e91f68f68a0a2acb1441e796,2a2683941b896730f0083898278283125415d1b68a8f53b4ca9c5459b687631a,2a2683941b896730f0083898278283125415d1b68a8f53b4ca9c5459b687631a,revised,4,2026-10-03T11:52:37.050740+00:00,False,ko-codex-v1
c4xd8h,B,177d7c5ce344faf30ac3ac79da0b0928cf7f41ae522592003edb9c755f794150,177d7c5ce344faf30ac3ac79da0b0928cf7f41ae522592003edb9c755f794150,177d7c5ce344faf30ac3ac79da0b0928cf7f41ae522592003edb9c755f794150,pass,0,2026-10-03T04:06:09.052436+00:00,False,ko-codex-v1
c50s4i,A,756a412fce67e7e22feca22334867c6623d8264db890aa1b4e5f0985caeeb3a5,3262ce2855c2762f50bd69b66190d28efb585c59fc8699920840fcf494a35c8d,3262ce2855c2762f50bd69b66190d28efb585c59fc8699920840fcf494a35c8d,revised,3,2026-10-03T05:13:20.632322+00:00,False,ko-codex-v1
c50s4i,B,58cb76a5e715010eed88f42ae57cd6419306fa3cdfccb40483dcad2731ef4a41,800334e062e9ebdccccb26f3e632176acf777e76080e98cb5ecd7f1a848ea7de,800334e062e9ebdccccb26f3e632176acf777e76080e98cb5ecd7f1a848ea7de,revised,2,2026-10-03T04:46:56.908198+00:00,False,ko-codex-v1
c57uuh,A,bcf36f5e55a02317dc1f97fe29b8bd6e12fb3105d323ae4ac011d4019342be89,a4879beff33c8237c1ed0aa61b5af7f5675852fc52e5eef6cf9ae2d0ea3b2566,a4879beff33c8237c1ed0aa61b5af7f5675852fc52e5eef6cf9ae2d0ea3b2566,revised,3,2026-10-03T07:49:51.574365+00:00,False,ko-codex-v1
c57uuh,B,4a3bc72ba273795fc3bc745e5a5419127c265273034e03d08e8e4f2660bce93c,630e23c9613976a2109e483518fa344ff9f19b9f732b0e658eb6f59a4edb3e13,630e23c9613976a2109e483518fa344ff9f19b9f732b0e658eb6f59a4edb3e13,revised,1,2026-10-03T04:08:38.442082+00:00,False,ko-codex-v1
c5cu96,A,ee6f594269a50899744c48031e7368661e9009b4c6301ea722a0f16dd80ba3fa,7ef902135dca0cba22f59b27921688c8911920b831008f596cc5d44075848518,7ef902135dca0cba22f59b27921688c8911920b831008f596cc5d44075848518,revised,5,2026-10-03T11:33:03.388456+00:00,False,ko-codex-v1
c5cu96,B,1c3233b2edfdac261c172415b1540fd3c425eaed2073a362fc68e7db55ed8c4e,1c3233b2edfdac261c172415b1540fd3c425eaed2073a362fc68e7db55ed8c4e,1c3233b2edfdac261c172415b1540fd3c425eaed2073a362fc68e7db55ed8c4e,pass,0,2026-10-03T00:47:22.221847+00:00,False,ko-codex-v1
c5if74,A,176635f21acec3e3165d0c55b54601ddfacf7bd55ee34a812cc4b2a81c0ad09c,8f5e4134725e968dbe81880729da3eb32226fe75758a84717cde201a800d766e,8f5e4134725e968dbe81880729da3eb32226fe75758a84717cde201a800d766e,revised,3,2026-10-03T08:05:16.742628+00:00,False,ko-codex-v1
c5if74,B,3d09ee73f2c04903e4d97846fdd0122a34c441f19bbe6ed6a8cb281bd0c1bc12,3a562d97a5f4c8d01fff6acbeb6158444cdebfc800996fe6d857b49d146566a7,3a562d97a5f4c8d01fff6acbeb6158444cdebfc800996fe6d857b49d146566a7,revised,2,2026-10-03T05:06:15.064906+00:00,False,ko-codex-v1
c5rb22,A,8633758aa9e1af2a81f2e95beca68e20eb42db1c2f19a77e26472ab990decc83,8633758aa9e1af2a81f2e95beca68e20eb42db1c2f19a77e26472ab990decc83,8633758aa9e1af2a81f2e95beca68e20eb42db1c2f19a77e26472ab990decc83,pass,0,2026-10-02T22:31:41.455339+00:00,False,ko-codex-v1
c5rb22,B,b7b29961f90a8e6156913c973878d9ab2b89a2cff63b67b52084fa6b4a8cc198,aac50eaf16fe11927208c5a96322ef5e515dc791f566591ead8ec5c0b45ed06c,aac50eaf16fe11927208c5a96322ef5e515dc791f566591ead8ec5c0b45ed06c,revised,4,2026-10-03T05:41:33.677003+00:00,False,ko-codex-v1
c5uwdc,A,e72b1cb4389964eae5236806cb46bdcbf7a4bdeb05e34c5e0a1dbb0c1dec679f,20b9edb82fd2162f53d6e82bf18dc6a21078954212489a3d06f6e9ad90749342,20b9edb82fd2162f53d6e82bf18dc6a21078954212489a3d06f6e9ad90749342,revised,2,2026-10-02T23:47:44.774507+00:00,False,ko-codex-v1
c5uwdc,B,cbcea8ea040bc934585921527de0b52c03a71d3716028130e334b36cbcf9dd0f,cbcea8ea040bc934585921527de0b52c03a71d3716028130e334b36cbcf9dd0f,cbcea8ea040bc934585921527de0b52c03a71d3716028130e334b36cbcf9dd0f,pass,0,2026-10-03T12:32:08.407189+00:00,False,ko-codex-v1
c67xdy,A,5ff41cded52643d511980c7975cae96573a77885b20a9654ddc23415e91255fd,196a7112d1d8a97423593080a2fcf9f988242844417aa02707f8dbaf605149be,196a7112d1d8a97423593080a2fcf9f988242844417aa02707f8dbaf605149be,revised,3,2026-10-03T01:20:42.744475+00:00,False,ko-codex-v1
c67xdy,B,4a745d264e7999479ce8b7eb0a0a63730326ac4d4015eccd3d92dd1946a133d3,cc0b0b55ea3ab62cd55a36f482aaf754bf6f8aac623a774e0601cd050e351d08,cc0b0b55ea3ab62cd55a36f482aaf754bf6f8aac623a774e0601cd050e351d08,revised,2,2026-10-03T07:01:01.693166+00:00,False,ko-codex-v1
c6agc4,A,25ae51ba445f87ce158d04333579d713c973b2e4e5d197cc99e9beab7fdbfc91,46ffa821ba43eb6387dba952734f54b62c3f9fc8e0f0264df57be7fba39a17c5,46ffa821ba43eb6387dba952734f54b62c3f9fc8e0f0264df57be7fba39a17c5,revised,5,2026-10-03T04:07:03.704084+00:00,False,ko-codex-v1
c6agc4,B,6719dfb337f48d9c7f2b474ec47ab5192c31941372d436d383b181a2f20828d7,8a3121ff8a9b1abd8b7815b8531f435c499770996ad9d1054f32946298b1b782,8a3121ff8a9b1abd8b7815b8531f435c499770996ad9d1054f32946298b1b782,revised,2,2026-10-03T02:52:12.646088+00:00,False,ko-codex-v1
c6ezav,A,a85b32fae5a1912c4ac000ca5cf8820540a1f3b9959323e405a6cc46c4d0aa05,c4da41ef7f44f148438a750bf423b114ff913ce5f5acd19f239b6a24e72b15da,c4da41ef7f44f148438a750bf423b114ff913ce5f5acd19f239b6a24e72b15da,revised,4,2026-10-03T06:35:10.087812+00:00,False,ko-codex-v1
c6ezav,B,d144d05c79db581f1f03bc8160758ba2ee757472eac759bc38a354d84dfba41f,19a0757797ef69d385b69933f5b35f80e15993a0fdb03ea1d8884635db7f8178,19a0757797ef69d385b69933f5b35f80e15993a0fdb03ea1d8884635db7f8178,revised,3,2026-10-02T23:32:36.704951+00:00,False,ko-codex-v1
c6hz3m,A,7bad94efdd44d804824bab0efd43dbd992640069b4d2f260241aa69a7501d27e,7bad94efdd44d804824bab0efd43dbd992640069b4d2f260241aa69a7501d27e,7bad94efdd44d804824bab0efd43dbd992640069b4d2f260241aa69a7501d27e,pass,0,2026-10-03T07:18:55.548213+00:00,False,ko-codex-v1
c6hz3m,B,451511bf65df9b0c9a89e74aaaa1cf97a2463316c351801ef3cb033c4a3fd693,451511bf65df9b0c9a89e74aaaa1cf97a2463316c351801ef3cb033c4a3fd693,451511bf65df9b0c9a89e74aaaa1cf97a2463316c351801ef3cb033c4a3fd693,pass,0,2026-10-03T05:25:32.562490+00:00,False,ko-codex-v1
c6ko6a,A,c6872f25b002f181e8c4b36018fee29f049348e759d4335d7401853ffde6abcb,afd6b317f063fd1eac8ed7e47dd4a42e739c9d5547f8df05d1f281f89af75f54,afd6b317f063fd1eac8ed7e47dd4a42e739c9d5547f8df05d1f281f89af75f54,revised,3,2026-10-02T21:22:07.816139+00:00,False,ko-codex-v1
c6ko6a,B,64067743ae71c703e1c62d5c6cee779f680333137b34e2e0958e2cd6dc97351b,1e07ed560c582de578e2c932ee2d206efb7a8d4890b05a1c18957127b251be82,1e07ed560c582de578e2c932ee2d206efb7a8d4890b05a1c18957127b251be82,revised,2,2026-10-03T12:20:17.690635+00:00,False,ko-codex-v1
c6kz9s,A,f693362da0307976b0fac460a40d4e300e524810c01e5cf90e30bf36d4d445f4,4f3c4c3346b671e50958cf1ca6ce09c58cbc83ca6189164c83f6a660a5780a22,4f3c4c3346b671e50958cf1ca6ce09c58cbc83ca6189164c83f6a660a5780a22,revised,2,2026-10-02T22:59:38.738516+00:00,False,ko-codex-v1
c6kz9s,B,c9e63f2c416c21ea92a41425e8dc5044640e47f193bac9879b124730843a1c77,056c7cd338c6c1400873f94504abc7399c0713a69961b6e0bde2c8bf7ff90c75,056c7cd338c6c1400873f94504abc7399c0713a69961b6e0bde2c8bf7ff90c75,revised,2,2026-10-03T10:51:50.014143+00:00,False,ko-codex-v1
c6p8sz,A,523abdafa34bcce74a7d5da673a5964dcc74ebde3875610896d73408a9ae19b6,018c72263d1da22f7adff6d958618a1bb589033e5602689f1f06998f70079861,018c72263d1da22f7adff6d958618a1bb589033e5602689f1f06998f70079861,revised,3,2026-10-03T11:19:50.582622+00:00,False,ko-codex-v1
c6p8sz,B,a1b732867fd9f25b6cb59109fdf54e7dccd5f883f38d8cfb343e4bfa8f4719e6,bc06ba43c21fdb0b2fc6a7cf96e16f162429b3fbea3521e8375044d83c80908b,bc06ba43c21fdb0b2fc6a7cf96e16f162429b3fbea3521e8375044d83c80908b,revised,1,2026-10-02T22:21:30.197087+00:00,False,ko-codex-v1
c6q8kw,A,40f9a3698f861dd3aac82e79e62088058742e7f09b1bfc6dca3a22ba3798f46a,434a9070b07031fc3f3cc147a16c829dc36b16b955c9a13cc339d8e112e363ee,434a9070b07031fc3f3cc147a16c829dc36b16b955c9a13cc339d8e112e363ee,revised,3,2026-10-03T05:30:11.784908+00:00,False,ko-codex-v1
c6q8kw,B,25e0e2fbed69a36523c9d1c731369329a838c84953e022a74b1f4c320d36ade1,6c4a1a4a6f7a250562304cb31afbc6d4560b66f23655a2e44ae7e444e43e8d77,6c4a1a4a6f7a250562304cb31afbc6d4560b66f23655a2e44ae7e444e43e8d77,revised,1,2026-10-03T00:08:40.029198+00:00,False,ko-codex-v1
c6rkcd,A,cbd7ae035505512352ed8251717e7a664d5daa8b1147a201cf8ab9a48c406041,da2fa542d096a9c436e42c7de3c677a59d3a6ca511817ae37b0c10a02119e81a,da2fa542d096a9c436e42c7de3c677a59d3a6ca511817ae37b0c10a02119e81a,revised,7,2026-10-03T05:23:07.173191+00:00,False,ko-codex-v1
c6rkcd,B,cdaf31bdada56da21ae7ff523b4a02ca5870a5d2a62d167f4f81bd747fe280a9,aa3b1924002bb403b8b30de4647db1d8b23872810dcf62011ee8dbb866f4bc1d,aa3b1924002bb403b8b30de4647db1d8b23872810dcf62011ee8dbb866f4bc1d,revised,2,2026-10-03T12:05:51.527498+00:00,False,ko-codex-v1
c6u4zu,A,94fe11a4a5b18892e0a21eee0226d833640854314519ee755c6421066ed921a4,96e547bf2ab54bed53a7cfc3c0eecdf0c3bee930da8800c848107278309c2ff4,96e547bf2ab54bed53a7cfc3c0eecdf0c3bee930da8800c848107278309c2ff4,revised,4,2026-10-03T01:28:26.295808+00:00,False,ko-codex-v1
c6u4zu,B,41a88cdbfef30b61b91b76dc496e119b654e1ac5db44b4faa308832220c45d7f,7d91ed4ff5910116bb47c392ab09c15d9c5a7a2d1570de938b0e9be075022065,7d91ed4ff5910116bb47c392ab09c15d9c5a7a2d1570de938b0e9be075022065,revised,2,2026-10-03T03:30:15.095309+00:00,False,ko-codex-v1
c6v8ls,A,ac6404407c78242897600bdccc6064b8209df718271ea3cc49bc97e02a3ac35f,b1976f0e2ab3f8ab5406d1320a5307752360e7964e874b1d90060f404ce9e60b,b1976f0e2ab3f8ab5406d1320a5307752360e7964e874b1d90060f404ce9e60b,revised,2,2026-10-03T05:39:51.477033+00:00,False,ko-codex-v1
c6v8ls,B,798ea07e9d19ecbd2d40a01322293832fcf3201d67835bf8311cb30db869afa1,5fb7ae502fde71e867949f031d4b217a917b840cb52fe998eb998cd6fb7a9b4b,5fb7ae502fde71e867949f031d4b217a917b840cb52fe998eb998cd6fb7a9b4b,revised,1,2026-10-03T01:36:29.555465+00:00,False,ko-codex-v1
c6zfvw,A,f457192b949806064b187a48375f7a526a78163a0bea430eb3d9464b8ce3018e,204f35702c71af0ef5228099c437a0d35a1d55240067810e1847fcf6a1277983,204f35702c71af0ef5228099c437a0d35a1d55240067810e1847fcf6a1277983,revised,3,2026-10-03T02:53:52.250431+00:00,False,ko-codex-v1
c6zfvw,B,afcaed68d2459cfdafdfa15a643ce73e2a2e02ce67029a8c016b9f8cb52db51e,afcaed68d2459cfdafdfa15a643ce73e2a2e02ce67029a8c016b9f8cb52db51e,afcaed68d2459cfdafdfa15a643ce73e2a2e02ce67029a8c016b9f8cb52db51e,pass,0,2026-10-03T06:18:21.648224+00:00,False,ko-codex-v1
c76rq2,A,98f83a56af00e9c77dcb051b14626f8fdd2ce672148ea319e79d9f38070676a9,87a7e341dd8bb5c45783f57246b72cfe4b6dcd4f5993b5d6733278b5c16ba5dc,87a7e341dd8bb5c45783f57246b72cfe4b6dcd4f5993b5d6733278b5c16ba5dc,revised,4,2026-10-03T03:58:28.695087+00:00,False,ko-codex-v1
c76rq2,B,8c611d8d60451fc945ea300febd6fcd6e2bd228b4176eaf307b823d771e73fa1,f5ed1c9dd672f78ba5988880667b2274de1147e3d512132ef5008473986a886c,f5ed1c9dd672f78ba5988880667b2274de1147e3d512132ef5008473986a886c,revised,3,2026-10-02T23:58:59.340742+00:00,False,ko-codex-v1
c77otg,A,9eb424dd3948d20d51823223f6089e6620ba29201dfe99e9de80640e3ddb5e82,92f428923c390b96c3e31d553cbc5e76f5e35f591b61048632f9184d4648084c,92f428923c390b96c3e31d553cbc5e76f5e35f591b61048632f9184d4648084c,revised,5,2026-10-03T07:30:05.719015+00:00,False,ko-codex-v1
c77otg,B,4d50cf076294935a33341cd384ddafd506bd3c7b05e26bdb4e7420ced091e54f,15622c063d23d583400fa2e2c74b9599336f9ac1f77689d51ffd36b4e6f2da7d,15622c063d23d583400fa2e2c74b9599336f9ac1f77689d51ffd36b4e6f2da7d,revised,1,2026-10-02T21:49:03.960803+00:00,False,ko-codex-v1
c78bl3,A,e7f2532f271a9fa3d8ed284e95677f3f8a289cf192ea4f5930cf36031ce19fa3,688fe39ff5d1b1d337bdd35d9ea0db48e3a3e9c6fd2062c94c02e870ab811d61,688fe39ff5d1b1d337bdd35d9ea0db48e3a3e9c6fd2062c94c02e870ab811d61,revised,5,2026-10-03T08:21:24.749924+00:00,False,ko-codex-v1
c78bl3,B,ff1d0ac0cb328bcf7ad43c4f8330ed28bcf5795b20903fbded0ce7dfe10a9617,ff1d0ac0cb328bcf7ad43c4f8330ed28bcf5795b20903fbded0ce7dfe10a9617,ff1d0ac0cb328bcf7ad43c4f8330ed28bcf5795b20903fbded0ce7dfe10a9617,pass,0,2026-10-03T12:22:20.505650+00:00,False,ko-codex-v1
c7dti7,A,7df932040bb69e25fef36a8d88e19f60f499a708c339f50d34e5ff8d1e5c24d4,f19137c55ffb16ea90467fb7927d3938d8c4f0858b95a836f54519e6352d2def,f19137c55ffb16ea90467fb7927d3938d8c4f0858b95a836f54519e6352d2def,revised,6,2026-10-03T06:00:53.959131+00:00,False,ko-codex-v1
c7dti7,B,bd4e8e16cb02c40594273755d3cc31c26b7ffcbb3c8709a7cc83e5a769e14d6b,962f06da44c996a83049e8be05c507ef1eb877cc9cfc5a0d7f308fc6b63fcc64,962f06da44c996a83049e8be05c507ef1eb877cc9cfc5a0d7f308fc6b63fcc64,revised,3,2026-10-03T08:10:56.440712+00:00,False,ko-codex-v1
c7g6mt,A,65e806d62fc5162dc944c36601c283126e70d84680130452c99baee8ffe3e33e,65e806d62fc5162dc944c36601c283126e70d84680130452c99baee8ffe3e33e,65e806d62fc5162dc944c36601c283126e70d84680130452c99baee8ffe3e33e,pass,0,2026-10-03T05:58:14.439053+00:00,False,ko-codex-v1
c7g6mt,B,6842f044cd02338f5156710af1eb478309e95bce1ac6cd1376eb60973df6fbf8,5e6baa14d690a652ae9ae54755e9b1f4419eb42c0758abfcd6ce6fe2a99aedfc,5e6baa14d690a652ae9ae54755e9b1f4419eb42c0758abfcd6ce6fe2a99aedfc,revised,2,2026-10-02T23:45:11.613605+00:00,False,ko-codex-v1
c7khw1,A,7cccf42909c72f814ed4c6c53586747ebe636e5b4c158788eff64f7640de63df,0de86b3fdbdc5c685c8590594e45d8d62afe6dc26376166f83763df7b17295ac,0de86b3fdbdc5c685c8590594e45d8d62afe6dc26376166f83763df7b17295ac,revised,6,2026-10-02T21:02:55.242131+00:00,False,ko-codex-v1
c7khw1,B,9b84ac8df6d09b4a3626cf48429020f85ec79bae12badd9e412c7e2cfaccbfac,9b84ac8df6d09b4a3626cf48429020f85ec79bae12badd9e412c7e2cfaccbfac,9b84ac8df6d09b4a3626cf48429020f85ec79bae12badd9e412c7e2cfaccbfac,pass,0,2026-10-02T23:36:47.247544+00:00,False,ko-codex-v1
c7tgtd,A,693306c8fef9bac6d7acb1efa2cb09a79e154e883cde6712023187bba894e498,693306c8fef9bac6d7acb1efa2cb09a79e154e883cde6712023187bba894e498,693306c8fef9bac6d7acb1efa2cb09a79e154e883cde6712023187bba894e498,pass,0,2026-10-03T00:51:32.872045+00:00,False,ko-codex-v1
c7tgtd,B,fb380830bef474849b19b805a932f9a55b297f91e1845fb51eedf97e6b3aaf64,66bb55addb1f3e6367ed33ecaef3767c8ec9b8d885595fc29af58ff9364b22bd,66bb55addb1f3e6367ed33ecaef3767c8ec9b8d885595fc29af58ff9364b22bd,revised,1,2026-10-02T21:08:59.566673+00:00,False,ko-codex-v1
c7v2z0,A,841c4f6717c1a74b7e017b0035aecff11fcda1d73f320044e2226d0e17b55905,55185d74d3a87644b5f7f7b98843880613a737248f3f46b68eb7b65cdf768f8a,55185d74d3a87644b5f7f7b98843880613a737248f3f46b68eb7b65cdf768f8a,revised,4,2026-10-03T00:47:30.367195+00:00,False,ko-codex-v1
c7v2z0,B,b6a04a7ea661f7ad48d6ab74ebe7dd3ed3992ab5071a33a6e0aa3e1a9a02db09,7f6cb46a9b49cde9109ab11de4799851761ffd69a80fd0b9cebea00aa00999ec,7f6cb46a9b49cde9109ab11de4799851761ffd69a80fd0b9cebea00aa00999ec,revised,3,2026-10-02T22:10:18.325172+00:00,False,ko-codex-v1
c81dfe,A,25a11f67db231918bdd9eed2a02eab64f33fbe62801c04e80cf46d2235f27cb7,8cb3f18de964d5521bd33e2225f4bffd457a1894f95ab3d5a8f705a73d6a8f8a,8cb3f18de964d5521bd33e2225f4bffd457a1894f95ab3d5a8f705a73d6a8f8a,revised,3,2026-10-03T01:16:29.382001+00:00,False,ko-codex-v1
c81dfe,B,85ccd3baa70f0dac5bd6ecf86a5aeab03d04a6efb4b20492106eb72640675d08,de6bf266dd5be836f9c7f073d19caf3d9a7a0bc43d899084f84b1dee7246b1e9,de6bf266dd5be836f9c7f073d19caf3d9a7a0bc43d899084f84b1dee7246b1e9,revised,1,2026-10-03T12:24:40.473048+00:00,False,ko-codex-v1
c87313,A,12d54c4dcd6544f6e1503aa0fc19ff2c4e81a33ca305e2bc6e6402f6421f8fe1,5d2a9d7e85b17f80230711a7002a98e86e441a7d92a6dcc33e87c497e1a846e7,5d2a9d7e85b17f80230711a7002a98e86e441a7d92a6dcc33e87c497e1a846e7,revised,3,2026-10-02T21:29:07.703641+00:00,False,ko-codex-v1
c87313,B,f713039b4b865d3365a76f8c5676c6e3e09a45b92242ec4986d0f81e0e386bcc,51ec136f86f864cd4f1dc0ce3e5f116ac3e5a6c5be42268af535ed8b6d5c63f5,51ec136f86f864cd4f1dc0ce3e5f116ac3e5a6c5be42268af535ed8b6d5c63f5,revised,2,2026-10-03T07:34:53.227930+00:00,False,ko-codex-v1
c88vlb,A,eeadd10ba95fd0b5a19653c6c89fdc3a3e3418792eca927302aaac517aa0d13a,1d98a6a39763cd293a34f6387c8551673916a30bf67ded806d82895c0b54e4a6,1d98a6a39763cd293a34f6387c8551673916a30bf67ded806d82895c0b54e4a6,revised,4,2026-10-03T03:47:42.084333+00:00,False,ko-codex-v1
c88vlb,B,86a84bdb2417bdc810577b739e0a3c3a3ff4c12374dde793e8f0049ef6ebbeaa,7045e4984e83b8fed17273f1b427416d81d06377597eee6360cf355810d540b4,7045e4984e83b8fed17273f1b427416d81d06377597eee6360cf355810d540b4,revised,1,2026-10-03T04:17:59.561411+00:00,False,ko-codex-v1
c8ashx,A,6f06f8ad7c44684ca5a39c8922f8b3d617b30ba9cc3550194a41ae300f658cfe,0c609508749ff558e6a749eec7ee68843389b4279e8ba59244df13927150ca61,0c609508749ff558e6a749eec7ee68843389b4279e8ba59244df13927150ca61,revised,4,2026-10-03T10:53:52.075183+00:00,False,ko-codex-v1
c8ashx,B,fa6e50cf5a867c3d6d19149b6f33366f665d88f99e266c00a66ffea278774933,32df19e3e42810137a6b086af56b417d49cebe4058d6e8bb0b0e48acfd407914,32df19e3e42810137a6b086af56b417d49cebe4058d6e8bb0b0e48acfd407914,revised,5,2026-10-03T05:00:35.306479+00:00,False,ko-codex-v1
c8cuke,A,ad82817cc3f4097df78b6803052b5f18acad01ee462d3de8aa89558e704a45f3,3f1f230864c3fda9fe345285fb16c4ef5f8c5438fcba7106cbcef4b579cc53ec,3f1f230864c3fda9fe345285fb16c4ef5f8c5438fcba7106cbcef4b579cc53ec,revised,4,2026-10-03T05:39:20.045045+00:00,False,ko-codex-v1
c8cuke,B,ce42e9cf57b49670ceb9792b596d91c0a79fcc92a6f7143088a3c66821c48f13,17c478f2f58911078ed71aca9dcaa46f0328a98b3e73f6ca03e3f46855ff0ec6,17c478f2f58911078ed71aca9dcaa46f0328a98b3e73f6ca03e3f46855ff0ec6,revised,1,2026-10-03T06:36:17.695935+00:00,False,ko-codex-v1
c8e3mj,A,5fecb57c029149d079d67ac538620c5127049101513175fd07fded92d970cef3,436303a6afc3e787ba12bdbf45f431e7b7494451ba092ce028013ed5991c66d6,436303a6afc3e787ba12bdbf45f431e7b7494451ba092ce028013ed5991c66d6,revised,5,2026-10-03T04:23:26.384028+00:00,False,ko-codex-v1
c8e3mj,B,27353f4f079bd481308b8822f1771d330960cf478c766a63418f456ce6fead41,791d2a32875f68de625e5451f3cd253ad146a0389e7241d623b73a226699eeb4,791d2a32875f68de625e5451f3cd253ad146a0389e7241d623b73a226699eeb4,revised,2,2026-10-03T13:19:58.953771+00:00,False,ko-codex-v1
c8jlvi,A,a7a75c2815689cf4c6c2efcb51799cecbca600cd0b5b9f6db83d4ba6feaeee27,94f0418b9eda6265023391e587a3bce4782f0d74727976310dc97930550e044c,94f0418b9eda6265023391e587a3bce4782f0d74727976310dc97930550e044c,revised,3,2026-10-03T04:01:48.761229+00:00,False,ko-codex-v1
c8jlvi,B,703067a6a73e5f5f78a97d5c04496840655fe9ff5311fa89235d2e08fb0bd669,9f262a5d7027fb54992b2e0371ac4090572daf5b388603ab40d83ca30bf26d76,9f262a5d7027fb54992b2e0371ac4090572daf5b388603ab40d83ca30bf26d76,revised,1,2026-10-03T00:35:10.152951+00:00,False,ko-codex-v1
c922gz,A,e4068a8a576bcf73e5f4d365da81a3fcebde2132ee8aced2ec9995711ed7c15a,402d610cd4bc5fcbb6a127af0c9c0594e5ad0d836d96c19c01dd6132c552b6bf,402d610cd4bc5fcbb6a127af0c9c0594e5ad0d836d96c19c01dd6132c552b6bf,revised,6,2026-10-03T00:43:55.949203+00:00,False,ko-codex-v1
c922gz,B,25e7271951b5e207ad7a2c9c3f8d43c63a6b614b2ddfabba22381d68748da2fe,405a6edaa8bc7f8e81b52ec31ff9e20905156f9ce143f7e40773b984c443f5bb,405a6edaa8bc7f8e81b52ec31ff9e20905156f9ce143f7e40773b984c443f5bb,revised,3,2026-10-03T11:51:30.091796+00:00,False,ko-codex-v1
c92cg7,A,b750439e664931f48317d01fc8dc226566022b800adda3f324c4fdac3af7fd0f,eeb2b2c3d36c272e10cf225c372229b577a775af6255cb9acac0b2f8df7fef04,eeb2b2c3d36c272e10cf225c372229b577a775af6255cb9acac0b2f8df7fef04,revised,5,2026-10-03T05:46:05.378733+00:00,False,ko-codex-v1
c92cg7,B,cbefa6bbda61959dd93fa9f24960d3dcf61a08bff3807dedb3eff324dc3b7114,a9d26befa23597d621036bc3c60e4b9beaacd929bb5f6e5d0c411c3e81c0824f,a9d26befa23597d621036bc3c60e4b9beaacd929bb5f6e5d0c411c3e81c0824f,revised,8,2026-10-02T23:16:45.432036+00:00,False,ko-codex-v1
c95tnj,A,0e7f4a87d4287e28b0c3d15b60f7d7c3dc97230bb0560f335e7a180845aa7c30,790a5e993f47a8914940bd7c6c24aaa6f9fb681f342a5342144670c200df5aee,790a5e993f47a8914940bd7c6c24aaa6f9fb681f342a5342144670c200df5aee,revised,5,2026-10-03T00:18:44.227192+00:00,False,ko-codex-v1
c95tnj,B,c16fbf759c65e622a1489b84c323c719a1f6d49917aeeb91077101cf29b7c7f3,ecf7a4e42e36f5126f249d0f488315bade3312dc504ec610766549134e2523b7,ecf7a4e42e36f5126f249d0f488315bade3312dc504ec610766549134e2523b7,revised,4,2026-10-03T11:31:12.796701+00:00,False,ko-codex-v1
c99gvl,A,7c99e39016e46b30ea3a556ca8705ecc8e24644e0c5f2578ebe13d6e808a5762,11e2995af415f159657cfbf2f8fcc3f8437e6ca4405f78fabad4738da11dc52e,11e2995af415f159657cfbf2f8fcc3f8437e6ca4405f78fabad4738da11dc52e,revised,9,2026-10-03T00:20:08.557623+00:00,False,ko-codex-v1
c99gvl,B,55162307e7642446c739a796324612c4e006293d65a802f6c78209abafebded7,8afda97b7ac38da8ea82ae92741af59ea204e3ce74726781017c402d1af0bb95,8afda97b7ac38da8ea82ae92741af59ea204e3ce74726781017c402d1af0bb95,revised,3,2026-10-02T23:14:14.541311+00:00,False,ko-codex-v1
c9c60r,A,6b5c1aa7541b8ca918727a619b42c677da4fbfa676705f47bddd2c3ea04962f0,a4ac6d570b9f139150a61b3a08b3c0c7f8a9004443cbce3224053d3a7dfad2b1,a4ac6d570b9f139150a61b3a08b3c0c7f8a9004443cbce3224053d3a7dfad2b1,revised,4,2026-10-03T05:05:46.218707+00:00,False,ko-codex-v1
c9c60r,B,86d6a16aa6e067bca56007d3c9d3e63358e4858127d037de2251bc938889415c,05701342fd3755a6853f129b0b2852079ac73b7e2f21f66af9d5a986b314fe33,05701342fd3755a6853f129b0b2852079ac73b7e2f21f66af9d5a986b314fe33,revised,3,2026-10-03T01:44:36.681608+00:00,False,ko-codex-v1
c9iy5b,A,c8c91735f952e2d32d46b1fa30b6cf645f5517af5a1aab197192ac1ae990bad2,453e01a4aa87b21bf8b13c3f05508c9b2a89cb013040c3dac4bc3acf69fed6b1,453e01a4aa87b21bf8b13c3f05508c9b2a89cb013040c3dac4bc3acf69fed6b1,revised,6,2026-10-03T10:39:05.137343+00:00,False,ko-codex-v1
c9iy5b,B,8ef70c5c4e91c5c4fcc272b372d9bdac41c713422e409dad8f9a4406e9887165,8402c1d0d6c2ba6ccffe77bba2093712e91ae1d2dd66baa0e61cb4d4c566e49a,8402c1d0d6c2ba6ccffe77bba2093712e91ae1d2dd66baa0e61cb4d4c566e49a,revised,5,2026-10-03T07:41:58.053816+00:00,False,ko-codex-v1
c9kyj9,A,0859d1881118ca62923efd7d540a8fa9bf4dbf7cc632649bd0557c9bcc2c78ac,e6df1ae69bc37927b4f8fd2e0bc2d520453b5d81b13d8743424e5b5b35ae1127,e6df1ae69bc37927b4f8fd2e0bc2d520453b5d81b13d8743424e5b5b35ae1127,revised,3,2026-10-03T02:44:04.418846+00:00,False,ko-codex-v1
c9kyj9,B,aa1cf0cfdad41d91f2171ef54841f67a10cddf535108f68ab0bec9d294fdca72,460a87ba74a5386918e14329103fc4fa0cec11625a6a23c535501e39f2729ca8,460a87ba74a5386918e14329103fc4fa0cec11625a6a23c535501e39f2729ca8,revised,3,2026-10-03T03:50:14.700238+00:00,False,ko-codex-v1
c9l6fq,A,11537eaf8c0fe91ef266d834203e480ebb2daf4a48b23ad57b1a8d63cdce8593,d04bb6c044f4474833c1eeb4a24503544ed171ab2c345da15bf81a6ed996c8d3,d04bb6c044f4474833c1eeb4a24503544ed171ab2c345da15bf81a6ed996c8d3,revised,1,2026-10-03T07:43:42.143377+00:00,False,ko-codex-v1
c9l6fq,B,567aa3c3c103e7f95123d23414f31fc6149f44bf1274f9799ca22d05eea674fd,7afd1afd4c1196034e32833b180bb60f497b3c13c1f67cf7f7d513fdbb98420a,7afd1afd4c1196034e32833b180bb60f497b3c13c1f67cf7f7d513fdbb98420a,revised,1,2026-10-02T23:44:33.094509+00:00,False,ko-codex-v1
c9n304,A,619a8754ec5a7cc085e4b6a9723e65e826c2b0cdc0eef02ea30675db4e75d592,3082fff85b515385d13f6e1b8fb81d4aa396914828f3c177db65e6e7b8678f6a,3082fff85b515385d13f6e1b8fb81d4aa396914828f3c177db65e6e7b8678f6a,revised,4,2026-10-03T08:50:57.980844+00:00,False,ko-codex-v1
c9n304,B,92ab5fc54f4b44311a447ba2ea0a724de17c8e3c1d13e88033ee9905fa97ecfa,92ab5fc54f4b44311a447ba2ea0a724de17c8e3c1d13e88033ee9905fa97ecfa,92ab5fc54f4b44311a447ba2ea0a724de17c8e3c1d13e88033ee9905fa97ecfa,pass,0,2026-10-03T06:25:48.450511+00:00,False,ko-codex-v1
c9ov16,A,159b60b3c5b42bc5b8043c3b15316ef33de4b31193c05e7ada622740a741a8cd,fe34d28b82de62665906f3fb56b994c2f117c7271d922ec5bd27071d67270fdd,fe34d28b82de62665906f3fb56b994c2f117c7271d922ec5bd27071d67270fdd,revised,6,2026-10-03T04:46:42.993408+00:00,False,ko-codex-v1
c9ov16,B,da7fa63d1f34b092210f032013e22d306008307ea431001f78e226185e00899b,6110d9a05da10e80d90e17b231b9204578aaef4621fcb0b3b751cbb2e6ba6c1c,6110d9a05da10e80d90e17b231b9204578aaef4621fcb0b3b751cbb2e6ba6c1c,revised,2,2026-10-03T07:13:13.455691+00:00,False,ko-codex-v1
c9phlg,A,b82801cb82ce98f6cb8727721e9bf8c85e1b80ffa8e63b7a985db20043bf4fb2,f11c15a723bf4cbd7133868571ca4dbabe44ede24322ef57e4716e9ce93f642d,f11c15a723bf4cbd7133868571ca4dbabe44ede24322ef57e4716e9ce93f642d,revised,6,2026-10-03T00:57:56.902364+00:00,False,ko-codex-v1
c9phlg,B,b773e33bbd6317de4aa278921b93558b94e247c6b92450d8bd5b82fe11c05929,f14f09a1e6ebc748a863e45b156be80eb65b3b4bd2c9d0c0a0c6708106b31b7b,f14f09a1e6ebc748a863e45b156be80eb65b3b4bd2c9d0c0a0c6708106b31b7b,revised,2,2026-10-03T11:40:29.337422+00:00,False,ko-codex-v1
c9swu0,A,fc3c93d4b424f972121c38c453c035f94ec41a0f34ef3cba68d748a488939047,71990a264154469a916cffb7810ad09eeb4a412e41ef6179c65419997bc87c58,71990a264154469a916cffb7810ad09eeb4a412e41ef6179c65419997bc87c58,revised,2,2026-10-03T05:37:29.322637+00:00,False,ko-codex-v1
c9swu0,B,5fd8c16c52a34f3bd5658e3fd277bdb39806ff394ac9809e5c0de837a62816ab,7fbe7f87e06979774824837fc52d170e808febcf46c5f225939429a756e3936f,7fbe7f87e06979774824837fc52d170e808febcf46c5f225939429a756e3936f,revised,1,2026-10-03T04:13:29.359433+00:00,False,ko-codex-v1
c9uokb,A,7b2650b98724ac57ce0a05ced5e3b24945e73263881ad370890339f3634c8aba,883c6512c39476a0d7e222d20870e19386148e794cc36daede62d31c21abaebb,883c6512c39476a0d7e222d20870e19386148e794cc36daede62d31c21abaebb,revised,1,2026-10-03T10:44:56.832794+00:00,False,ko-codex-v1
c9uokb,B,53c5c9037f0d6e991d25ca2f6c99b7e43b21ccef0ba9658544299aee11651f04,bc90e94bc37b9981f5bf7925b92b78484fb11c32c43266e98042382c8cba56e1,bc90e94bc37b9981f5bf7925b92b78484fb11c32c43266e98042382c8cba56e1,revised,3,2026-10-03T00:30:38.423923+00:00,False,ko-codex-v1
c9w4za,A,f768866a6321c52aeeaf3c5ff95e462e5fdcb80af89abddf1ea9bbc33b0ac482,f768866a6321c52aeeaf3c5ff95e462e5fdcb80af89abddf1ea9bbc33b0ac482,f768866a6321c52aeeaf3c5ff95e462e5fdcb80af89abddf1ea9bbc33b0ac482,pass,0,2026-10-03T03:17:44.488342+00:00,False,ko-codex-v1
c9w4za,B,1a7fc402aca4f398b1f427839f3cfb198f70ed203e36b46bd0c92d9fe61ecea4,1a7fc402aca4f398b1f427839f3cfb198f70ed203e36b46bd0c92d9fe61ecea4,1a7fc402aca4f398b1f427839f3cfb198f70ed203e36b46bd0c92d9fe61ecea4,pass,0,2026-10-03T02:19:45.557894+00:00,False,ko-codex-v1
ca1nm1,A,416ee3e6821197afd2b2908138c02770a13f2ded4d584e09f940dd2d8b9a2d35,416ee3e6821197afd2b2908138c02770a13f2ded4d584e09f940dd2d8b9a2d35,416ee3e6821197afd2b2908138c02770a13f2ded4d584e09f940dd2d8b9a2d35,pass,0,2026-10-03T08:29:16.470731+00:00,False,ko-codex-v1
ca1nm1,B,4a1859605e79ae0a4e95bc9dd7b55ec581b4660c13b76172b22ea6784da80bfc,86c255a89cb56118e08daffe813e2f175a9fff7496c1b5d79d176fe5cdcc12c5,86c255a89cb56118e08daffe813e2f175a9fff7496c1b5d79d176fe5cdcc12c5,revised,4,2026-10-03T11:28:17.866262+00:00,False,ko-codex-v1
cagy16,A,844a7840f9d95746562d779278947a5207693ee3c519d0337b23bb9dd7ffd089,4e24af83c5b370dbd6ddbc30b3a3b62b53276d3d29ebd7c6ce7e18e7317b329f,4e24af83c5b370dbd6ddbc30b3a3b62b53276d3d29ebd7c6ce7e18e7317b329f,revised,2,2026-10-03T11:58:12.429157+00:00,False,ko-codex-v1
cagy16,B,e7a9649e23a7bcf3d30c24c88455d24f186262c9da2467b6b456d01f63895337,687bc31661a7e8f0c57193f8ef0ec246dcdab9b759453cc8c67fab4d074c0880,687bc31661a7e8f0c57193f8ef0ec246dcdab9b759453cc8c67fab4d074c0880,revised,1,2026-10-03T07:57:16.682079+00:00,False,ko-codex-v1
cam5in,A,f83e738a914615de5d9a361819dd9b8c62da2e86483551b070cb20f765216997,a891138bc90c33ea5e8ff87053cc119b2a09cf524676d61e606370ff1383706c,a891138bc90c33ea5e8ff87053cc119b2a09cf524676d61e606370ff1383706c,revised,1,2026-10-03T01:04:27.541592+00:00,False,ko-codex-v1
cam5in,B,2a2fbd2eff9a065c05c61e3fc9c145df55a7850e0fc31f1237e25bac60c5d95a,2a2fbd2eff9a065c05c61e3fc9c145df55a7850e0fc31f1237e25bac60c5d95a,2a2fbd2eff9a065c05c61e3fc9c145df55a7850e0fc31f1237e25bac60c5d95a,pass,0,2026-10-03T07:03:50.413188+00:00,False,ko-codex-v1
cansu8,A,fc013d8476860bbf2c0e2f8fbc603f8f086685d9da35abf0e8a2e8d7d56e7c80,fc013d8476860bbf2c0e2f8fbc603f8f086685d9da35abf0e8a2e8d7d56e7c80,fc013d8476860bbf2c0e2f8fbc603f8f086685d9da35abf0e8a2e8d7d56e7c80,pass,0,2026-10-03T07:50:14.979775+00:00,False,ko-codex-v1
cansu8,B,a2ec99174686d7ec7401ba01554a49d2b48245015001907c8aea022a5872535a,a2ec99174686d7ec7401ba01554a49d2b48245015001907c8aea022a5872535a,a2ec99174686d7ec7401ba01554a49d2b48245015001907c8aea022a5872535a,pass,0,2026-10-03T02:25:32.819653+00:00,False,ko-codex-v1
cas5j2,A,d4147801f0da08768e59a64725bbdedf85c7d3a47904cf03cdb22913777d5724,312ef18d6b5c6a72278789c57aaa63eabbb0c736c24a1638f4f40ca90fb04941,312ef18d6b5c6a72278789c57aaa63eabbb0c736c24a1638f4f40ca90fb04941,revised,1,2026-10-03T05:50:32.558309+00:00,False,ko-codex-v1
cas5j2,B,1b9ad821479d83447cb295bdb2d7a07164b86aee791c4635fe62205d3f63a09f,be8c09c0a1187cc9efb1f51d81271f3defd14e596f11250a378ef388cc0db935,be8c09c0a1187cc9efb1f51d81271f3defd14e596f11250a378ef388cc0db935,revised,1,2026-10-03T04:27:28.707089+00:00,False,ko-codex-v1
caubp9,A,0d7c29e5e3ad5dc85e18476b45351c1cb7e2c1c2807e812984c25a488fe6dad6,9238f13626f8b7a3d56150fce4398b00f2946d2f61c70a9b47dfc52cd223f509,9238f13626f8b7a3d56150fce4398b00f2946d2f61c70a9b47dfc52cd223f509,revised,3,2026-10-03T05:38:36.755779+00:00,False,ko-codex-v1
caubp9,B,dae16e366202455721b16ed0e571d817fae4c7253c1fc1e7d488d0ca836b96de,cb403c881b68680024e0c9869097ad8c548f8ba668077d3e9637432317ec0de1,cb403c881b68680024e0c9869097ad8c548f8ba668077d3e9637432317ec0de1,revised,1,2026-10-03T03:22:49.400376+00:00,False,ko-codex-v1
cb0z08,A,32149aee4bd681d0aa80bb5a66b4aac43085ae1bfbc1cfd83be31f2959243f08,cbe06c86bd5f8c34d4b77940dcec6f658a8485504fce03066565ee3504cf1bd7,cbe06c86bd5f8c34d4b77940dcec6f658a8485504fce03066565ee3504cf1bd7,revised,4,2026-10-03T05:38:07.202373+00:00,False,ko-codex-v1
cb0z08,B,9b36cef6e08e06d99e3d8e3c1835f7711af186310fcf3c4ae90d335824b0cc8b,83a0edb4dfc2acd7262d0ec8dc514bec139838ccd16c86675501f690966b8265,83a0edb4dfc2acd7262d0ec8dc514bec139838ccd16c86675501f690966b8265,revised,2,2026-10-03T11:38:55.642640+00:00,False,ko-codex-v1
cb3lxd,A,6734f7ce55f222d7ed1305c77105abe7b08d72afa4a2dd2148c7e2daeacf656b,07746243417c345ade59c3da2f5ef48a8ce4fd5eddd40b69b16656616c7216d7,07746243417c345ade59c3da2f5ef48a8ce4fd5eddd40b69b16656616c7216d7,revised,5,2026-10-03T06:49:50.244246+00:00,False,ko-codex-v1
cb3lxd,B,895fb1ee0cc2cfb9919a7ffddfbd2d30300e1df041b8011ac25b53ce4982db21,b8ef86fa988fa564bb13d438d283d7cc64cb0bce8aabb40f1260d0853f002e9a,b8ef86fa988fa564bb13d438d283d7cc64cb0bce8aabb40f1260d0853f002e9a,revised,2,2026-10-03T01:56:52.756112+00:00,False,ko-codex-v1
cb4eu4,A,7cbea371837db9db77fbcf7d5b818eb715e683af89ae9f5f61c8e24429735d66,5a82563b7c07fcde53ec4b16b7159f80ae3c17bdaf1eb451315816f437f8ca71,5a82563b7c07fcde53ec4b16b7159f80ae3c17bdaf1eb451315816f437f8ca71,revised,3,2026-10-03T13:18:41.315643+00:00,False,ko-codex-v1
cb4eu4,B,775917aac733e5c4e3edead3dbcdb5b6658bdb2cc4e74ee6e2af0bc4fff9c1ce,98ece23c16a060795f78e99de26c3181a39c5de5da4c884056c1a7f668f874d0,98ece23c16a060795f78e99de26c3181a39c5de5da4c884056c1a7f668f874d0,revised,3,2026-10-03T02:40:46.414108+00:00,False,ko-codex-v1
cb8y81,A,9b9c03e50085a36d12705e0b6c07b463fba9e3e694c8b99d5280432210d6d711,244034c20af5211473916a305f0298b4994097a587984407901443195a2ca9d1,244034c20af5211473916a305f0298b4994097a587984407901443195a2ca9d1,revised,5,2026-10-02T21:34:57.658599+00:00,False,ko-codex-v1
cb8y81,B,185fa92b7d8e0489afadf50f64caa3d1c6e27d096a922f5dfa7ab978e89177bf,776f161f1dbadc61db4eb0145c8a4fdd2617e28323c0d726a86e05cca0936ef6,776f161f1dbadc61db4eb0145c8a4fdd2617e28323c0d726a86e05cca0936ef6,revised,2,2026-10-02T23:58:06.478087+00:00,False,ko-codex-v1
cbaioo,A,35d63736cb763745d9360dee326a4507e193e7d93e01176f7cdfcb6fd00b8a46,c9bdadd76ab7bb1021756b647a0b8d8f1cb5593763eec3056ff010cf9850a74d,c9bdadd76ab7bb1021756b647a0b8d8f1cb5593763eec3056ff010cf9850a74d,revised,2,2026-10-03T03:48:50.723505+00:00,False,ko-codex-v1
cbaioo,B,b89bbcc452bb24384067dc4441d8bc97a0be8b33483659be131aa85eb48eb51f,c111b17b2b4bcb010ae826aaef21750071b1e78b663c1d71bde415cf1a2d750c,c111b17b2b4bcb010ae826aaef21750071b1e78b663c1d71bde415cf1a2d750c,revised,5,2026-10-03T02:58:38.632843+00:00,False,ko-codex-v1
cbar29,A,06554ae01a1dfae1329c48f1bd81271a303e49207cc9762b17a0f828bac36369,e4b621e0d3371f34464917799f6373698f44b5711a81f7662b6f30960d65eda5,e4b621e0d3371f34464917799f6373698f44b5711a81f7662b6f30960d65eda5,revised,4,2026-10-03T11:12:50.584828+00:00,False,ko-codex-v1
cbar29,B,94c8fedab50e32234170b14e4650b83cdefe7654a9d43e58c81ae89d17d108ec,0c27fef2e4672024b052226d6e3018bfe46a9eb2d48bc6946d5ae0052e4e787d,0c27fef2e4672024b052226d6e3018bfe46a9eb2d48bc6946d5ae0052e4e787d,revised,3,2026-10-03T01:39:36.156508+00:00,False,ko-codex-v1
cbo3sq,A,f758b2bff1907e1aad3c86dbe00a2fcdc1ae6f8e06ef7ac90e296aca8deb160e,12588c1eae5dd9dff1a66d8581b557b8ebf5dae4a2830e58dfff83176ff439a7,12588c1eae5dd9dff1a66d8581b557b8ebf5dae4a2830e58dfff83176ff439a7,revised,5,2026-10-03T04:45:14.262617+00:00,False,ko-codex-v1
cbo3sq,B,73b404bfb2ed9dea314eb7d99019676ce741ca6270452da9fe6054074d588031,2f25d648a3c1228599407d4bf4d057d4bc2e50f0940c6c5f058a3dfdaae1ce45,2f25d648a3c1228599407d4bf4d057d4bc2e50f0940c6c5f058a3dfdaae1ce45,revised,3,2026-10-03T11:03:11.744165+00:00,False,ko-codex-v1
cboh5z,A,9d2e0291460acf2e6a2c4ace409327baef84394aae8039912b1b8e98ee3e8f21,2d68c287d2f33cc130bd5c061c35c6c955c825797edcedea1477491e254405a9,2d68c287d2f33cc130bd5c061c35c6c955c825797edcedea1477491e254405a9,revised,5,2026-10-02T21:02:22.750524+00:00,False,ko-codex-v1
cboh5z,B,b65ad837c348bf59bc860415b8c995e61cfee43d7ec7a0502503eda2fc8b5fbf,b65ad837c348bf59bc860415b8c995e61cfee43d7ec7a0502503eda2fc8b5fbf,b65ad837c348bf59bc860415b8c995e61cfee43d7ec7a0502503eda2fc8b5fbf,pass,0,2026-10-03T00:03:56.600648+00:00,False,ko-codex-v1
cbrg9g,A,d0b1394b8b84872047ca658626e881f061ea9d3e17d994a54fae392b5aa6ba91,9f4b1f2e45eb6a6b48fa4c09c5ebaca670d373a3bb00f9e038c718093a0c76ac,9f4b1f2e45eb6a6b48fa4c09c5ebaca670d373a3bb00f9e038c718093a0c76ac,revised,4,2026-10-03T06:45:44.767932+00:00,False,ko-codex-v1
cbrg9g,B,0859b71cc39f78b3aa61c57bf5de948a12995a5ca372035fca93060d1c6a8b03,0f5bac6e3133492ea08c8b2da6013a4e5f28f14f2feb3d921f02875e795abbef,0f5bac6e3133492ea08c8b2da6013a4e5f28f14f2feb3d921f02875e795abbef,revised,3,2026-10-03T00:59:24.117760+00:00,False,ko-codex-v1
cbyah7,A,89c6d2cbd9610c87014fe5d41719a5e5c9132f3f884f802c8b18ebb05e7154bc,89c6d2cbd9610c87014fe5d41719a5e5c9132f3f884f802c8b18ebb05e7154bc,89c6d2cbd9610c87014fe5d41719a5e5c9132f3f884f802c8b18ebb05e7154bc,pass,0,2026-10-03T03:24:39.377104+00:00,False,ko-codex-v1
cbyah7,B,de601acc764ddcbbdc94cdfebb169cb80c982d47665cb19afad5c7da854ddea8,1eee1f1d82b9894f4cabc6550102f60d1e25b677970335be880a0abef927529e,1eee1f1d82b9894f4cabc6550102f60d1e25b677970335be880a0abef927529e,revised,2,2026-10-03T10:55:00.344935+00:00,False,ko-codex-v1
cc0ivq,A,63bdc17185e568f4c5638bcd31e0e2273f71288e2645bcdc3af3dbf7d1709528,a36db01ae57375751447d7cb67c8359ddd114c63f1ce8e18b426863a1e9dd4b6,a36db01ae57375751447d7cb67c8359ddd114c63f1ce8e18b426863a1e9dd4b6,revised,4,2026-10-03T04:46:34.644590+00:00,False,ko-codex-v1
cc0ivq,B,ac4d03ffb007d8e38b82bb57d25dd9a36a4ce48e44588c8b1d1379472aba1214,a335dbf67c8822294083d65fc77dafe8e145d0e0ee769ae16d7d70fb1958ebe0,a335dbf67c8822294083d65fc77dafe8e145d0e0ee769ae16d7d70fb1958ebe0,revised,4,2026-10-02T21:22:36.852954+00:00,False,ko-codex-v1
cc1v5a,A,72ef9ab619b8553cb5f1cf028448e61d8b1d8e4c459bc9c61316f689ac558a9b,5fa126aca1c1588c787bb97bdfa2752e59577e3d702c001da2a74ba4c542278d,5fa126aca1c1588c787bb97bdfa2752e59577e3d702c001da2a74ba4c542278d,unresolved,4,2026-10-03T07:58:08.963964+00:00,False,ko-codex-v1
cc1v5a,B,02dc56284d4a1c10e09bd6b6271c56d3d2588a7d6b94b12c6dd6ad60a7f7b608,278e98b6cce4b3c8df6921eea7fbb79b4be64d53939fb8ef0b8841fb277e02d0,278e98b6cce4b3c8df6921eea7fbb79b4be64d53939fb8ef0b8841fb277e02d0,revised,3,2026-10-03T12:36:05.733053+00:00,False,ko-codex-v1
cc201f,A,fc4ee0e7397aa023689966ae6249fd9510bb8800a5fa545cf58fc6b22653211a,ad3008788cffa17aaf27f2270b1988e3cb9160320767403a14eefa76f314775e,ad3008788cffa17aaf27f2270b1988e3cb9160320767403a14eefa76f314775e,revised,4,2026-10-03T00:21:33.681193+00:00,False,ko-codex-v1
cc201f,B,b01dcc51e1249a81e47962cd770d3242de1eb04923da37cbaa7f60df7494bb8d,225432cf0ea556d83e2d48512b6ef2c512ba84c3b49e6774824ee1938ebe6033,225432cf0ea556d83e2d48512b6ef2c512ba84c3b49e6774824ee1938ebe6033,revised,3,2026-10-03T05:52:21.193008+00:00,False,ko-codex-v1
cc4pjl,A,40dac4f7e838962573b47ecde0792d803f750a32fe1312b6fb9af855d3007bba,0af43bc787a52385e239d595f5a487f4079f3a69dc856d97b43438a3a6ee4b26,0af43bc787a52385e239d595f5a487f4079f3a69dc856d97b43438a3a6ee4b26,revised,1,2026-10-03T01:03:51.655764+00:00,False,ko-codex-v1
cc4pjl,B,e715fc7c12618ae6f8f314149fdf8434e659a4dde23657006eab067947b23c0d,8d34a4f100659d8bcd16d7f01f3f15ca6135c4eb494f2dc5f441f33c42459d54,8d34a4f100659d8bcd16d7f01f3f15ca6135c4eb494f2dc5f441f33c42459d54,revised,5,2026-10-02T22:26:32.364980+00:00,False,ko-codex-v1
ccj0x9,A,63ff9fc33103380360942beb29fb9283c29486a38ace5d1916f35642882293ae,24530212b4c5cc524c0ec9493358d57283f8900a5482aa64c45395aca5bdbedc,24530212b4c5cc524c0ec9493358d57283f8900a5482aa64c45395aca5bdbedc,revised,2,2026-10-03T05:02:16.477702+00:00,False,ko-codex-v1
ccj0x9,B,2160acfcf05af6bf89579605cbfef33fd873a4ce5bd2bfab1ea898d8926f69d8,4f77b9501b8a0ae1fc271762330faed9fc97a8073e27161b7b70bb72d0824255,4f77b9501b8a0ae1fc271762330faed9fc97a8073e27161b7b70bb72d0824255,revised,3,2026-10-03T00:59:26.360337+00:00,False,ko-codex-v1
ccnsrk,A,621371e5589f9e9ec8422c8e1fba9b0668683d5567d429840ebb8827c54cf7f4,df74d1c756a22ec530fd47cb852749842688da057779edfd377d2f57838424d7,df74d1c756a22ec530fd47cb852749842688da057779edfd377d2f57838424d7,revised,1,2026-10-03T04:05:48.808523+00:00,False,ko-codex-v1
ccnsrk,B,4003e21a436f4bb06fd9ca6bfedf8e42559699cbb713abb115cf5693f82c046f,9c183c1569264dd68109878ca67d1b6f4bbd13c0f7f254c4445316d71117804a,9c183c1569264dd68109878ca67d1b6f4bbd13c0f7f254c4445316d71117804a,revised,1,2026-10-03T12:07:18.293487+00:00,False,ko-codex-v1
ccsd79,A,2178741d5fbc0af3fbf59d33166f6c7b4c2b87bcb80767a633ddfc2d4062b1d4,3c8b77e3983fc1a802123461ae2c87e8eb6e711e151c6ee9465e72146669424b,3c8b77e3983fc1a802123461ae2c87e8eb6e711e151c6ee9465e72146669424b,revised,2,2026-10-03T11:30:13.507062+00:00,False,ko-codex-v1
ccsd79,B,831a2f49ae70afb129b2e51bf2a919c4f025e1eb4050a0100f012fcddd04cd0a,1d8825b44aba5e4c4f8d8ef45d5c51505cfb33ad31c73ce15198c689d24578c2,1d8825b44aba5e4c4f8d8ef45d5c51505cfb33ad31c73ce15198c689d24578c2,revised,4,2026-10-02T23:27:53.310883+00:00,False,ko-codex-v1
cct6z8,A,30b1c27092a6333e931c8de39d54195ccf23a8ba37b4117416f4953408b755dc,f79707d24b7b49988059ae1aebea3bebe5e58ac1dafcd80277c62839357bdba7,f79707d24b7b49988059ae1aebea3bebe5e58ac1dafcd80277c62839357bdba7,revised,1,2026-10-03T12:26:54.934995+00:00,False,ko-codex-v1
cct6z8,B,fad00df2868ba750e8ef3bf87f97b562edd1665f06d0b1ce506d3b467bc477e6,fad00df2868ba750e8ef3bf87f97b562edd1665f06d0b1ce506d3b467bc477e6,fad00df2868ba750e8ef3bf87f97b562edd1665f06d0b1ce506d3b467bc477e6,pass,0,2026-10-03T11:24:45.841535+00:00,False,ko-codex-v1
ccw0sk,A,8c94f1f2eca105dd18a59607778cbda2822c47c06f7dc6e4c2c7d86a4d08a025,8c94f1f2eca105dd18a59607778cbda2822c47c06f7dc6e4c2c7d86a4d08a025,8c94f1f2eca105dd18a59607778cbda2822c47c06f7dc6e4c2c7d86a4d08a025,pass,0,2026-10-03T00:11:02.434840+00:00,False,ko-codex-v1
ccw0sk,B,89882fc3cda459eb9ddd6a4375d0ba2eab2a278d4d9ee53d38df71527a7cf165,89882fc3cda459eb9ddd6a4375d0ba2eab2a278d4d9ee53d38df71527a7cf165,89882fc3cda459eb9ddd6a4375d0ba2eab2a278d4d9ee53d38df71527a7cf165,pass,0,2026-10-02T22:18:52.968160+00:00,False,ko-codex-v1
cd4n18,A,9ccae602a43b4e7e8110e37164a17cb9089ebc1640d1919c908c34771ec7bb2a,a6a7ef00b2ef4511984f86a3bfb8030c739ea2cdb8deb6ef945c89f6997ec725,a6a7ef00b2ef4511984f86a3bfb8030c739ea2cdb8deb6ef945c89f6997ec725,revised,5,2026-10-03T12:05:35.545738+00:00,False,ko-codex-v1
cd4n18,B,37da6bf5cad7ace3103d49a5fb43333287f8b0cd50d30704578b9066d16369f5,16e05b0fa50575c11d8f32024af72f1356302e81748b0b7d1f958d1c702ee71a,16e05b0fa50575c11d8f32024af72f1356302e81748b0b7d1f958d1c702ee71a,revised,5,2026-10-03T07:25:48.087503+00:00,False,ko-codex-v1
cd62v7,A,8aaf50db25b330dd5e3b184d33d954485599c0c37c6daede340147ea1ae8846e,6f8281d1d856283b6dfef8c440ea7a89e074f021abf8a68279a8dd8af02aa3ec,6f8281d1d856283b6dfef8c440ea7a89e074f021abf8a68279a8dd8af02aa3ec,revised,2,2026-10-02T23:31:31.551918+00:00,False,ko-codex-v1
cd62v7,B,ffedafe8a0123f2bea28f92a3d8302d3b0fb236d1b50c810d742e4b9b6ea66b7,7090f690bc923088a068f6203a5114a253315254f5705b9f5d7717180d98413c,7090f690bc923088a068f6203a5114a253315254f5705b9f5d7717180d98413c,revised,5,2026-10-03T01:53:21.869617+00:00,False,ko-codex-v1
cdn1p5,A,311fc8c3e38b7a597d12b850da39902b83efa4e5f05376a286df4d8e1bfa9264,ea0a123a0facc50808b65311f7c457183b6c04320860d30685371c2f608efd16,ea0a123a0facc50808b65311f7c457183b6c04320860d30685371c2f608efd16,revised,6,2026-10-03T02:42:25.627572+00:00,False,ko-codex-v1
cdn1p5,B,d8eaf5845476289d083816b78a99ca3a03c7480ba95f7f8a98ab396aa23d03d3,c6ea231fdab1c372247b7aa4bb4d504e12178eb51f4929fea4faa11f0c5ef2c3,c6ea231fdab1c372247b7aa4bb4d504e12178eb51f4929fea4faa11f0c5ef2c3,revised,2,2026-10-02T22:34:48.048163+00:00,False,ko-codex-v1
ce0wpp,A,14c358d8303a31724a57df23b73f40919e0bc31490a8e2df1141b78be568a034,15d501f2f7eec038fcc0b6f515e4b8981849895845c5cfb533891351ba82f383,15d501f2f7eec038fcc0b6f515e4b8981849895845c5cfb533891351ba82f383,revised,2,2026-10-03T01:39:41.676627+00:00,False,ko-codex-v1
ce0wpp,B,d173c5495a5fe318588e4af1f7bb8a132a7579d9d9ed5db574d5a0f334922341,8b93662850b2ce36b884be402536859778580bba832de62459b654ab8481cd24,8b93662850b2ce36b884be402536859778580bba832de62459b654ab8481cd24,revised,3,2026-10-03T02:44:53.482004+00:00,False,ko-codex-v1
ce3gpe,A,a91a0e6bda8d11931a8db7a45e2cdeb02e5d8a1d856b1c3dabf9bbc0196c220c,9a18c0b32110aef304f74c1da7ce516e49c454f018957996adb8d216e6e1aa6a,9a18c0b32110aef304f74c1da7ce516e49c454f018957996adb8d216e6e1aa6a,revised,3,2026-10-03T01:39:12.667261+00:00,False,ko-codex-v1
ce3gpe,B,276d956e2a113a3f0aaf3e50638ce67410bc225f4e9e5bf87013bfccd20cbd22,d66d909e85d3fbeeaeabf2b017a9122ec20167164b67cc5b7cbda2941c180fd6,d66d909e85d3fbeeaeabf2b017a9122ec20167164b67cc5b7cbda2941c180fd6,revised,2,2026-10-03T01:19:52.619701+00:00,False,ko-codex-v1
ce59bs,A,903fd2c81eae25d98e5a4febdebaa378c3022edc02081ea1336bc65f9b228011,3151fd6284307ff3c6adf3495defe4c9b10d8b1262c0f7426d5e4b774cafa9d2,3151fd6284307ff3c6adf3495defe4c9b10d8b1262c0f7426d5e4b774cafa9d2,revised,2,2026-10-03T07:27:54.239530+00:00,False,ko-codex-v1
ce59bs,B,ba18cb5be221511700ef3b4739aab6b2d9e51e52d19fb85354127665b05ddc2b,ba18cb5be221511700ef3b4739aab6b2d9e51e52d19fb85354127665b05ddc2b,ba18cb5be221511700ef3b4739aab6b2d9e51e52d19fb85354127665b05ddc2b,pass,0,2026-10-03T04:31:54.839821+00:00,False,ko-codex-v1
ce9y3t,A,d6b16ae104c13538365a7cbb7a6f0bf75f7b955fc7ddd9a9dbb7df153ed4e368,7dfae8c3e09059b72150e237ba3b1544849e0cea645af262f7f9533f8792ba75,7dfae8c3e09059b72150e237ba3b1544849e0cea645af262f7f9533f8792ba75,revised,2,2026-10-03T06:24:28.412754+00:00,False,ko-codex-v1
ce9y3t,B,cf0da9464a3a389cf86daff1db9aa3b2faf7680f82aab72f8205ccce0de4ca5e,4c97dafb5759011b6272ebb45961b26d479af21bdb55fa77d8c835a0e20f10b1,4c97dafb5759011b6272ebb45961b26d479af21bdb55fa77d8c835a0e20f10b1,revised,2,2026-10-03T12:10:42.263379+00:00,False,ko-codex-v1
ced9qy,A,271c3fd389d87fe7e6f52ed8ce452c65fcead5726a266d1e4eb0bd7a4ebe9415,f478cfe61edf17a145c0b84c251a6c9ca10d7f2bfad65830b23706a6402b1bd3,f478cfe61edf17a145c0b84c251a6c9ca10d7f2bfad65830b23706a6402b1bd3,revised,6,2026-10-03T05:00:02.830310+00:00,False,ko-codex-v1
ced9qy,B,69447fcab2dfaa57054ec18433dc884e271e2f669a5095262964430859aebf03,69447fcab2dfaa57054ec18433dc884e271e2f669a5095262964430859aebf03,69447fcab2dfaa57054ec18433dc884e271e2f669a5095262964430859aebf03,pass,0,2026-10-02T21:01:24.516045+00:00,False,ko-codex-v1
celb67,A,048041baf00f59d30dd41cfee9ca2af080e6928dacaf5873e6068f806f0b0c83,c61acf6f963c2323944312fb4c47ffb4c6419d8b3413ee95ae4b5b34195130bb,c61acf6f963c2323944312fb4c47ffb4c6419d8b3413ee95ae4b5b34195130bb,revised,2,2026-10-03T06:14:37.118537+00:00,False,ko-codex-v1
celb67,B,c3b0ad5468d98c5421bdf144bf3050b5ee086ddb087fe5cafae7ab2e1e1aa6e7,c3b0ad5468d98c5421bdf144bf3050b5ee086ddb087fe5cafae7ab2e1e1aa6e7,c3b0ad5468d98c5421bdf144bf3050b5ee086ddb087fe5cafae7ab2e1e1aa6e7,pass,0,2026-10-03T06:35:53.741366+00:00,False,ko-codex-v1
celbxy,A,199686c5e5152d3b66e12158ca89f6f7dae6df4a25b440c96a00fe55d338d561,af0a503e89168466371f3f99fb3284eaf7ca17d3757b5b351aa4ff6a56dc360c,af0a503e89168466371f3f99fb3284eaf7ca17d3757b5b351aa4ff6a56dc360c,revised,6,2026-10-03T00:19:02.243575+00:00,False,ko-codex-v1
celbxy,B,9c85844d033e600e8f137570946efa4c11470eae37f73d2a0d895e59094e748d,a24010938e8137cf0b1bdbc408d7a34b220a8a6cdac1d409db324284586c0c5c,a24010938e8137cf0b1bdbc408d7a34b220a8a6cdac1d409db324284586c0c5c,revised,2,2026-10-02T21:58:32.554756+00:00,False,ko-codex-v1
ceobg4,A,575f096b78d520d5dd4ca6af49e79f0a8dde2bf57b9ae36a1bcfcd741c188890,d2b4281e69858bd1e81c2fef2ec4395e9cfb62548f662d53d4fd6128f9388412,d2b4281e69858bd1e81c2fef2ec4395e9cfb62548f662d53d4fd6128f9388412,revised,4,2026-10-02T23:07:40.665787+00:00,False,ko-codex-v1
ceobg4,B,b38851642b14cf90eb2bf5acd657766f9ba0544ef87eae7948f69fad6cae6e0f,01c7a0bc9abbe05689ce7eda004943fd2a1baa2607699539ce44553fdfb6a36e,01c7a0bc9abbe05689ce7eda004943fd2a1baa2607699539ce44553fdfb6a36e,revised,2,2026-10-02T21:18:39.160528+00:00,False,ko-codex-v1
ceqiw8,A,41912cb76fd098dcc8b872e1d55d60753e513f959eda23edc59b001d8bb6f6df,2eb514da7b9bc0883450e4abe8557b02579f3cd0d87b4c327561614d31da43d7,2eb514da7b9bc0883450e4abe8557b02579f3cd0d87b4c327561614d31da43d7,revised,7,2026-10-03T04:33:35.277094+00:00,False,ko-codex-v1
ceqiw8,B,2ac569dcf4247ecea1a92a3c70d769a09bbfcfca7611109278ac661d32ea3e77,2ac569dcf4247ecea1a92a3c70d769a09bbfcfca7611109278ac661d32ea3e77,2ac569dcf4247ecea1a92a3c70d769a09bbfcfca7611109278ac661d32ea3e77,pass,0,2026-10-03T04:00:15.579591+00:00,False,ko-codex-v1
cerocg,A,93e2b5596350aeb3dcd57432933ca4678ab104d8c0659b2f504827aadc85b165,0aa0d2c2559706fcc779cd667972c3c0db195eb81b7e2975b29f735a4e9d8b99,0aa0d2c2559706fcc779cd667972c3c0db195eb81b7e2975b29f735a4e9d8b99,revised,3,2026-10-03T00:30:59.186864+00:00,False,ko-codex-v1
cerocg,B,c125df4d092a3c3b42af88773886ddc2f1f34bea4a2b6e3da451497fdf0e1cc5,c125df4d092a3c3b42af88773886ddc2f1f34bea4a2b6e3da451497fdf0e1cc5,c125df4d092a3c3b42af88773886ddc2f1f34bea4a2b6e3da451497fdf0e1cc5,pass,0,2026-10-03T08:37:35.665759+00:00,False,ko-codex-v1
cewtzu,A,a298d9794fe08d5be78c8cf8117bf3a73c7a84f75fdce539d195e040c12d8cb5,22e6f7e8b58f739aaf8c63818fdc31b576407f5d79ddd2ff1b568594db20e9e8,22e6f7e8b58f739aaf8c63818fdc31b576407f5d79ddd2ff1b568594db20e9e8,revised,4,2026-10-03T12:27:55.327668+00:00,False,ko-codex-v1
cewtzu,B,ce454fa7790ce6bd44397158a1819df200aea610238af131ba8bd8f940a5eeca,4cd7ecc364ab8f37ddc3e6a62180fce3643125f1332a3659a70124fce4b3f6a4,4cd7ecc364ab8f37ddc3e6a62180fce3643125f1332a3659a70124fce4b3f6a4,revised,3,2026-10-03T00:10:55.109681+00:00,False,ko-codex-v1
cexvbe,A,4b5cfa15df63fb8f57a3d83072038a633d0cc2db69f0db4e51cd9ffdbe4dafb7,d698f95822641c17ccbf10a59224d5c676a7ccd7528d2a76e2fdb1f1034b9120,d698f95822641c17ccbf10a59224d5c676a7ccd7528d2a76e2fdb1f1034b9120,revised,6,2026-10-03T02:53:26.270941+00:00,False,ko-codex-v1
cexvbe,B,f637335504b507002be744e321c1a2b31df27d59e10f5da1f139be801c9e813d,960528654fc362f769f810902b0cd8add22b21c4a9313d88f96e87ef0bd18b9f,960528654fc362f769f810902b0cd8add22b21c4a9313d88f96e87ef0bd18b9f,revised,3,2026-10-03T02:13:19.187895+00:00,False,ko-codex-v1
cf8pb1,A,1091dd6f8ca8013a09873b71584d00165b9c5eab363c3e3910b879af52853b99,7b2fb2f1bdee56828f9067a8c2d8f3d285dcf9a7892024cade519abc2af82e3e,7b2fb2f1bdee56828f9067a8c2d8f3d285dcf9a7892024cade519abc2af82e3e,revised,1,2026-10-03T01:17:25.567214+00:00,False,ko-codex-v1
cf8pb1,B,30a6c2101fc08f9bc3c0f92c67ca40fac28c72b38fec0d0bf2e72d342a39f1e5,8b1070d4155cde8f550b03f1d484ad315bea7e514519938fa47d15c2f70379f8,8b1070d4155cde8f550b03f1d484ad315bea7e514519938fa47d15c2f70379f8,revised,1,2026-10-03T06:33:34.099944+00:00,False,ko-codex-v1
cfbwy0,A,5a41a868dc395b8631be07973609cae3fd079c4497e77274a2b831936dc0b86e,7cc86dd3b432cf4af8be6f4ceb23cdc8fe49590bf56e6c15e055ddc958d4d96b,7cc86dd3b432cf4af8be6f4ceb23cdc8fe49590bf56e6c15e055ddc958d4d96b,revised,4,2026-10-02T21:18:33.773011+00:00,False,ko-codex-v1
cfbwy0,B,7a5846a98f2f02f38be09d22a1447e464986bc84cb1c3678df10ed0e576bd7d9,beb87ecaec2b1f217774aa0549789a9c90baf6a2810a5d200cc68df3e0a78fd2,beb87ecaec2b1f217774aa0549789a9c90baf6a2810a5d200cc68df3e0a78fd2,revised,5,2026-10-03T02:42:59.597998+00:00,False,ko-codex-v1
cfdf5m,A,ce876cc24a5ea87c3ee0b008fcfcd6f8ab54348d81c95de9ce3b33a02d730063,74b90c0655d60a0d7fa9ecca58efed90637f8af6c1d55f6654d2f785da0a5d4e,74b90c0655d60a0d7fa9ecca58efed90637f8af6c1d55f6654d2f785da0a5d4e,revised,2,2026-10-03T02:00:10.659596+00:00,False,ko-codex-v1
cfdf5m,B,a9b9a3042a2328e09443cf9c3371c7b1ae25f868c41bc49b4d4cf8c8b25aa1a6,a9b9a3042a2328e09443cf9c3371c7b1ae25f868c41bc49b4d4cf8c8b25aa1a6,a9b9a3042a2328e09443cf9c3371c7b1ae25f868c41bc49b4d4cf8c8b25aa1a6,pass,0,2026-10-03T01:51:01.357499+00:00,False,ko-codex-v1
cfef1s,A,15977be993b5489e03eb60fa2013453b6c97c927a4f2216c2c8b0f78848b904e,b0bb9830aec8df254ecb6cba579bc4ac3542f67c02b3482fda6ec4c57290d362,b0bb9830aec8df254ecb6cba579bc4ac3542f67c02b3482fda6ec4c57290d362,revised,4,2026-10-03T04:03:56.468914+00:00,False,ko-codex-v1
cfef1s,B,ab00d87262b65f50598df7ddf47bfe8db3d4b31814ea50b71a1aad984536b4b8,ab00d87262b65f50598df7ddf47bfe8db3d4b31814ea50b71a1aad984536b4b8,ab00d87262b65f50598df7ddf47bfe8db3d4b31814ea50b71a1aad984536b4b8,pass,0,2026-10-03T04:18:38.099079+00:00,False,ko-codex-v1
cfggse,A,517354d97afd13dd461115e513df1abd63d03d1bab37384b4daa3cce91f83c3c,0eb1cc714b74db514b2384235bb7d5f2e6dee98579268ff91fda5b114fb50672,0eb1cc714b74db514b2384235bb7d5f2e6dee98579268ff91fda5b114fb50672,revised,4,2026-10-03T05:55:54.826638+00:00,False,ko-codex-v1
cfggse,B,ba8e7cb1f12b884cfb757cefafa5392b5d35501b3384da0428d31d3d19cd3218,4522852c8841a8d186239b593b8de661456a20a4465aa37ea568b3350f42e093,4522852c8841a8d186239b593b8de661456a20a4465aa37ea568b3350f42e093,revised,5,2026-10-03T06:24:15.515081+00:00,False,ko-codex-v1
cfo89m,A,ae917d8745967c0f0f1c6ab2daa84d3709d14723d20b0faf59ff9028c6397dbf,e96251f0fdf036fcc8ba80251863cdc3d90a399881f31e7418c6bd29fd7a9ac5,e96251f0fdf036fcc8ba80251863cdc3d90a399881f31e7418c6bd29fd7a9ac5,revised,6,2026-10-03T12:08:10.463565+00:00,False,ko-codex-v1
cfo89m,B,c3adcefe7c414632b42be6717744d99ebb0cb355449179483e0eb4f607d4f543,3daa46363c1d2810b347c2ff3f0fbfde82f1920285b694d8da61f49b693ffcb7,3daa46363c1d2810b347c2ff3f0fbfde82f1920285b694d8da61f49b693ffcb7,revised,3,2026-10-03T03:07:05.694521+00:00,False,ko-codex-v1
cfr464,A,3c5d07e06a02520360173932aeeca6bd80409d4957e964e2f787c8aa76532295,b4007b44a706e25345e2f69d90f0de00e2d17aacc5ca795192ded1ef7adbdafe,b4007b44a706e25345e2f69d90f0de00e2d17aacc5ca795192ded1ef7adbdafe,revised,3,2026-10-03T00:38:14.693021+00:00,False,ko-codex-v1
cfr464,B,61262bbc0d72ad762349557e7f9311886a50df909bd84ea19ec666be810dd6f6,3e611e28aaf13a1a84be62f0c28bb533b1b019e2d2073b21915ba143d8e3d722,3e611e28aaf13a1a84be62f0c28bb533b1b019e2d2073b21915ba143d8e3d722,revised,2,2026-10-02T22:31:16.781279+00:00,False,ko-codex-v1
cftzz9,A,17a4dd8c6d6d089d7b295d36093dff9f2c9ef520f6cbaf4375f67ba4957aa304,b6a834992154e82a7b4a59bc9f6c73cffb9cf7c1484366c30fde447d18cfe978,b6a834992154e82a7b4a59bc9f6c73cffb9cf7c1484366c30fde447d18cfe978,revised,3,2026-10-02T21:50:07.701692+00:00,False,ko-codex-v1
cftzz9,B,22df657e052c2435a1c2b6febaf9c8b2156a46a8c50eb4734d1cc5812b5d59b3,22df657e052c2435a1c2b6febaf9c8b2156a46a8c50eb4734d1cc5812b5d59b3,22df657e052c2435a1c2b6febaf9c8b2156a46a8c50eb4734d1cc5812b5d59b3,pass,0,2026-10-03T07:35:55.343870+00:00,False,ko-codex-v1
cfx3mx,A,b252a11a7868e8fffa4ae9385fb4d78dde160ea8f868fba263296d190afb7386,7c993d8946bf92f1f96be8f0ab62e4819443d21635b057a1c927a0c2ade60abf,7c993d8946bf92f1f96be8f0ab62e4819443d21635b057a1c927a0c2ade60abf,revised,5,2026-10-03T12:11:57.443649+00:00,False,ko-codex-v1
cfx3mx,B,2dda274b675d9b6c772487adb6359729b5ab3d5478d515c5f692e21f62d47c86,2dda274b675d9b6c772487adb6359729b5ab3d5478d515c5f692e21f62d47c86,2dda274b675d9b6c772487adb6359729b5ab3d5478d515c5f692e21f62d47c86,pass,0,2026-10-03T08:04:02.559138+00:00,False,ko-codex-v1
cg0axg,A,8db5bd229a84ba1515ca0f4b6491e7e6c9bbaf057859748f1b82aca058890649,52c26a4bb24582dcdb0580018707cf5f3078cff32a230dde30a56f9a9cfe1e2a,52c26a4bb24582dcdb0580018707cf5f3078cff32a230dde30a56f9a9cfe1e2a,revised,7,2026-10-03T02:56:21.315133+00:00,False,ko-codex-v1
cg0axg,B,80234995b74ad10379142a77252def3343c3eedb12e454294fe6694c08aaab37,ed8deca2d054bcfcae8ca137ae1d06fe7b0002a802cea24d675f5b5e7cbb7b14,ed8deca2d054bcfcae8ca137ae1d06fe7b0002a802cea24d675f5b5e7cbb7b14,revised,2,2026-10-03T12:27:29.304692+00:00,False,ko-codex-v1
cg3u5v,A,7f99c3ca62d3f751c785df89c941641b7e14ff6e2ff9e9cb4527d91283743c37,7f99c3ca62d3f751c785df89c941641b7e14ff6e2ff9e9cb4527d91283743c37,7f99c3ca62d3f751c785df89c941641b7e14ff6e2ff9e9cb4527d91283743c37,pass,0,2026-10-03T01:19:37.857043+00:00,False,ko-codex-v1
cg3u5v,B,ca8e142486a635fc1ed5e99dab71b0990dc1464aeb7c3f0429ad1adcb4a545fb,68d2d87ef30e4615783bf7c12bc51aa427f6cbb91f15dca259b13b3ced72c8a3,68d2d87ef30e4615783bf7c12bc51aa427f6cbb91f15dca259b13b3ced72c8a3,revised,3,2026-10-03T06:49:06.904040+00:00,False,ko-codex-v1
cg4ksj,A,e91add94b1a02c8d3e17bb3d8de1e792d5b60b0abe2a8debbb7b14294e4c5cfa,4c5aef8a9c8b9a749f17f5e72fae8b0ac10ac087f9f1dcddc7316054d93294c5,4c5aef8a9c8b9a749f17f5e72fae8b0ac10ac087f9f1dcddc7316054d93294c5,revised,6,2026-10-03T01:52:03.328165+00:00,False,ko-codex-v1
cg4ksj,B,e92b084bda39af3ff6a8d85bc544381d2b8499eaca7d2548eef938bb9e9b843e,e2ccb7834c5ee746456210e4f4fb61270c7595df0f3761ab3fcd855dbaa149a8,e2ccb7834c5ee746456210e4f4fb61270c7595df0f3761ab3fcd855dbaa149a8,revised,4,2026-10-03T06:11:17.916267+00:00,False,ko-codex-v1
cgfyjs,A,87fbe295267eedb0e8cee82cc326f128d7fd05a94b466b76de2cfca0a73e0ada,8391505f9ac95f2e8ce6c912a3d5b7b3f17d1d4d0867c2f262605f09f5ce72b0,8391505f9ac95f2e8ce6c912a3d5b7b3f17d1d4d0867c2f262605f09f5ce72b0,revised,4,2026-10-03T11:19:18.523390+00:00,False,ko-codex-v1
cgfyjs,B,6b2f21ed9ebe6ceecd030b5526c4443a9ae3a30e4775d9dfd5f35e5ab8d211be,d4c201d061360db632ae4fee00ea1aa6db44533594f13d07cb28f8d514a74260,d4c201d061360db632ae4fee00ea1aa6db44533594f13d07cb28f8d514a74260,revised,4,2026-10-03T02:02:29.453641+00:00,False,ko-codex-v1
cgi323,A,cffd333e3725c1a5b4ea1afdc8a3b4259fa59295fdc4c5a9e0dea0c275af6da9,23c4c5edabf2a14af9e50f2d992ed302d22e7a011213e3cbf1740db3dadb7bf2,23c4c5edabf2a14af9e50f2d992ed302d22e7a011213e3cbf1740db3dadb7bf2,revised,4,2026-10-03T07:08:34.094861+00:00,False,ko-codex-v1
cgi323,B,c7119d9907f313dd83162e4e3bf70836913c94aa6c3a67d18dedc4c8af5fc318,c7119d9907f313dd83162e4e3bf70836913c94aa6c3a67d18dedc4c8af5fc318,c7119d9907f313dd83162e4e3bf70836913c94aa6c3a67d18dedc4c8af5fc318,pass,0,2026-10-03T03:40:29.955777+00:00,False,ko-codex-v1
cgjhcv,A,8eb047044edbeb98624c098f73b8eadc57960bae0dec08c95d75ebafce6f5564,5770922d72045df60b2eac531a32626162623a0f383907c8ca562690171feff7,5770922d72045df60b2eac531a32626162623a0f383907c8ca562690171feff7,revised,6,2026-10-02T21:29:48.153488+00:00,False,ko-codex-v1
cgjhcv,B,155a7acd79104d8c01422b073f671f92ee27954e27a3c9aa29cb900288e9d158,155a7acd79104d8c01422b073f671f92ee27954e27a3c9aa29cb900288e9d158,155a7acd79104d8c01422b073f671f92ee27954e27a3c9aa29cb900288e9d158,pass,0,2026-10-03T07:22:58.236274+00:00,False,ko-codex-v1
cgkj4n,A,330e1001948c59980291fc1ee2659187e3cafedb2e7a5a96f546cbd2f5a45635,5f3528602ac0cf6c700cf4d4275bbfd6be2e18ce09ffd95ee5fd2538ecf2696f,5f3528602ac0cf6c700cf4d4275bbfd6be2e18ce09ffd95ee5fd2538ecf2696f,revised,7,2026-10-03T07:26:49.115285+00:00,False,ko-codex-v1
cgkj4n,B,336ea183d245e4c99e016cd9d97e5eefd30944802c779766578e761a73b00974,5c7ee5819ca34ea2d0749f7ee76502867f989f4cf86b469ba51a94830140d9a3,5c7ee5819ca34ea2d0749f7ee76502867f989f4cf86b469ba51a94830140d9a3,revised,4,2026-10-03T00:42:01.346626+00:00,False,ko-codex-v1
cgotxc,A,ff0a82adf988184644e74d28800e1d866dcc3c4d5d9962df9ee14fceaf4890fb,2cfd86eb37e8b0708e44597dc520c5fc504350d070bd6dbaea2ad12c5cb8f475,2cfd86eb37e8b0708e44597dc520c5fc504350d070bd6dbaea2ad12c5cb8f475,revised,2,2026-10-02T23:39:59.034832+00:00,False,ko-codex-v1
cgotxc,B,c42c379e170e804f2a91256a2b959d16dc1d9603dd0f7951c96afcd4a6e7714c,28813c4f6c3cdafcab1620ece243391e65d7b0ecaf1cba80b72cfac867220969,28813c4f6c3cdafcab1620ece243391e65d7b0ecaf1cba80b72cfac867220969,revised,2,2026-10-03T03:57:48.384331+00:00,False,ko-codex-v1
cgw0k5,A,d4bad81bc6261fe0eb2fa18ee6dd295c56f0d92d76d2ffdb32172ad9df0be655,72c66f4381941bfdb01edaa113bae81300d5a6bf86e2e4fe7814342f91731377,72c66f4381941bfdb01edaa113bae81300d5a6bf86e2e4fe7814342f91731377,revised,4,2026-10-03T08:29:51.284733+00:00,False,ko-codex-v1
cgw0k5,B,a774affc5d6254abe231af247801457f0416c2d8e35020f94ab1f42b3bcf3e86,8312b6eb422ab0bdf6a82b445c65183373ce2eb7f4321df84748427d86cfbf24,8312b6eb422ab0bdf6a82b445c65183373ce2eb7f4321df84748427d86cfbf24,revised,1,2026-10-03T12:22:49.938252+00:00,False,ko-codex-v1
ch3e2i,A,0b42ad65da129bfc09c117c235f48e29e65c3bac037e9639101fc0d344ca421a,a56d31f554a01b4a3fefca707b9fd79815ea5442abae2c70d1b58ce923178b14,a56d31f554a01b4a3fefca707b9fd79815ea5442abae2c70d1b58ce923178b14,revised,3,2026-10-03T11:21:17.228111+00:00,False,ko-codex-v1
ch3e2i,B,6b3507e5cfe5ae6cb264079808aa8c6a311ea08f80adde09a2bfebc4e1ce7747,9652f0255e9f720fc10e9426746899f0cfe3653065821e7a695ca7896e811f18,9652f0255e9f720fc10e9426746899f0cfe3653065821e7a695ca7896e811f18,revised,3,2026-10-02T21:20:42.334331+00:00,False,ko-codex-v1
ch3vu7,A,cccbfd5c4ed8517ddb5504ff303e7db00780269ed66be9aa05a318d1b80cb09f,f15c53624f1737bdf2c7df53a4d8d82750c4c88586a0ef5e8619f5a575c5c622,f15c53624f1737bdf2c7df53a4d8d82750c4c88586a0ef5e8619f5a575c5c622,revised,6,2026-10-02T23:52:19.448862+00:00,False,ko-codex-v1
ch3vu7,B,8b7ec19bbac5f1020308c1976aaff36be26c580771a3dbf03c948cabf44fab5c,38434f84aac7355ed4cdbd223c18601d0e13cc5ed8ab98be96bc3ab68018b774,38434f84aac7355ed4cdbd223c18601d0e13cc5ed8ab98be96bc3ab68018b774,revised,2,2026-10-03T13:20:25.823400+00:00,False,ko-codex-v1
ch7ee6,A,3fe30aa2b89fe9865711e3977bee3df2cc115eed745385e36d82fcc9c05293ac,3e30943cc6b4789fa1798baa4f1a8085ead402f74c2eaa84dba886dd38b7cd63,3e30943cc6b4789fa1798baa4f1a8085ead402f74c2eaa84dba886dd38b7cd63,revised,3,2026-10-03T04:38:28.205707+00:00,False,ko-codex-v1
ch7ee6,B,45bd3ec7723d03e157b422e227e66e0db376373726d50d23b3f847b94f570074,1eee4a65b9bd220158594be0d947a82cdc4cce6e7c045c6cb7d42777988097b3,1eee4a65b9bd220158594be0d947a82cdc4cce6e7c045c6cb7d42777988097b3,revised,2,2026-10-03T05:41:14.864282+00:00,False,ko-codex-v1
ch9nnx,A,cd041c510a15587d210da2e8f85884a959448bc0aa48a48048602861d04a3b96,08b31c6a70e2e5cc2f066bcfdf63dd73e7db2b102a525062b927d2af6312047c,08b31c6a70e2e5cc2f066bcfdf63dd73e7db2b102a525062b927d2af6312047c,revised,5,2026-10-03T01:43:09.624210+00:00,False,ko-codex-v1
ch9nnx,B,3277269f017766a576d2c39084818cf92f7d902c485a957586e0d527840c86dd,d69d3bff86aa0c17de97900ae0ce03ea083d0968666e0442127f1bbc21ffd328,d69d3bff86aa0c17de97900ae0ce03ea083d0968666e0442127f1bbc21ffd328,revised,1,2026-10-03T00:22:26.551911+00:00,False,ko-codex-v1
chbilw,A,3ae758132a651752399c7c1933e814560e7d0a2c477ce3df1fa2372549fbd97a,aaab73b566416cdc967556d046168fb1524d1c85ec39bc31b4784231c3483216,aaab73b566416cdc967556d046168fb1524d1c85ec39bc31b4784231c3483216,revised,3,2026-10-03T04:02:24.800006+00:00,False,ko-codex-v1
chbilw,B,af48f522664ca6dd0d4c2f3f759de9fa7e824cb59d1fe3b643b15931a3cfa9c5,e7e4f9b6b59c7351111a50ea404ec9c8a6b127dc302f42697f742c9e2775bcf9,e7e4f9b6b59c7351111a50ea404ec9c8a6b127dc302f42697f742c9e2775bcf9,revised,6,2026-10-03T07:16:31.583607+00:00,False,ko-codex-v1
chdyb4,A,ae5e8fd4e795e215110e650fc34526cee986c7abc45a387743ef693a01b0e510,cfdf6b6c50f4fad34e97fef11be78859e24d6fcdca95d6a9f351b5b8b82199fc,cfdf6b6c50f4fad34e97fef11be78859e24d6fcdca95d6a9f351b5b8b82199fc,revised,3,2026-10-02T22:57:53.535584+00:00,False,ko-codex-v1
chdyb4,B,318ecc34b8a1753cdf39d7d47ceee6d944c87603b79432f42df75fcee47b05df,8e99f6c5241730810d538269e9a8e98379b12404331db6738dc8514fe64362e1,8e99f6c5241730810d538269e9a8e98379b12404331db6738dc8514fe64362e1,revised,4,2026-10-03T06:13:48.360507+00:00,False,ko-codex-v1
chep3z,A,1f16eba1c4ad60bdaed8cc4695337652f39e83af301cd0a470ab6a2003ae7543,c149230d09a91f4621925b5ba237e3e732f07cd469af06b8f1ff0b9a58494cbc,c149230d09a91f4621925b5ba237e3e732f07cd469af06b8f1ff0b9a58494cbc,revised,1,2026-10-02T22:46:30.159586+00:00,False,ko-codex-v1
chep3z,B,454c61498383651c1a3fad10cfe025a22eccf6a5154acff52f7946e4a2b750d2,454c61498383651c1a3fad10cfe025a22eccf6a5154acff52f7946e4a2b750d2,454c61498383651c1a3fad10cfe025a22eccf6a5154acff52f7946e4a2b750d2,pass,0,2026-10-03T00:32:28.201397+00:00,False,ko-codex-v1
chghq6,A,2fcd4b6dc8ba6beb3faf6e9261cd182822ec2168c8b9e9da04ab48aac61ab6d7,78b6f4180f77fdd69de109b8bab886b20678a22b02254d53e2a4d8785844ea64,78b6f4180f77fdd69de109b8bab886b20678a22b02254d53e2a4d8785844ea64,revised,5,2026-10-03T04:44:12.165088+00:00,False,ko-codex-v1
chghq6,B,b9090bcd8c27d477442079abbfcb4d2c32b752e9805aa56d4916628b1f186b67,368ef6a119e1252c61967e64a9032fe5d1a59bc00b3fea9501564366f3db5421,368ef6a119e1252c61967e64a9032fe5d1a59bc00b3fea9501564366f3db5421,revised,2,2026-10-02T23:42:18.895139+00:00,False,ko-codex-v1
chgs18,A,9b4d951ff454d104f5d94cfe9333b0e505af5edf571660a5eeee3672542b4102,65a7dee5d63d863fda2a45dc00bc292f67fe9f05685a142bba74d7a9685d1ddf,65a7dee5d63d863fda2a45dc00bc292f67fe9f05685a142bba74d7a9685d1ddf,revised,4,2026-10-03T03:04:56.114146+00:00,False,ko-codex-v1
chgs18,B,5e24a22896baf46ba8ae151c1c522a2fa0b8563eac60046377755300d34ff662,385d9018141eab1fe330af5d742f1f99287217c9d7dde1bbc0c32e1616122fa0,385d9018141eab1fe330af5d742f1f99287217c9d7dde1bbc0c32e1616122fa0,revised,1,2026-10-03T04:17:25.847576+00:00,False,ko-codex-v1
chiuvf,A,40a5366d0d5f7930bc677c001199c0b590cbfc51024c96433d6f6abed9bd8595,3b990b3616e3a6e654dea176e9f5596745ca2ee620fb67a87bc24c22decccbfe,3b990b3616e3a6e654dea176e9f5596745ca2ee620fb67a87bc24c22decccbfe,revised,3,2026-10-02T21:55:03.755992+00:00,False,ko-codex-v1
chiuvf,B,5a155883c8c30ab5cfa212918fe01e7d09c671f0a3fd26ef7138dfd0550c4ece,a08837cdf88b2fe27beca88c046d0b3e3d95d9b15b8e14ff5a7b5b00908c64e7,a08837cdf88b2fe27beca88c046d0b3e3d95d9b15b8e14ff5a7b5b00908c64e7,revised,2,2026-10-03T12:06:19.749603+00:00,False,ko-codex-v1
chnmka,A,76b0d77e11d97fedd706844ec19aab5f78823ca4bec6115208310eb4563b0786,a165743d9ee4e9c0abc39bf6fa1bb4e3293c0a0b6b58a298350f616d7e33e9e7,a165743d9ee4e9c0abc39bf6fa1bb4e3293c0a0b6b58a298350f616d7e33e9e7,revised,5,2026-10-03T05:25:15.423189+00:00,False,ko-codex-v1
chnmka,B,049808eb461ad33f24a9354a39da7eb06841b990c54493aa1a49f7f36bc3faa0,049808eb461ad33f24a9354a39da7eb06841b990c54493aa1a49f7f36bc3faa0,049808eb461ad33f24a9354a39da7eb06841b990c54493aa1a49f7f36bc3faa0,pass,0,2026-10-03T00:01:42.204581+00:00,False,ko-codex-v1
chns3i,A,4b172d720d8d7bb1ffc737ff70f5e9094f6a4f094edc0be79138b106eb9fbad6,5dd1d335582b332f496de6c4ffbc5d8d96461c029158d40b99e4449c3f28f0b1,5dd1d335582b332f496de6c4ffbc5d8d96461c029158d40b99e4449c3f28f0b1,revised,4,2026-10-03T01:34:04.213898+00:00,False,ko-codex-v1
chns3i,B,7f66da3b15708406e239deacf3f9d3aa003ff76479b27aa149dd9518e87e3518,7f66da3b15708406e239deacf3f9d3aa003ff76479b27aa149dd9518e87e3518,7f66da3b15708406e239deacf3f9d3aa003ff76479b27aa149dd9518e87e3518,pass,0,2026-10-03T04:00:19.744570+00:00,False,ko-codex-v1
chotlt,A,22678558ecce9e56436231c5b3b79c700154defa3e2d4fa5e117fba1db99d308,73e26cfb7bdd4f28c0720d03188817dffcec022f4036c51fc94555fbb1d59e62,73e26cfb7bdd4f28c0720d03188817dffcec022f4036c51fc94555fbb1d59e62,revised,3,2026-10-03T08:18:32.746606+00:00,False,ko-codex-v1
chotlt,B,66a73b8f17c63007601945e8d6c5f9549e05d24224ee61db92abee7dfbf44ce8,9887f84357f81b33adb7508cf46b109d0011bac890912cef42f5ca676da69f2e,9887f84357f81b33adb7508cf46b109d0011bac890912cef42f5ca676da69f2e,revised,1,2026-10-03T12:18:53.785914+00:00,False,ko-codex-v1
chp8sx,A,b0a820aaafe81996d2dbde0c6dcaa984cd9398b8b0f462221f798ed81aacf883,97a46d8645c77f42f324c250d193317550515eadf1aa1d6fdfddc0b69b056670,97a46d8645c77f42f324c250d193317550515eadf1aa1d6fdfddc0b69b056670,revised,1,2026-10-02T23:02:30.581509+00:00,False,ko-codex-v1
chp8sx,B,d1608f9de1bbfd0e5335b2da3ee2814a0d5d0b36e8e2a892cc85be4591596e84,1a3367cf754fdb8f90eb412067908f67894acd4b230f4826bae7fabf10b273f9,1a3367cf754fdb8f90eb412067908f67894acd4b230f4826bae7fabf10b273f9,revised,3,2026-10-03T11:55:10.137258+00:00,False,ko-codex-v1
chphc4,A,b6569cce8cdaa0be5b4a44fa643b9f3c0b461330390f56e00802415f4ec4f9f0,b6569cce8cdaa0be5b4a44fa643b9f3c0b461330390f56e00802415f4ec4f9f0,b6569cce8cdaa0be5b4a44fa643b9f3c0b461330390f56e00802415f4ec4f9f0,pass,0,2026-10-03T04:52:30.129950+00:00,False,ko-codex-v1
chphc4,B,2dca0a69718b56c7631dc44bbf6fabf0f555ce44eb109cfdd0ce709bf08c2cf7,2dca0a69718b56c7631dc44bbf6fabf0f555ce44eb109cfdd0ce709bf08c2cf7,2dca0a69718b56c7631dc44bbf6fabf0f555ce44eb109cfdd0ce709bf08c2cf7,pass,0,2026-10-02T21:55:40.692010+00:00,False,ko-codex-v1
chqjc8,A,64856b43474e734b7e2d272f7800fc23fb9d8005c6c69d8b65a313ed1c7d0131,d0aa49336f6054aa7236c36e3ee5e60b5e456873f058414edf6199b1c862c60c,d0aa49336f6054aa7236c36e3ee5e60b5e456873f058414edf6199b1c862c60c,revised,5,2026-10-03T10:58:15.242687+00:00,False,ko-codex-v1
chqjc8,B,92b460d3b6fb53c7eb669c63eb439c63954f47ff303d6dc6125bb2fa5061a13a,d5857c22a8602312596a11c668e79267b5c31b0390c14089e51c241247e890e0,d5857c22a8602312596a11c668e79267b5c31b0390c14089e51c241247e890e0,revised,6,2026-10-03T06:11:24.757317+00:00,False,ko-codex-v1
chr0yk,A,ac6e9a2591b14f22c6b3d7850b4a317562f240b3069c361e96d431a59000c13a,f1240438da682a70ac9d9dbcd5df0c6ab1e45fd819efd771dff5331239364939,f1240438da682a70ac9d9dbcd5df0c6ab1e45fd819efd771dff5331239364939,revised,3,2026-10-03T01:44:03.690584+00:00,False,ko-codex-v1
chr0yk,B,b1a4c338f72d3ea662ff9b43da8db778487750bb5e4b52671b286352367d2734,7fbddeb4c5242a17b819c1d42639cf4bfd0224e12c689745c1df4c97284e18d1,7fbddeb4c5242a17b819c1d42639cf4bfd0224e12c689745c1df4c97284e18d1,revised,3,2026-10-03T11:56:36.285801+00:00,False,ko-codex-v1
chr65e,A,bb0fb70883ac64f6b70c8a10dd37c4d5e9cf41dbe1a9d1a8b863744ed1dfe51c,a59078c72acd1abe45b4dbb7286c38b9bc5a63c2b3f0508521c006f0619f1b47,a59078c72acd1abe45b4dbb7286c38b9bc5a63c2b3f0508521c006f0619f1b47,revised,4,2026-10-03T00:11:33.954364+00:00,False,ko-codex-v1
chr65e,B,8d63426c6353b3f95c337d3c1169cb5acd291eafa370b4c8565d5ff8a9f84beb,cfce3efd21f70f159583bfb9b479541c29f88bc448041be29f5a1b2ea940ec30,cfce3efd21f70f159583bfb9b479541c29f88bc448041be29f5a1b2ea940ec30,revised,4,2026-10-03T10:39:37.485250+00:00,False,ko-codex-v1
chrrjh,A,88d34767d44d8f4a45eb0a1d0c63f00958c0d397102ac883884a7f8acf834cc3,641e3dbe4c6625e6e80bbb481b20e465af0c2f971fdc9b30310ca50c8193bc3f,641e3dbe4c6625e6e80bbb481b20e465af0c2f971fdc9b30310ca50c8193bc3f,revised,4,2026-10-02T21:04:25.644439+00:00,False,ko-codex-v1
chrrjh,B,92dc2eb28c7e2c3b22e6c72ba1d87f1048d6c0e022c4536b6c467e4e093c567c,8033a65e5b7b51b1461d36beb83ee7fc06eb8497394e1986bcbfade763004079,8033a65e5b7b51b1461d36beb83ee7fc06eb8497394e1986bcbfade763004079,revised,1,2026-10-03T11:03:14.512901+00:00,False,ko-codex-v1
chtubp,A,b2f39eb61c0d5876cb3c269c81e3da39c199101b39efdc14e2ec63e236628533,fe5e9f5bae1fddac2cef07a3eb30b8dbcb78f673eeb9f748076451288e696944,fe5e9f5bae1fddac2cef07a3eb30b8dbcb78f673eeb9f748076451288e696944,revised,3,2026-10-03T11:30:42.875063+00:00,False,ko-codex-v1
chtubp,B,ea65a75185b6c4d0a180f2b0fea8691f8b07d1d4ff41af4bbae67f17744192b0,f74be3f8c8f71342121c21e25c61972702e837ec502562c30aadbfec13506e35,f74be3f8c8f71342121c21e25c61972702e837ec502562c30aadbfec13506e35,revised,1,2026-10-02T23:18:24.417229+00:00,False,ko-codex-v1
chuk0x,A,709402ebb77cb3a4fadbe5766a0c2f73340446db92966a72ffae078aeed536ff,3dee172fe4332bf9d6a34c607a59c3e9117e583df91df63042a27ee917f1bd66,3dee172fe4332bf9d6a34c607a59c3e9117e583df91df63042a27ee917f1bd66,revised,4,2026-10-03T10:49:44.715273+00:00,False,ko-codex-v1
chuk0x,B,7681fbb76d0811f8b82ae5484737372a305e699d022326f4e2755c2b6e920828,7681fbb76d0811f8b82ae5484737372a305e699d022326f4e2755c2b6e920828,7681fbb76d0811f8b82ae5484737372a305e699d022326f4e2755c2b6e920828,pass,0,2026-10-03T01:25:00.075679+00:00,False,ko-codex-v1
ci1l0f,A,85c4657822b630dcb5dc8a8719aadd5e216ee7f62a235ee6d7a83e2de8c1e7f0,7ad73fe209a9d2a2e42b106b68a7d3892efdbcea6e5c6df65588574f8304ee1b,7ad73fe209a9d2a2e42b106b68a7d3892efdbcea6e5c6df65588574f8304ee1b,revised,1,2026-10-03T08:41:05.641097+00:00,False,ko-codex-v1
ci1l0f,B,9e80b5300941da12206c18167cba660e971ad09249b60bb129b274bf07b9e40d,9e80b5300941da12206c18167cba660e971ad09249b60bb129b274bf07b9e40d,9e80b5300941da12206c18167cba660e971ad09249b60bb129b274bf07b9e40d,pass,0,2026-10-03T02:57:34.224706+00:00,False,ko-codex-v1
ci7oc6,A,99c705413cd078f34947ded5773a96b022776db480ee7c6457698dd671787ed0,0cbaa3d0d277138de762f50cdd2cfbc303a4ac433f9abdcb144c074eb1c6d3e0,0cbaa3d0d277138de762f50cdd2cfbc303a4ac433f9abdcb144c074eb1c6d3e0,revised,1,2026-10-03T12:30:17.022577+00:00,False,ko-codex-v1
ci7oc6,B,e703b614e831520cdff434a2630732a3dd74eda2b1ea56e6e5c97764bb79304b,8043afa4cc3e0b60584933ecf3544191b84c40be600a7e050fb712ed254ce321,8043afa4cc3e0b60584933ecf3544191b84c40be600a7e050fb712ed254ce321,revised,2,2026-10-02T21:54:38.204148+00:00,False,ko-codex-v1
ci8qlb,A,91a2675b917c5267075c33dbf9aa833b96573d296fed2240aba626ea77a038d8,771ee60e64d49bdfd56b4f7ce3d907aa54c4654ea7e16b1ce447c74137b8105a,771ee60e64d49bdfd56b4f7ce3d907aa54c4654ea7e16b1ce447c74137b8105a,revised,2,2026-10-03T06:13:24.496445+00:00,False,ko-codex-v1
ci8qlb,B,76824b7ac4a07a3e66f1189ae2e2379130205e504d7b0ed348589614006b02e4,be53e0f12539984305b1e02ea19e39a3768787960efb1a4a883563d130492411,be53e0f12539984305b1e02ea19e39a3768787960efb1a4a883563d130492411,revised,2,2026-10-03T12:00:17.730038+00:00,False,ko-codex-v1
ci8wnw,A,021e7c96d22291de02bfd4090bb80c083b4ce67468a0377e1f051d145dd77e3a,01fa4ffbed79eb3b18bca9e601b7062ab36b3557f051d64a7bab474f26030b1b,01fa4ffbed79eb3b18bca9e601b7062ab36b3557f051d64a7bab474f26030b1b,revised,2,2026-10-02T23:59:45.120187+00:00,False,ko-codex-v1
ci8wnw,B,2f668999e934626839602b4425139595c07e2118a02812f3f2a4431930090037,c4d7c8167330cffdd0b33d6f6abbcd7bd57a87bbdf9451a8f428d539105acee6,c4d7c8167330cffdd0b33d6f6abbcd7bd57a87bbdf9451a8f428d539105acee6,revised,1,2026-10-03T08:48:12.808752+00:00,False,ko-codex-v1
cib2ig,A,50e215eab4a4d036e92bc83b30c41cc69304cb5f31bbda94708b944e46006672,afae70b4d007f64c5ac39cedc84f39e302f87d43ed12406ca29c7910bf5971d3,afae70b4d007f64c5ac39cedc84f39e302f87d43ed12406ca29c7910bf5971d3,revised,3,2026-10-03T07:55:08.348103+00:00,False,ko-codex-v1
cib2ig,B,a417211decd6ea6aa9014a6e38d0c87276601ff622a8638ee230ec833747d9a4,cf000d5870244f8da93c42223f32f7bdbbd4352c6512fd878972c47f827b1bf3,cf000d5870244f8da93c42223f32f7bdbbd4352c6512fd878972c47f827b1bf3,revised,2,2026-10-03T00:44:00.578378+00:00,False,ko-codex-v1
cib7gl,A,099cbbf6be8030a411c169e781435274291759d15ce0cc967a0ebd26b305c77a,ddb192136c0ba898a13fd3183bed1cc4df29ca23606bf3df6a4629130b7a7dcc,ddb192136c0ba898a13fd3183bed1cc4df29ca23606bf3df6a4629130b7a7dcc,revised,6,2026-10-03T08:36:35.995701+00:00,False,ko-codex-v1
cib7gl,B,f47f518328f381fc346f4a57cf79e05fe067a9f6dc3a0af18d4081bffc1c5c47,d64d209ad6ac9860c1b43b8b7d4bd5602499cb126a4ed2798a39d2c06cbb0c6e,d64d209ad6ac9860c1b43b8b7d4bd5602499cb126a4ed2798a39d2c06cbb0c6e,revised,3,2026-10-03T12:06:58.734225+00:00,False,ko-codex-v1
cidw6d,A,e0c8022339a8ac1c62fa8df38a96fa2f46470d448d36c48faf6674b72968238a,56b69b4170fe358de0c0739b2b55aae395d1de619f19f36c3a496d80b9daaaa2,56b69b4170fe358de0c0739b2b55aae395d1de619f19f36c3a496d80b9daaaa2,revised,3,2026-10-03T02:25:03.606081+00:00,False,ko-codex-v1
cidw6d,B,94f354fa9e5252cfaa21423a7af8d59f529b25bb202990b29463583f19d7368a,c4d64018e3c62eb26bd75bd87758b3d8214a15536bfbc965f2b3240834b68bf7,c4d64018e3c62eb26bd75bd87758b3d8214a15536bfbc965f2b3240834b68bf7,revised,2,2026-10-03T12:00:44.019903+00:00,False,ko-codex-v1
cihqcz,A,9465d2d128db1295bdaa0278832bdf97ec0c732dbe04154f4f38f5dfcc011a50,e5221579a2306563e080360a97e2a0b47621b7e4b8e2f6349baea939d5ea66ac,e5221579a2306563e080360a97e2a0b47621b7e4b8e2f6349baea939d5ea66ac,revised,3,2026-10-03T05:23:06.309985+00:00,False,ko-codex-v1
cihqcz,B,ff8a9c18809dd84699cf6e80b08fd1075595dbf7ba628490711da0fc88c48ba1,f8a48c0358c096b778ebfa6891f92aace639ad2ea0b9ef6fd7901328cf27ead2,f8a48c0358c096b778ebfa6891f92aace639ad2ea0b9ef6fd7901328cf27ead2,revised,1,2026-10-03T02:52:45.466637+00:00,False,ko-codex-v1
cipm3q,A,18458f4744a339c32c6733233625689b9389692d8cb0ff2d53d029ff8ee19cbc,5779518f27b806f2977b754d07c6f7519a24d9205d781338f7064852fe24770a,5779518f27b806f2977b754d07c6f7519a24d9205d781338f7064852fe24770a,revised,4,2026-10-03T08:38:34.265510+00:00,False,ko-codex-v1
cipm3q,B,c0585eb44c930f54fdfe43bf6519b5f6c662a062578b5c65df0c28363d9c0f98,5a751156c8d6a41aed6a0ac3b8f5eb79b3c7755cc5e17ab1a83e58f679231705,5a751156c8d6a41aed6a0ac3b8f5eb79b3c7755cc5e17ab1a83e58f679231705,revised,1,2026-10-03T04:48:47.219935+00:00,False,ko-codex-v1
ciqpsy,A,240dee2c2f604ac22921ea451768a5f8dbcd696ba7524b86c0e4b9d3d582f4a3,af78d8eb73a12ef218ffc1ea552707f47b35f349dc6254cd26f5413ca9166024,af78d8eb73a12ef218ffc1ea552707f47b35f349dc6254cd26f5413ca9166024,revised,3,2026-10-03T03:33:39.473840+00:00,False,ko-codex-v1
ciqpsy,B,954f9d61ac14ae6a463c749c13056cde5fb2ff8ca4712f2811763633c4219034,e96cb38a2e0ecfff112090d5ed34873bdd5d6ee4413224f2447a92792321fe24,e96cb38a2e0ecfff112090d5ed34873bdd5d6ee4413224f2447a92792321fe24,revised,2,2026-10-03T01:22:38.397135+00:00,False,ko-codex-v1
ciwcot,A,b07a45021390f72e2effbe6de07b0ef46bb46bec28ebf9b08b08db69e56b943b,4359e23358b5d9f4f6b8087702260eccf3ccd1fe011e63d09ca5874a5ed075c5,4359e23358b5d9f4f6b8087702260eccf3ccd1fe011e63d09ca5874a5ed075c5,revised,1,2026-10-03T00:07:15.967465+00:00,False,ko-codex-v1
ciwcot,B,c679736761269996cc7fd5ed71064264e80c5b81d61111e66ff6efd85ddc4b18,2f7f0f6bdc0e6cdbcd09d9d156dfa73f63fcba37aa27d695ef62c28777779402,2f7f0f6bdc0e6cdbcd09d9d156dfa73f63fcba37aa27d695ef62c28777779402,revised,1,2026-10-03T07:31:14.856232+00:00,False,ko-codex-v1
ciz6m0,A,8bf16cddeb9c92cdb7b2c9f722fbc190700f8b02e222901578038419b463a7db,4a4962153c56b761750898abdd1300571f4d596519866a08d74e03063d359301,4a4962153c56b761750898abdd1300571f4d596519866a08d74e03063d359301,revised,4,2026-10-02T21:01:47.155986+00:00,False,ko-codex-v1
ciz6m0,B,c6604cf95ceb947eb2284a31389de6e7703e06d65aa3312306bcd0106b9ff164,6005491d1fc1ece1aa08652c4079cfbe6a4285d534f28f3c38f1053e190d5fc2,6005491d1fc1ece1aa08652c4079cfbe6a4285d534f28f3c38f1053e190d5fc2,revised,4,2026-10-03T06:01:43.025658+00:00,False,ko-codex-v1
cizzoi,A,974ffdb246086394e5ad48a1617f435ebae4dcb8e7310d6761a1b93f2de1a52f,f6bea4da12f72415f933c9d686317350530a1272850e9b0a5017950a694a811c,f6bea4da12f72415f933c9d686317350530a1272850e9b0a5017950a694a811c,revised,5,2026-10-03T05:01:10.422147+00:00,False,ko-codex-v1
cizzoi,B,53c4eef7a20f40efe956cdfb25011c2078c93e28b0309a7fbd4b8fbcbf20770f,e49e90891f8b73e90573016d4fa0d32cbdd77e0d5bc599a6272061b882092bf3,e49e90891f8b73e90573016d4fa0d32cbdd77e0d5bc599a6272061b882092bf3,revised,5,2026-10-02T22:49:35.920324+00:00,False,ko-codex-v1
cj2fma,A,61dc6240be1c73f213ace20ffad5e7e7cbe03e82ed94e58d55235500d840bba1,d83b2c6fedc6e5af7cfd52b578b4bc6641c350c8a38515b7cde291bd97c5417c,d83b2c6fedc6e5af7cfd52b578b4bc6641c350c8a38515b7cde291bd97c5417c,revised,5,2026-10-03T05:25:05.440064+00:00,False,ko-codex-v1
cj2fma,B,ceba6f1ef40334239bd7475fd9c1215be8828e49f201340f19b4c16c99fba8dc,f41f04835be2953df6c334be07b4a7dec8341e44899afb0312cb8714617302e9,f41f04835be2953df6c334be07b4a7dec8341e44899afb0312cb8714617302e9,unresolved,4,2026-10-03T03:03:39.191356+00:00,False,ko-codex-v1
cj3fw3,A,0a4e2962f0cc01500d0d342e8c2c752f2e841e537d1db6ff807945909aec0153,a1b0624ba89320f17f112a0f56b98992447d43a9c2084b467db8f6e60416e07e,a1b0624ba89320f17f112a0f56b98992447d43a9c2084b467db8f6e60416e07e,revised,4,2026-10-02T21:03:53.791656+00:00,False,ko-codex-v1
cj3fw3,B,990a5c620be713539c2edc3f786277963ab72335661e871e68a7f5c81b11fcf3,8eaf96f0a8015d96b4f2f10ee0282290b186aa7de9bf111d99c58adab907ce9d,8eaf96f0a8015d96b4f2f10ee0282290b186aa7de9bf111d99c58adab907ce9d,revised,3,2026-10-03T03:01:15.121926+00:00,False,ko-codex-v1
cj6q87,A,d57f07de328014fb60fdbe2652173b5d358cae3079197e958f49b0bde7b73000,c953e2e55d52afd876f3eebf204236660640d249de79505c40720049ec0c635d,c953e2e55d52afd876f3eebf204236660640d249de79505c40720049ec0c635d,revised,7,2026-10-03T11:14:59.437095+00:00,False,ko-codex-v1
cj6q87,B,07277877237fd19a0160f1ebece845f302b738d12e6c38735fda324c9b2e58d0,07277877237fd19a0160f1ebece845f302b738d12e6c38735fda324c9b2e58d0,07277877237fd19a0160f1ebece845f302b738d12e6c38735fda324c9b2e58d0,pass,0,2026-10-03T08:07:21.347416+00:00,False,ko-codex-v1
cj7233,A,8ca4d597fa5fc098ea64df41e00700c180a98caedc15c334aa1f84ad0cbdd215,76b1ab5e0bf84edfb54bd9829ab2200ef499e4f5f16c16b211d1df3ace832edf,76b1ab5e0bf84edfb54bd9829ab2200ef499e4f5f16c16b211d1df3ace832edf,revised,2,2026-10-02T22:38:51.709055+00:00,False,ko-codex-v1
cj7233,B,79029e48fdacf39747ed428da5dd5a6d28a7b440e3d4cb917477d1e74b454944,79029e48fdacf39747ed428da5dd5a6d28a7b440e3d4cb917477d1e74b454944,79029e48fdacf39747ed428da5dd5a6d28a7b440e3d4cb917477d1e74b454944,pass,0,2026-10-03T08:28:27.057743+00:00,False,ko-codex-v1
cj7wb0,A,2babcd34247c85b54e2d4ce3c901fb6438143a360fe567ff1f1242459e26b9e4,fe676e6ca72950414747c7abf476a183ba6d33289bb7dc011c11cb80b21446c6,fe676e6ca72950414747c7abf476a183ba6d33289bb7dc011c11cb80b21446c6,revised,1,2026-10-03T10:45:49.455758+00:00,False,ko-codex-v1
cj7wb0,B,114cc5f76a15fa6d6d62a920861de9a355dd142584a4daedd45022030033a3ac,90a9bf2048d2fbfe274167261012222abccc865d402f67c0830687b0624c9d90,90a9bf2048d2fbfe274167261012222abccc865d402f67c0830687b0624c9d90,revised,1,2026-10-02T23:40:00.117159+00:00,False,ko-codex-v1
cjehty,A,7776bc238d2eebcd91444b75d4675a7d75c7f7a52cf53e01296108d593832c35,bce7d1afb7fb2a763d2cd72d3895593b19e8510bad81ed571e2de5e7d5be63c7,bce7d1afb7fb2a763d2cd72d3895593b19e8510bad81ed571e2de5e7d5be63c7,revised,2,2026-10-02T23:49:56.448652+00:00,False,ko-codex-v1
cjehty,B,679d340d19f93daf91df618a1826947d42c111736b90f77eb9c904e7a71b812d,5a3e64cb29b62b73ef8d2a4173c308fe50744fc669bcf3e05a5048845a6cd1e0,5a3e64cb29b62b73ef8d2a4173c308fe50744fc669bcf3e05a5048845a6cd1e0,revised,5,2026-10-02T23:11:34.258739+00:00,False,ko-codex-v1
cjfe4f,A,94625b57024199531ea39b5e2c8231ae5b2943126ef5cc776229676fe84a0c74,2637add76c73a65c354c73a49163020382a980cdb4dcead208d2c8154315fe93,2637add76c73a65c354c73a49163020382a980cdb4dcead208d2c8154315fe93,revised,2,2026-10-02T22:42:04.467553+00:00,False,ko-codex-v1
cjfe4f,B,19c1ee13c51b947d38df61e49a8c26b55ef1067439a7b7e894366be0e820dff7,19c1ee13c51b947d38df61e49a8c26b55ef1067439a7b7e894366be0e820dff7,19c1ee13c51b947d38df61e49a8c26b55ef1067439a7b7e894366be0e820dff7,pass,0,2026-10-03T03:18:07.510523+00:00,False,ko-codex-v1
cjfywz,A,130f92de55a739245ede0778c71d944af56ebb361b2c20248545abb8024bed49,ae1b33371a4647005c9f8476baf60f24c0ab749ed0760e8f3428752028d612db,ae1b33371a4647005c9f8476baf60f24c0ab749ed0760e8f3428752028d612db,revised,2,2026-10-02T22:10:03.234181+00:00,False,ko-codex-v1
cjfywz,B,26f0e370fef7e7c57d947a2724be55da1a1b645ceaf60df5bb0c9b5719a2dcca,bcc909454fe18bfe6c50f754b1e17910c8d26ac64a0210b61431045b0e4a18f4,bcc909454fe18bfe6c50f754b1e17910c8d26ac64a0210b61431045b0e4a18f4,revised,3,2026-10-03T00:29:16.945775+00:00,False,ko-codex-v1
cjirob,A,ca5e7da242ecb4d1582b66bc5786764108dc4892c9cbcc82ee76267262f21a2a,703539230a3ac71d72b7b3e8f8d6c168d3004c6ac723127997719e7c43198baa,703539230a3ac71d72b7b3e8f8d6c168d3004c6ac723127997719e7c43198baa,revised,4,2026-10-03T03:36:36.841797+00:00,False,ko-codex-v1
cjirob,B,31cc7efda3b1c2be48b3fb05d445a74e70eea905a45dd09b4b4bb5359c9812e9,fd4047d91ddc926265264d566885352aa166302e7feb42a3fd5f7c8b77360d04,fd4047d91ddc926265264d566885352aa166302e7feb42a3fd5f7c8b77360d04,revised,4,2026-10-02T23:27:27.652505+00:00,False,ko-codex-v1
cjm0a5,A,4fbc5889093adfc5f3f2db7dbbae12482eff8e7030f583e0a43cb56e2b5102a2,a677f2bd42ffa03de12bdf4ce31e630ce00b6540da76fbf0e8a7c09c2ad7a90e,a677f2bd42ffa03de12bdf4ce31e630ce00b6540da76fbf0e8a7c09c2ad7a90e,revised,3,2026-10-03T08:01:07.193880+00:00,False,ko-codex-v1
cjm0a5,B,9c3e81d064cf961115224862c38016a29d482edfa820501b823fa94c34bc167a,56bbf025d2998d3f75d7dfdd8f1166a15ae67ed9814420885e71257493b65cc4,56bbf025d2998d3f75d7dfdd8f1166a15ae67ed9814420885e71257493b65cc4,revised,1,2026-10-02T22:00:32.105320+00:00,False,ko-codex-v1
cjq9om,A,f022a96ce8a01ecbbdb29dd662b9f08dd95890423e3019ca4a7c084b9a4f9d5d,e7d0636d0ecb411ef9f8c04a834f30e42c9cc3bf4c4fcafb9d1994759d4bc907,e7d0636d0ecb411ef9f8c04a834f30e42c9cc3bf4c4fcafb9d1994759d4bc907,revised,3,2026-10-03T00:00:55.139697+00:00,False,ko-codex-v1
cjq9om,B,e3526aad08ffc78cab971efc51459052dfcb6bb0ff37feb98eec5b310deb81ca,604b2f5aec82b8f6b5daa686ed7de78be4360ccad6ca35c4c4aa0f0c8214750c,604b2f5aec82b8f6b5daa686ed7de78be4360ccad6ca35c4c4aa0f0c8214750c,revised,2,2026-10-02T22:06:11.432767+00:00,False,ko-codex-v1
cjtg3x,A,b04bc1f83fc984b3194250d3c15ff2aece4143c491c7063c4d7d64d4aac0d9b5,0e06f91a3ca91a466e4fbd8fb494f2ed3bf43b53918b0e80864a8bdeed45fc26,0e06f91a3ca91a466e4fbd8fb494f2ed3bf43b53918b0e80864a8bdeed45fc26,revised,5,2026-10-02T21:51:23.278532+00:00,False,ko-codex-v1
cjtg3x,B,b1c8dccfded451d1c17ed6adb5d558e20efb3a29e35ed696bc7210511ba24cfb,e088ab97465fe867b76122f6f1d91fec0ea92b220bc0f5bfa941beb35b4dad0a,e088ab97465fe867b76122f6f1d91fec0ea92b220bc0f5bfa941beb35b4dad0a,revised,1,2026-10-03T05:02:06.254081+00:00,False,ko-codex-v1
cjucfb,A,b6512625b68151e2c65f7ede4d4b7626907ce62cb82af9810d447f1ecb1d4a13,a4844be1991e766926b4b3db38a95bb381aab637ad1b85f79cf37f869e8cdb94,a4844be1991e766926b4b3db38a95bb381aab637ad1b85f79cf37f869e8cdb94,revised,4,2026-10-03T11:14:05.011808+00:00,False,ko-codex-v1
cjucfb,B,2cfd26eb1886e104b30fe091a3ebe65110e89987f9ec5eee8c437033f463ae54,9fb0e590ebbc44f58cba4f0c44e8a94091009bd277162a240e475ba3c9a1ed5c,9fb0e590ebbc44f58cba4f0c44e8a94091009bd277162a240e475ba3c9a1ed5c,revised,4,2026-10-03T12:09:57.820027+00:00,False,ko-codex-v1
ck31nx,A,3906a4cc70f6cd809d6f69897b1c4012dbdba977456b62ea312db7c9923fef99,61f182baa929f821885f84ad11f943ecca85e707e38f1ed635da5d92e1084acb,61f182baa929f821885f84ad11f943ecca85e707e38f1ed635da5d92e1084acb,revised,1,2026-10-03T01:23:09.974742+00:00,False,ko-codex-v1
ck31nx,B,576b3cec1b09dd2fe22c0e533915878b4a7fc52d436a307dcd986d16ca2319b4,576b3cec1b09dd2fe22c0e533915878b4a7fc52d436a307dcd986d16ca2319b4,576b3cec1b09dd2fe22c0e533915878b4a7fc52d436a307dcd986d16ca2319b4,pass,0,2026-10-02T22:36:53.283182+00:00,False,ko-codex-v1
ck9cy4,A,314114af5c3d1d172100c883c38eb1cfbb016e5ffdf636e2b5e4cb27a8631ca0,d8da4731f911024800a80546f8433a883016eff4f1d05a6e2f83affad39dcf85,d8da4731f911024800a80546f8433a883016eff4f1d05a6e2f83affad39dcf85,revised,6,2026-10-03T06:35:19.091963+00:00,False,ko-codex-v1
ck9cy4,B,32dbe02842e46a2c6836ca5bf57d34951eb0eee6d87e8b10bb8fe16c6d37a6a8,6413e3f38a6ad56acb38a8209643a1c10c7ae6b754810938d29664b7b7e40f1d,6413e3f38a6ad56acb38a8209643a1c10c7ae6b754810938d29664b7b7e40f1d,revised,2,2026-10-03T10:48:48.858513+00:00,False,ko-codex-v1
ckdfhy,A,ca52cb34eb43b03e966f6737eeeff7fa9f63abcb96a8d4dd78eaaa267c6ab200,bae416890bbcc3a6dc3616c5c14cc719b89f9f460b05ab1d5187fd826a1211a2,bae416890bbcc3a6dc3616c5c14cc719b89f9f460b05ab1d5187fd826a1211a2,revised,3,2026-10-03T04:17:06.372255+00:00,False,ko-codex-v1
ckdfhy,B,9ab1f09951bed5b0c403b095cf285901948ba5e459c4d6be5677047d04bad337,9ab1f09951bed5b0c403b095cf285901948ba5e459c4d6be5677047d04bad337,9ab1f09951bed5b0c403b095cf285901948ba5e459c4d6be5677047d04bad337,pass,0,2026-10-03T04:21:51.166752+00:00,False,ko-codex-v1
ckfjvf,A,7f264d1a141559b70da626fa7160b0f5e783eefb006b9c542be1502bb5674371,e059c3874e88ae6dbbf7bad709a9603f241d208dee0274aa18e80556f9568e6c,e059c3874e88ae6dbbf7bad709a9603f241d208dee0274aa18e80556f9568e6c,revised,2,2026-10-03T11:45:12.778166+00:00,False,ko-codex-v1
ckfjvf,B,807e59814ad29aa1e237836da76e03f4380d8a8f7b1b9dd7cc85f4137fd1793c,4b194f3631460d6fe8cc179c2008cb16dcc86207a03b8f0c14ca71fdbd999283,4b194f3631460d6fe8cc179c2008cb16dcc86207a03b8f0c14ca71fdbd999283,revised,2,2026-10-03T04:04:42.049081+00:00,False,ko-codex-v1
ckhq4w,A,6fba55a09f7a9099c787a0b9aa27a2c8229161e9fc420431263979b84f400128,513bc30d874cd60a5633ea6d6da3efb6e3dbfc7b6de45a0e66feba89e1135a5d,513bc30d874cd60a5633ea6d6da3efb6e3dbfc7b6de45a0e66feba89e1135a5d,revised,5,2026-10-03T04:52:57.624315+00:00,False,ko-codex-v1
ckhq4w,B,dd45409f97bcfab8d68eb7b54960a003ca3cec5cf81ca72ddf94deeb22aace85,27fe9d1aa4edcf738608b40dc4d76febd27f77cbb5f5d316b1190bc4d6c2fd0a,27fe9d1aa4edcf738608b40dc4d76febd27f77cbb5f5d316b1190bc4d6c2fd0a,revised,1,2026-10-03T04:58:33.263662+00:00,False,ko-codex-v1
cki04g,A,d4af2e8fc93a71d32c0d2bcca39d3d05ce633175934120937f71aeba3195b5f3,334493c50810e1b39c167c982d7304314e5f6ffa32d5456942314b7c0e3733d2,334493c50810e1b39c167c982d7304314e5f6ffa32d5456942314b7c0e3733d2,revised,5,2026-10-03T00:20:15.496479+00:00,False,ko-codex-v1
cki04g,B,53e210964a914738397aeb86c9e091ecf6bfe988b6c027393542c0099ce9b269,53e210964a914738397aeb86c9e091ecf6bfe988b6c027393542c0099ce9b269,53e210964a914738397aeb86c9e091ecf6bfe988b6c027393542c0099ce9b269,pass,0,2026-10-03T10:40:45.190328+00:00,False,ko-codex-v1
ckwg1n,A,e36ca033f764593f54eed9202d9e2e23a53a5a86c469f43fc3d418618cef972b,5247e39d571f48030a59e29e54da9304e7fff0079fb1f604dfe70048fc023564,5247e39d571f48030a59e29e54da9304e7fff0079fb1f604dfe70048fc023564,revised,4,2026-10-03T11:04:39.149328+00:00,False,ko-codex-v1
ckwg1n,B,a6baf10a1ee4653c4250e49f68eaf57bae52870e04a6ab43856bd9b44806a45f,2a5a39680a434c21bbdef3d2413e54f698fc5642aef866f4d86d35ecaa62f52b,2a5a39680a434c21bbdef3d2413e54f698fc5642aef866f4d86d35ecaa62f52b,revised,2,2026-10-03T07:55:40.487733+00:00,False,ko-codex-v1
ckx4dg,A,28ee8a12c1ebd0a4aa9748827eba4bf583581f013a22038ffc0fcb2a6bd699ab,be769c766ace8165c1d080500ad228d3627b26c2645adfe04b1af82890b8a29d,be769c766ace8165c1d080500ad228d3627b26c2645adfe04b1af82890b8a29d,revised,5,2026-10-02T23:35:35.115070+00:00,False,ko-codex-v1
ckx4dg,B,d781ce85c51023d7ae5b719a6b34ee648e45cbbb1ec09368476ec47ba3445197,babd98c291b5dfbb729e93e1063a3dd91e98c7002880d073c7cc856d2e013a2d,babd98c291b5dfbb729e93e1063a3dd91e98c7002880d073c7cc856d2e013a2d,revised,2,2026-10-03T12:18:54.864954+00:00,False,ko-codex-v1
ckyoj6,A,61f6c36d905788c041d5a5bc2c1abaea484d4be63a4a71ef687e0ce8af0026b7,627c5e4921547a9bc0a1511cb7e028037849b1e161a1d476c1163c6a7f502b6c,627c5e4921547a9bc0a1511cb7e028037849b1e161a1d476c1163c6a7f502b6c,revised,4,2026-10-03T05:30:42.358801+00:00,False,ko-codex-v1
ckyoj6,B,d3658c437779708933a1bb21d8925d31a2053b2e8ea7ddc25a143d5a826dc14f,bf34f63f39f326dfbbff18b4ba2cfb50a34d4dfb5b3a11dc4f58654680c1c99f,bf34f63f39f326dfbbff18b4ba2cfb50a34d4dfb5b3a11dc4f58654680c1c99f,revised,4,2026-10-03T12:37:07.059659+00:00,False,ko-codex-v1
cl89fm,A,f64a4fd333246ac43782c35db66477569d552e47b9e1ebe16b3001ab86d79005,4ce53410f79bf3ee10b8b88e2e8b7813ffbdf5320beafd2e11c1a4bbb4395bb0,4ce53410f79bf3ee10b8b88e2e8b7813ffbdf5320beafd2e11c1a4bbb4395bb0,revised,7,2026-10-02T23:15:05.942084+00:00,False,ko-codex-v1
cl89fm,B,0d112775cbaf98c075fd2e49e4c2bc7a1981ba7712046c17b18a2e7bb4d0ab83,dd24c6a04d9c109acf07c0fb76b9f8bd9160de9f61abc561b7d84956ab17602f,dd24c6a04d9c109acf07c0fb76b9f8bd9160de9f61abc561b7d84956ab17602f,revised,4,2026-10-03T07:46:59.092919+00:00,False,ko-codex-v1
clafb3,A,0d4eb2e5d13f003cf48ad8cbd9e7dacf48b2c1a412a081cfb1da99d2eeb0deb8,329dda70464f9cc6c6c5c309751ac7962d0c3207ab9fcbf22873eed6dcabdee1,329dda70464f9cc6c6c5c309751ac7962d0c3207ab9fcbf22873eed6dcabdee1,revised,7,2026-10-02T21:13:35.393966+00:00,False,ko-codex-v1
clafb3,B,27d8f8e897a6881353f167cbfa5cb8ae6b9065fa9f32f0d09b03da5091b6de6e,47e6de94ce0612cdce166a3648837388bfd4369c7c9ec8e75829ea994965b9ce,47e6de94ce0612cdce166a3648837388bfd4369c7c9ec8e75829ea994965b9ce,revised,3,2026-10-03T05:57:20.714094+00:00,False,ko-codex-v1
cloj6z,A,ee35d91a4ef1d10b61a63a67e4f41ef9284fb802f8bb6b750066bea98158a319,1ac1e6f7748dd44a50df1431f78f8ea218099f06c0f21a6bac5f08790350a970,1ac1e6f7748dd44a50df1431f78f8ea218099f06c0f21a6bac5f08790350a970,revised,2,2026-10-03T00:15:23.177230+00:00,False,ko-codex-v1
cloj6z,B,fd7235a47c75f9d5c1346091b068aa812edebaeb6f3fea734f22af3f936f40a1,3f7f85d52655447962c608759d8c30ccfec12934c39392a5718dd1fbb7fc1084,3f7f85d52655447962c608759d8c30ccfec12934c39392a5718dd1fbb7fc1084,revised,2,2026-10-03T04:01:29.789000+00:00,False,ko-codex-v1
clp0nk,A,f16c13bdc940fe95667be53876290d292087944078371bbe58fad8c37bdebd38,d0db16ce8816282d2fa9f701fd1bb8e565955b7b82432cd8ea765877ced99582,d0db16ce8816282d2fa9f701fd1bb8e565955b7b82432cd8ea765877ced99582,revised,5,2026-10-02T22:36:12.317054+00:00,False,ko-codex-v1
clp0nk,B,29912def3ef22f839a4b361f3d55d3ff30909b90ee7a600332043aca543cd9e1,cdbac868a1962ca01ae9bca5f1206ba33b8636aad08accbb6749a911811d6332,cdbac868a1962ca01ae9bca5f1206ba33b8636aad08accbb6749a911811d6332,revised,2,2026-10-02T21:47:57.130041+00:00,False,ko-codex-v1
clvg6l,A,285dc1c760739ad819f37bff81b674e531152551719521c3b6389591ab409556,1b0cd30fe87a463bb3b9517fd589eb18b2104d1f44fed1b2055f002c70058435,1b0cd30fe87a463bb3b9517fd589eb18b2104d1f44fed1b2055f002c70058435,revised,3,2026-10-02T21:54:13.104287+00:00,False,ko-codex-v1
clvg6l,B,b8c3bed4081560138a4b3ef82fb9a69ef235d5f2f6dd766f3a0280d03ae0c73b,fc9e78f1f81252d50f01a439e610d74e784f18c641152f6dbef69b12042f8855,fc9e78f1f81252d50f01a439e610d74e784f18c641152f6dbef69b12042f8855,revised,3,2026-10-03T03:50:15.086522+00:00,False,ko-codex-v1
cm5a4g,A,44a2c5224e1f56e54a4f40d66f022cf1505fb6a7577585bf3e1ad937612f2509,b4b85123d6012dc01d048a75a731f0fd67611514f3610a1da3099a7d27bd6c61,b4b85123d6012dc01d048a75a731f0fd67611514f3610a1da3099a7d27bd6c61,revised,4,2026-10-03T02:26:09.473290+00:00,False,ko-codex-v1
cm5a4g,B,e6af101488cda183dc353d04c5efb971ce22afac8336b9bcdba2fb4d6861d6a5,6985fbd204f555ab12aa1c2cb0ff2a9227b2c2ea5b3d41c7dcf6f56ef25d17e2,6985fbd204f555ab12aa1c2cb0ff2a9227b2c2ea5b3d41c7dcf6f56ef25d17e2,revised,2,2026-10-03T06:54:33.674073+00:00,False,ko-codex-v1
cm9m1s,A,83372ab3731a29f05adf3c1347e625a260e15bb28e97ccf0302dffb4f413bcf3,cddb5117ded5d284945ce05ccae0899e158d2845519ea4ae8fb2517298a2bae7,cddb5117ded5d284945ce05ccae0899e158d2845519ea4ae8fb2517298a2bae7,revised,5,2026-10-02T21:35:48.556476+00:00,False,ko-codex-v1
cm9m1s,B,6d79322e2000d10f038edebaa4a0a7bef23d93527ef7806f53ca889a1f056c48,b2deca066f5cefa1d5c414ffc103b62a0ee3e00fe61affd767a2961f89616e23,b2deca066f5cefa1d5c414ffc103b62a0ee3e00fe61affd767a2961f89616e23,revised,1,2026-10-03T11:08:58.121693+00:00,False,ko-codex-v1
cmbbkc,A,d60f1f72566161fc83d647f35a1f2bdac6624e82779fc32c479bd93491c8a43b,8fa06f57f160bb209d451f98201d4d00c6240e7a6c47b1d457d09b3508695b76,8fa06f57f160bb209d451f98201d4d00c6240e7a6c47b1d457d09b3508695b76,revised,2,2026-10-03T07:05:26.502705+00:00,False,ko-codex-v1
cmbbkc,B,6a981378351f0ceb2eec40a3dcffad236fda1d54525cef4f909fd4407a0f490a,6a981378351f0ceb2eec40a3dcffad236fda1d54525cef4f909fd4407a0f490a,6a981378351f0ceb2eec40a3dcffad236fda1d54525cef4f909fd4407a0f490a,pass,0,2026-10-02T23:41:29.748768+00:00,False,ko-codex-v1
cmcktt,A,f9fb90140874b7864e8dbd68376ea00063c77b37e27d825670d889435c1503c2,066ae7e89c1773df5f56e68dbb2d58494ebcaf7477a70c0a3268e89689ec114c,066ae7e89c1773df5f56e68dbb2d58494ebcaf7477a70c0a3268e89689ec114c,revised,3,2026-10-02T21:51:24.694842+00:00,False,ko-codex-v1
cmcktt,B,b80235d4efb6417739168311f4984891fdb5b235d04646ec60108b4491d80336,4b1158f545bdb948bf759f8c7aaeaeb4bf2ec1414f9dfad7e27a47fe6fda0fde,4b1158f545bdb948bf759f8c7aaeaeb4bf2ec1414f9dfad7e27a47fe6fda0fde,revised,2,2026-10-03T02:37:07.172101+00:00,False,ko-codex-v1
cmcoju,A,97c1793454fde57b156456f1601e14192809b95a7dd23b52df824093ae4dda42,c4378bfa50863caa185f111b275fb64edc90713e5fe9209d22f5d8e56ae838a1,c4378bfa50863caa185f111b275fb64edc90713e5fe9209d22f5d8e56ae838a1,revised,2,2026-10-03T12:30:12.093846+00:00,False,ko-codex-v1
cmcoju,B,32736a4a0a8c8c4ffe5c560b02187ff643dc5dbab14317e5c4b9a0cdcbc70230,32736a4a0a8c8c4ffe5c560b02187ff643dc5dbab14317e5c4b9a0cdcbc70230,32736a4a0a8c8c4ffe5c560b02187ff643dc5dbab14317e5c4b9a0cdcbc70230,pass,0,2026-10-03T06:22:11.894504+00:00,False,ko-codex-v1
cme916,A,bbfaf568407cfe4b119126e78cdeb1d060340170c1cbd7102a0a9c145ef78ef2,d26bcc079e139d2a61980406cac6312330910d687e4c3fc4acc004d940180df0,d26bcc079e139d2a61980406cac6312330910d687e4c3fc4acc004d940180df0,revised,5,2026-10-03T00:12:14.204876+00:00,False,ko-codex-v1
cme916,B,02ab4b5ca53219001e33d1fc6affdc29b95dbce5385ff374b53c454a9e107faf,5019b36da761f7a5f6be2e60be30fb010b7d9e756f883494472577decc07375f,5019b36da761f7a5f6be2e60be30fb010b7d9e756f883494472577decc07375f,revised,2,2026-10-03T05:20:19.280584+00:00,False,ko-codex-v1
cmi7d2,A,f01fbe261db088fe0299e42e257d2d72c94fd1803b5eab3cd1a27055daeb79a6,e83163d0ba5def474e4d748c1910d8240d829b123798a2909de3fbed1a8a5a0e,e83163d0ba5def474e4d748c1910d8240d829b123798a2909de3fbed1a8a5a0e,revised,5,2026-10-03T07:59:38.654219+00:00,False,ko-codex-v1
cmi7d2,B,840efa8a36bef2474acbfd03c267977911b15344c899c7e04b4e9db35d7373e9,f58cc9baf3850f8f1543fdf7e41105218e05c444cbb95b2e928dd9c889019674,f58cc9baf3850f8f1543fdf7e41105218e05c444cbb95b2e928dd9c889019674,revised,5,2026-10-03T08:33:32.037933+00:00,False,ko-codex-v1
cmmbse,A,2c00a454b7a581be4dc4a78f4662250fcbda8bd47d99fd9e268af11b9d8ef7a6,bd0b0941c3c71b5db0a41912de8364b55a0aac7f107b4730b2a9641aa3c2acac,bd0b0941c3c71b5db0a41912de8364b55a0aac7f107b4730b2a9641aa3c2acac,revised,3,2026-10-03T06:28:26.617908+00:00,False,ko-codex-v1
cmmbse,B,1cdffd4bdf00c4cdf6b27ee0ee5ee45112fe8eb4e7e0e04b7d7baa6acb5e02a3,726a066882f6a2bf5df0f8539ffc99b1f72b9810972ab41aaa519957671b6596,726a066882f6a2bf5df0f8539ffc99b1f72b9810972ab41aaa519957671b6596,revised,3,2026-10-02T23:45:42.952358+00:00,False,ko-codex-v1
cmmxpo,A,f0faf13b726d40f7e5fe25fac0f7a28abaaad419d2301f6a5b7d36ec8ba5d0f6,387d6f6528fba3b0154fc4288abdc59f20ada1991219568f1f1fd7702873ce9c,387d6f6528fba3b0154fc4288abdc59f20ada1991219568f1f1fd7702873ce9c,revised,2,2026-10-03T06:48:15.911036+00:00,False,ko-codex-v1
cmmxpo,B,89f29d983601f326bc403ce22556965ad1d35375e3609016dc147e6cf64e69b5,ca45c3bb1ec50f23dc526a5a880bf21bd9dbcf91a23319e8b4b69b7c0d5a91e8,ca45c3bb1ec50f23dc526a5a880bf21bd9dbcf91a23319e8b4b69b7c0d5a91e8,revised,5,2026-10-03T04:23:58.354204+00:00,False,ko-codex-v1
cmrdmb,A,90b44953fa938e6e3800acd9aa156a0ab474a96b05481a7d7443ad8c751680e2,67ed7fb12a747dc2ed128393369ef217d29e6abb28bcd4d1684f292d020a8b77,67ed7fb12a747dc2ed128393369ef217d29e6abb28bcd4d1684f292d020a8b77,revised,5,2026-10-03T07:36:34.984281+00:00,False,ko-codex-v1
cmrdmb,B,3617528aaa8917102fa4fe2fd5fcd83ea0420d2079344b0b2604aeab097a9fd0,77a1bdf0a50b14524231107304cbe1f3d65b1bd5b5b9fdecd09ea85fd798283d,77a1bdf0a50b14524231107304cbe1f3d65b1bd5b5b9fdecd09ea85fd798283d,revised,2,2026-10-03T02:58:01.132142+00:00,False,ko-codex-v1
cmry8n,A,20e98df2c24806b62196047c9c9404eea94a992f338492e99af670bf686cc859,e0725ebcc485dbf6612e912fc3f2bf53a9c94c9b16d3b0bc46165aa042ab8170,e0725ebcc485dbf6612e912fc3f2bf53a9c94c9b16d3b0bc46165aa042ab8170,revised,1,2026-10-03T03:51:25.525428+00:00,False,ko-codex-v1
cmry8n,B,ad005621fb0c4027d92cc00adf504f208ca83ed086e02bf17135001c8d41f188,ad005621fb0c4027d92cc00adf504f208ca83ed086e02bf17135001c8d41f188,ad005621fb0c4027d92cc00adf504f208ca83ed086e02bf17135001c8d41f188,pass,0,2026-10-03T02:49:29.838054+00:00,False,ko-codex-v1
cmtwv3,A,415c7ec44f341e14498c54fc6353298e98acb2515d466699cc422f8fc24c183b,415c7ec44f341e14498c54fc6353298e98acb2515d466699cc422f8fc24c183b,415c7ec44f341e14498c54fc6353298e98acb2515d466699cc422f8fc24c183b,pass,0,2026-10-03T02:48:19.908165+00:00,False,ko-codex-v1
cmtwv3,B,f668c4cabc673b09fcfac2685073466b2b75c17c1fec0bac6482d198a54a8892,2224d6e7d897e4656ebc0f5eda13639e28a9de212e95694ee8c6fad67bdab63b,2224d6e7d897e4656ebc0f5eda13639e28a9de212e95694ee8c6fad67bdab63b,revised,1,2026-10-02T23:38:48.828776+00:00,False,ko-codex-v1
cn8pf2,A,c4c185b722cac2f47cc9fee834823efb46ffc3624f2334a63a5fc93ddf856e19,a098aab947313f9f55d61f54e7db9a719dbd3fb085d811b3a23b52ed8d5bb663,a098aab947313f9f55d61f54e7db9a719dbd3fb085d811b3a23b52ed8d5bb663,revised,2,2026-10-03T00:23:56.332623+00:00,False,ko-codex-v1
cn8pf2,B,53151116b464bf5b4b4d93894860dcc442a631d32af1d2c66c013de032dd154e,8e7632722511837208a2673f9ffe06a6bd76090ccfb095545e89ad2e792365c6,8e7632722511837208a2673f9ffe06a6bd76090ccfb095545e89ad2e792365c6,revised,2,2026-10-03T11:05:23.343618+00:00,False,ko-codex-v1
cnbjf9,A,ebdaf09fc16abfb47db15d9f1dd51c8ee2a932870294693d9e2b11e23e5c5ed9,fbba0c09ff113839267d20a969eb517847cdfa8a929e300fb293a8762f81c9b5,fbba0c09ff113839267d20a969eb517847cdfa8a929e300fb293a8762f81c9b5,revised,3,2026-10-03T03:19:24.802529+00:00,False,ko-codex-v1
cnbjf9,B,5f4278ed4c337d9808454813611302adcc53ec7938c9963134c8626463c4557e,7bfe2a54521f552f109322aa19d1f216bc967f201d3a9d7d4839e64634d753f8,7bfe2a54521f552f109322aa19d1f216bc967f201d3a9d7d4839e64634d753f8,revised,1,2026-10-03T06:48:16.549715+00:00,False,ko-codex-v1
cnftn5,A,f0e043ab795431abd49f0b4c47634e69010a8d64806a1881027164595a9a66d1,6e5d9bb6a2d37534dea91a45d1af5b3435691161e3ce5685e9bdba931b584632,6e5d9bb6a2d37534dea91a45d1af5b3435691161e3ce5685e9bdba931b584632,revised,3,2026-10-03T02:55:54.998399+00:00,False,ko-codex-v1
cnftn5,B,b49f20d86148ddfda470a2de757e3b443dd9124aeddb21060ed9f53b7757de8b,b49f20d86148ddfda470a2de757e3b443dd9124aeddb21060ed9f53b7757de8b,b49f20d86148ddfda470a2de757e3b443dd9124aeddb21060ed9f53b7757de8b,pass,0,2026-10-03T03:42:04.911592+00:00,False,ko-codex-v1
cnhpdz,A,7e6b5a86c7739189e5adba215d8cbe285df087c70cc417af88b33e239093eb85,4b33e6b70c20d98d0fe4f7f2d8e84f315e7d6ceed4012e6437824acaabb2069b,4b33e6b70c20d98d0fe4f7f2d8e84f315e7d6ceed4012e6437824acaabb2069b,revised,2,2026-10-03T06:15:54.268867+00:00,False,ko-codex-v1
cnhpdz,B,fc31b448944a91bc4f70b269d0ef353d90945d717a1fd29a332347c2a1695a6b,294cb29b7403972378c8c1ec9583dbdaeb67f398de771c7cc81217b52b818891,294cb29b7403972378c8c1ec9583dbdaeb67f398de771c7cc81217b52b818891,revised,1,2026-10-03T04:57:03.146577+00:00,False,ko-codex-v1
cni99n,A,032e7d90c5399732078b51c1c0e0633a613358bea03eddd5387efe31a79ed937,80669670c9b99e1efd0ae87f3d46411dd0728043ec75ff1e0c63ab5e7e5f5d7d,80669670c9b99e1efd0ae87f3d46411dd0728043ec75ff1e0c63ab5e7e5f5d7d,revised,3,2026-10-03T05:17:49.376796+00:00,False,ko-codex-v1
cni99n,B,62149830d69d953633be64efe9a60a1aa3376dc2fe21808765e590f1f5944d0e,4ef1a57da1810f4b4cc305e5cc8bc668b51bc3311b7e4d99b1e519433c59cc3d,4ef1a57da1810f4b4cc305e5cc8bc668b51bc3311b7e4d99b1e519433c59cc3d,revised,1,2026-10-03T05:55:15.962026+00:00,False,ko-codex-v1
cnn2s9,A,f50b717f2f1b448938c1cc9fdcc29d5b10d97c0fccec0a3adce52205138b3aee,f626fa54c9bdb2b94b2dfc6d83737bbecc4a12f2868808a9d9e5a3559669785e,f626fa54c9bdb2b94b2dfc6d83737bbecc4a12f2868808a9d9e5a3559669785e,revised,4,2026-10-03T00:07:30.396534+00:00,False,ko-codex-v1
cnn2s9,B,cc3d33fdfb6ee953c3d88673243618cf656a0589422530f0f332c7aa067ff2c4,cc3d33fdfb6ee953c3d88673243618cf656a0589422530f0f332c7aa067ff2c4,cc3d33fdfb6ee953c3d88673243618cf656a0589422530f0f332c7aa067ff2c4,pass,0,2026-10-03T03:40:10.269155+00:00,False,ko-codex-v1
cno4cu,A,96da232e890b8c127dc56637186df0e3c6d74fd5115e5484729adf32794613c3,eaa3067301ad916457a36b8dfc5502e0ad0d86ff2146689aa2053cec4a60ba35,eaa3067301ad916457a36b8dfc5502e0ad0d86ff2146689aa2053cec4a60ba35,revised,2,2026-10-03T02:44:23.220714+00:00,False,ko-codex-v1
cno4cu,B,f460e62fb74f4649ea2344f194765c709c0bd1d95d4a05ccbf86d3bec98b7e58,ef16a2e5ea1c571d444097f28fffbfa5cc0e364648bfb46e558dc7a1d2e9674f,ef16a2e5ea1c571d444097f28fffbfa5cc0e364648bfb46e558dc7a1d2e9674f,revised,3,2026-10-03T00:06:26.955882+00:00,False,ko-codex-v1
cnt3s9,A,470e23ca4ba9a71f9b53e572fcfd4b57241ef2ead451a85f01a04beaff76b8d3,5614de9179459e85b224c636c3b3a46a38387e20414367e6ba01a51032fbf5db,5614de9179459e85b224c636c3b3a46a38387e20414367e6ba01a51032fbf5db,revised,4,2026-10-03T11:16:08.357259+00:00,False,ko-codex-v1
cnt3s9,B,44e2f98fddf239b4b916923f47aa22a93ef4d5b67b5eeaa8d6439a0b87a9f227,babcdf2e19a30cef00c5843045ab69720f5f26b19c48d3ae7d46fc73d2ec6b33,babcdf2e19a30cef00c5843045ab69720f5f26b19c48d3ae7d46fc73d2ec6b33,revised,1,2026-10-03T02:33:05.390527+00:00,False,ko-codex-v1
cntr4u,A,b64d25f5f2de01648b8bdefc5a63934d35dd6ee906c8153827aa51385e3ee552,788c3f707d9b40621cd426d66ab3437f566db5b59a0d6f8106e956a8665d070c,788c3f707d9b40621cd426d66ab3437f566db5b59a0d6f8106e956a8665d070c,revised,2,2026-10-03T04:17:59.011753+00:00,False,ko-codex-v1
cntr4u,B,44c1ba89149f2fb0f125df486e8cce8d9237ef495b7dcd17ebd1f5dcaf94c295,363d6d124cb0c3d4efb84b11b6a94881adf9e0278c84fe0bba486665d934cd57,363d6d124cb0c3d4efb84b11b6a94881adf9e0278c84fe0bba486665d934cd57,revised,3,2026-10-03T04:17:34.882586+00:00,False,ko-codex-v1
cnuze2,A,af8c8a9c53a219f1e34aade2334c61846a0a41295e1d307a49e2b2492eded948,965e56f6ef5be476222be640a9b7bfdea65978b7fb0120c015dd16e3d45e39ae,965e56f6ef5be476222be640a9b7bfdea65978b7fb0120c015dd16e3d45e39ae,revised,3,2026-10-03T04:12:24.502973+00:00,False,ko-codex-v1
cnuze2,B,e2939e116fbddffbbb76d3e3760454e7c7f5642c8a32dc7a6c29ff45ac4abc98,0e2f68a90099cf97223897aa2be49947775666fb5a2c3bd1ecf6fb2d53b6b9a2,0e2f68a90099cf97223897aa2be49947775666fb5a2c3bd1ecf6fb2d53b6b9a2,revised,1,2026-10-03T05:52:50.543575+00:00,False,ko-codex-v1
cnytyf,A,5ca0947e5f83536e0a2d60c56a309e4eed61f5cd951930f033b105d395358ead,5fd0412eb2a66b62fca35c31e0003438c8fbe7e6f6274ecbdd03dd1d23758d02,5fd0412eb2a66b62fca35c31e0003438c8fbe7e6f6274ecbdd03dd1d23758d02,revised,1,2026-10-03T12:03:44.057366+00:00,False,ko-codex-v1
cnytyf,B,3d7cde9fe194869f9ce3c2c9cb6efead160d2f48c882892fce0d55ed2a3704c8,3d7cde9fe194869f9ce3c2c9cb6efead160d2f48c882892fce0d55ed2a3704c8,3d7cde9fe194869f9ce3c2c9cb6efead160d2f48c882892fce0d55ed2a3704c8,pass,0,2026-10-02T21:10:27.900413+00:00,False,ko-codex-v1
co73hn,A,8b9933aab8a6f1f9c8427c9da131a0d49f4ccfdc6a219cfd8e398e353d59152c,ad3507dd5cf309b1415729a5694083eea1e11bd3e7508408d7761c8170dfa1ee,ad3507dd5cf309b1415729a5694083eea1e11bd3e7508408d7761c8170dfa1ee,revised,6,2026-10-03T07:54:33.774076+00:00,False,ko-codex-v1
co73hn,B,9298278413a03cdb8a5d9b67b88d2a91c2d777f89d29b93f1eeafb8bbe663953,c28bedda65451b523505eb4d4a1d2f0faeaa6bee67b5e54ebac8c3916c76217f,c28bedda65451b523505eb4d4a1d2f0faeaa6bee67b5e54ebac8c3916c76217f,revised,3,2026-10-03T10:38:09.790246+00:00,False,ko-codex-v1
coawdo,A,54715737f7a23d67766e05e89bb628d7bb5b8a9ded315bac8f78051d9ae0001d,fc03d51e98012a32b1bbbdf5826e23f4779ad10776e5d0939faebb0f94b8a6e8,fc03d51e98012a32b1bbbdf5826e23f4779ad10776e5d0939faebb0f94b8a6e8,revised,1,2026-10-03T02:36:05.963166+00:00,False,ko-codex-v1
coawdo,B,7422bd6d5c58dd3135bb450941adc63c559265e52fdaaf1a8b16e4bf262852ef,7422bd6d5c58dd3135bb450941adc63c559265e52fdaaf1a8b16e4bf262852ef,7422bd6d5c58dd3135bb450941adc63c559265e52fdaaf1a8b16e4bf262852ef,pass,0,2026-10-03T03:42:21.988985+00:00,False,ko-codex-v1
cogxw6,A,7762cce2b08795ed0ef251b7cd8d8963719be052191dae20ff7b22b858dbf9da,4131ce03c0a45553ced614ac3c2e23972772c559c30ce28191d4c3e0f41937c5,4131ce03c0a45553ced614ac3c2e23972772c559c30ce28191d4c3e0f41937c5,revised,3,2026-10-02T21:19:12.675824+00:00,False,ko-codex-v1
cogxw6,B,4ddb71fecb59a00d9d82663dfb95e7bc4cad3e976c2b3a46f1350d9544f902e4,4ddb71fecb59a00d9d82663dfb95e7bc4cad3e976c2b3a46f1350d9544f902e4,4ddb71fecb59a00d9d82663dfb95e7bc4cad3e976c2b3a46f1350d9544f902e4,pass,0,2026-10-02T22:31:52.341268+00:00,False,ko-codex-v1
coij2h,A,44580b7d8f9abbcc35471da9f5dff99009b0f33a4c08a89e5e7be7fe71906434,5e621e5e8bdd112a798129f6766320a89164e318e7d2baf34a394f381a9eaed0,5e621e5e8bdd112a798129f6766320a89164e318e7d2baf34a394f381a9eaed0,revised,4,2026-10-03T11:31:42.505159+00:00,False,ko-codex-v1
coij2h,B,e2ed2a12c5de055497eb805d97eb83834e52b64f28aeb7fa95290cae14fc719c,e848fe84c8695614e79b36a3192165c2ab95386d75f2d866e73481b40778b15b,e848fe84c8695614e79b36a3192165c2ab95386d75f2d866e73481b40778b15b,revised,6,2026-10-03T10:58:48.012502+00:00,False,ko-codex-v1
cojdbi,A,01ed920251a48e933ddc00d005f05eb53761f55f954a45e8014d65d5a106fc12,82fde27a77a6fedf1e485224d74bdc72ef2c3788d2964114aa7caaae5f9a4109,82fde27a77a6fedf1e485224d74bdc72ef2c3788d2964114aa7caaae5f9a4109,revised,2,2026-10-02T21:35:23.580424+00:00,False,ko-codex-v1
cojdbi,B,488e4640af2313fc5f928292316bed9a45de00a3b3752a41149c7098c83718e7,488e4640af2313fc5f928292316bed9a45de00a3b3752a41149c7098c83718e7,488e4640af2313fc5f928292316bed9a45de00a3b3752a41149c7098c83718e7,pass,0,2026-10-03T12:11:04.966418+00:00,False,ko-codex-v1
corn89,A,ee966841a637909ce1cb27b2613ddcafeb89d41fcb9d61ebf74dfc470befbbf6,88736986835cabc21273d4c416c6755d546e350e5d9d4a5be6ffd548ce90a7ab,88736986835cabc21273d4c416c6755d546e350e5d9d4a5be6ffd548ce90a7ab,revised,3,2026-10-03T10:42:32.022472+00:00,False,ko-codex-v1
corn89,B,39bbb760678400512a4d42e4a970cab36c02f52c23f4f5b201f010f00978d5c2,39bbb760678400512a4d42e4a970cab36c02f52c23f4f5b201f010f00978d5c2,39bbb760678400512a4d42e4a970cab36c02f52c23f4f5b201f010f00978d5c2,pass,0,2026-10-03T05:29:26.071614+00:00,False,ko-codex-v1
coz1yj,A,e419fc9ace4d3c20160d284ffdf059d4ea5734855d7bfaf7d1d00608ef16f85e,ef8d8b57dbf782341912971e6ef8a6cdfb3faed1e6d1cec467e01494a5692750,ef8d8b57dbf782341912971e6ef8a6cdfb3faed1e6d1cec467e01494a5692750,revised,4,2026-10-02T22:22:41.540995+00:00,False,ko-codex-v1
coz1yj,B,1baea198c1cf69c6aada637376e0395129d6750816291efa55b8ace25dbf9363,9cd501526c3bc646fb9fa983c392e8e7bb992343741ec6ba2b4871f98f257eb6,9cd501526c3bc646fb9fa983c392e8e7bb992343741ec6ba2b4871f98f257eb6,revised,2,2026-10-03T03:37:25.211091+00:00,False,ko-codex-v1
cp0iy4,A,c4b47b8e3f61604fed1959eeca846bcc6e94aa0a0a665e1e4be947dce9c636d1,d207f26757e05b7e8b906a184032bbb306852759914a48c6679e3d9003abd14d,d207f26757e05b7e8b906a184032bbb306852759914a48c6679e3d9003abd14d,revised,3,2026-10-03T03:52:56.029722+00:00,False,ko-codex-v1
cp0iy4,B,3dbb29edeaa1d0367625770338a85d3def11535c6f68092dd9bba9849f116ae6,3dbb29edeaa1d0367625770338a85d3def11535c6f68092dd9bba9849f116ae6,3dbb29edeaa1d0367625770338a85d3def11535c6f68092dd9bba9849f116ae6,pass,0,2026-10-03T08:30:04.754967+00:00,False,ko-codex-v1
cp0v9g,A,1d295f0352c5f5b3a42aef6e4c6f78587bafefd7cb9fe9c483bc3182abcdeb5c,d516602ba8e0ab4f4967b5001c67199f2437a26856168192ec46433f3172a00e,d516602ba8e0ab4f4967b5001c67199f2437a26856168192ec46433f3172a00e,revised,3,2026-10-03T07:04:56.184810+00:00,False,ko-codex-v1
cp0v9g,B,d2513f6d55219c1428d930f2a038c6974f644a2d90026e3777d67cacf3859f74,d2513f6d55219c1428d930f2a038c6974f644a2d90026e3777d67cacf3859f74,d2513f6d55219c1428d930f2a038c6974f644a2d90026e3777d67cacf3859f74,pass,0,2026-10-03T11:17:02.078218+00:00,False,ko-codex-v1
cp4bw6,A,a0cb887212f6e8c340484f70e7346682a18b9156022b22805c431b2e0be9a9bf,3151301d8e05963c99f78b09397522748b7d23d41a3706a6b0bb296d325e3306,3151301d8e05963c99f78b09397522748b7d23d41a3706a6b0bb296d325e3306,revised,2,2026-10-03T06:44:02.794169+00:00,False,ko-codex-v1
cp4bw6,B,76f9251b8aa1a73dd3b1e2b65883636daffb6bf3bf261c7c188271c1c6d3a80c,42c4c66bf088b3ebfef524200db6fcecd5d0e5764f4ba0389ded40c369daa4b7,42c4c66bf088b3ebfef524200db6fcecd5d0e5764f4ba0389ded40c369daa4b7,revised,2,2026-10-03T12:24:46.900658+00:00,False,ko-codex-v1
cp7iwr,A,bf503444a524e53f5aeb07190b83f414f5caa1ee68a0f5549438a4a30527ae3b,e68349f3c75b2308dd853da7429ec2897f45ccc0f381702aaf8e0603e324bb73,e68349f3c75b2308dd853da7429ec2897f45ccc0f381702aaf8e0603e324bb73,revised,2,2026-10-03T05:29:09.348935+00:00,False,ko-codex-v1
cp7iwr,B,67a75277f888bb0a138e5d328d55ba3341436ef4dc0b3fbf487c6cc07e15e8a1,4c9f29d66cc9783f35ab8d2bb63a6cdef8d34bd10b64500fe4841fb4caa73610,4c9f29d66cc9783f35ab8d2bb63a6cdef8d34bd10b64500fe4841fb4caa73610,revised,4,2026-10-03T08:16:57.415859+00:00,False,ko-codex-v1
cpb255,A,16c18558e01ccc4667c8611b82c6734c586d94bb096b6fd27263dd34468a459c,a8fdceeeaf623fca94e9ff9bc8b92d33e0b75add07a31c1d55361ebd5a6b2d37,a8fdceeeaf623fca94e9ff9bc8b92d33e0b75add07a31c1d55361ebd5a6b2d37,revised,4,2026-10-03T07:57:40.942221+00:00,False,ko-codex-v1
cpb255,B,5cbdb3235470f1349b0c705dc0dac1d5df4d0641d0825531dba7f5a8d682772a,2672c5b707fa5e88c77cb0ca0ca81e39247207cc98aa4c27589cea719fe2839d,2672c5b707fa5e88c77cb0ca0ca81e39247207cc98aa4c27589cea719fe2839d,revised,2,2026-10-02T23:00:13.828367+00:00,False,ko-codex-v1
cpci8z,A,46182a620c80160d10cb9a2b1b1fcfc6cb4fad1e76d19a5b4080bc87cecc7982,f0e111935c8e5e504973ba087d3aecb738e366f594e3110702225139361ed113,f0e111935c8e5e504973ba087d3aecb738e366f594e3110702225139361ed113,revised,3,2026-10-03T00:43:06.562492+00:00,False,ko-codex-v1
cpci8z,B,28c33f76ffb0a6d2caa755741c77a15b59924fda281fd4afbb1b35a23a903a69,b2c4de5371ea8a501260db745f9f835c7ed1843d780d4b4df83d66c6383681aa,b2c4de5371ea8a501260db745f9f835c7ed1843d780d4b4df83d66c6383681aa,revised,1,2026-10-03T05:00:05.123610+00:00,False,ko-codex-v1
cpgp6g,A,94df0ae67965c988e1dceecaaf574bdb088b5b3ca7e9adff76f337b55503d219,1a1b3e1dc03a06e70981a4592fd800dcf5a79ae530f22bf9131cbb04280c756a,1a1b3e1dc03a06e70981a4592fd800dcf5a79ae530f22bf9131cbb04280c756a,revised,2,2026-10-03T00:31:42.167939+00:00,False,ko-codex-v1
cpgp6g,B,446af722e14c457cfa1fdfda61c4cca2fd11f60c35eca3c1579b1bbdc33bdd4c,446af722e14c457cfa1fdfda61c4cca2fd11f60c35eca3c1579b1bbdc33bdd4c,446af722e14c457cfa1fdfda61c4cca2fd11f60c35eca3c1579b1bbdc33bdd4c,pass,0,2026-10-02T22:48:05.038352+00:00,False,ko-codex-v1
cpijhs,A,78c6a49f3f94590b9589c79df7de3fea8fda6321800051cd0ea96cf2920fb783,310fb68df158fd9e963b75c3e4833928e177f3314ec94732e30f12280ffeba3b,310fb68df158fd9e963b75c3e4833928e177f3314ec94732e30f12280ffeba3b,revised,1,2026-10-03T03:31:14.887658+00:00,False,ko-codex-v1
cpijhs,B,34eb3be5987f7ede823fdbde7b7d2d413f8af801c0fb3d67aac88db1dd0d7b7a,49067dfd2ec4d96cd96abac7507a57eebcd576f1e5665124bfcaa516f3c09054,49067dfd2ec4d96cd96abac7507a57eebcd576f1e5665124bfcaa516f3c09054,revised,2,2026-10-03T11:22:48.495766+00:00,False,ko-codex-v1
cpj2qx,A,fc64bf1ccbf72dadbb38963a954aac9112a9f17d0a5a4c69c882a04703ea74d7,d6ccac7b1c7a87387c3470c305e2bb382d6d57beb38c142b374f6d5a1ca50599,d6ccac7b1c7a87387c3470c305e2bb382d6d57beb38c142b374f6d5a1ca50599,revised,3,2026-10-03T07:59:28.388507+00:00,False,ko-codex-v1
cpj2qx,B,da29b33db32496b0cf8309e7f7d040b5ac7dc4bfadf3c7e49a1715d73215670f,3ca750031555bed55386b013118d97024ad86a7f1b32558b66c6df2729a39d88,3ca750031555bed55386b013118d97024ad86a7f1b32558b66c6df2729a39d88,revised,2,2026-10-02T22:22:11.340902+00:00,False,ko-codex-v1
cpk4xm,A,fa68574265aec67f49ff50f488c14bd21d161f33f061931f00c9fa0a1ba525a1,6af03e8f3bee741be90b72b42d0948a6a200a0599b464342b3bd655463e9d1d0,6af03e8f3bee741be90b72b42d0948a6a200a0599b464342b3bd655463e9d1d0,revised,3,2026-10-02T21:57:57.702786+00:00,False,ko-codex-v1
cpk4xm,B,1415104ba471e609c31689b3577cdc389d6dd5c042388f57aca43aecb05033ae,1415104ba471e609c31689b3577cdc389d6dd5c042388f57aca43aecb05033ae,1415104ba471e609c31689b3577cdc389d6dd5c042388f57aca43aecb05033ae,pass,0,2026-10-02T21:53:19.947487+00:00,False,ko-codex-v1
cpl234,A,88dd092d8a9366dfecdf1bf5ece389ce6a1ed6f5e4e02a166b7771873f04172d,47b069c752c66b55cfcab380f76496e8bdd69551f5715ddd20c37217bbb5b217,47b069c752c66b55cfcab380f76496e8bdd69551f5715ddd20c37217bbb5b217,revised,5,2026-10-03T08:47:42.615285+00:00,False,ko-codex-v1
cpl234,B,a07789a8b6e7ba38a38d179ef92e83623b2ffe96ca84ddb571061a13678a615b,a07789a8b6e7ba38a38d179ef92e83623b2ffe96ca84ddb571061a13678a615b,a07789a8b6e7ba38a38d179ef92e83623b2ffe96ca84ddb571061a13678a615b,pass,0,2026-10-03T06:02:14.222025+00:00,False,ko-codex-v1
cpmnwa,A,7ecdeae6d9ed5dc00b002e30eb7725ef4ddb81ee690fa860a2a6e0a40e172d61,0455e79f0d8996b496a795c8e9df77641512b04c8e9cb81f8fc3c73ef2055e29,0455e79f0d8996b496a795c8e9df77641512b04c8e9cb81f8fc3c73ef2055e29,revised,4,2026-10-03T00:48:19.859036+00:00,False,ko-codex-v1
cpmnwa,B,d49301db692ca49f3f4ce60d7b3c58385f42756097b35095789a7d5239fa53d5,1c8284c7a57e470b8370702130a28ab0221f94706daa033674049dd33602e852,1c8284c7a57e470b8370702130a28ab0221f94706daa033674049dd33602e852,revised,5,2026-10-03T12:39:34.954275+00:00,False,ko-codex-v1
cpnah8,A,11cbf31f285055d396f3c0da097556bcd99a2a2d15eec6ac430e812eaec748e5,a7283bd0ed65309a61cfff3bd1f518b4d835ee9cb7497d3b614fa049c3877cad,a7283bd0ed65309a61cfff3bd1f518b4d835ee9cb7497d3b614fa049c3877cad,revised,5,2026-10-03T03:57:20.386950+00:00,False,ko-codex-v1
cpnah8,B,5e9a8bc52fa19d285d0f4b9c836e3003223e4930113d1a1d7d41d38ab5071626,ad3c47193f7dd935f74d44781bc802c86a52701beedfa742e7e30b4bfd8ccf0a,ad3c47193f7dd935f74d44781bc802c86a52701beedfa742e7e30b4bfd8ccf0a,revised,2,2026-10-03T06:18:42.823725+00:00,False,ko-codex-v1
cpngpe,A,1f0fc41ff826f27ac13bd489d88abb86f60bc5cf1688b4902985ccf4e26088b6,2436720110a1e0b4816e2a59ae214f2e5321cea95f09f37d5cde7489c0651f0a,2436720110a1e0b4816e2a59ae214f2e5321cea95f09f37d5cde7489c0651f0a,revised,1,2026-10-03T05:32:02.055991+00:00,False,ko-codex-v1
cpngpe,B,d42753c0acfd1bef3128c61c2948ad8bcb400b7058a645f26a3df90607c630c9,d42753c0acfd1bef3128c61c2948ad8bcb400b7058a645f26a3df90607c630c9,d42753c0acfd1bef3128c61c2948ad8bcb400b7058a645f26a3df90607c630c9,pass,0,2026-10-02T22:08:16.898696+00:00,False,ko-codex-v1
cpukb0,A,a5d1936f6fd06afe1215b76dea3f174464893086c4a74654e52e939f13b49960,e8cb9cf72d8fc0cc808dd422995b56d2b66ca02b4c5b3aeadbe22f0d157901a2,e8cb9cf72d8fc0cc808dd422995b56d2b66ca02b4c5b3aeadbe22f0d157901a2,revised,2,2026-10-03T06:45:15.414303+00:00,False,ko-codex-v1
cpukb0,B,85f7f3fbd647a2de56672c9b47df823febbe115022f2be463f0509c67f3a17be,85f7f3fbd647a2de56672c9b47df823febbe115022f2be463f0509c67f3a17be,85f7f3fbd647a2de56672c9b47df823febbe115022f2be463f0509c67f3a17be,pass,0,2026-10-03T07:03:51.361715+00:00,False,ko-codex-v1
cpw153,A,3199b49f112bfc4ede17dbd478c4b7df4f6e88e7bb2476269c2dd75b14728357,73985ea3e3a4b8130d11d5f1d0409a228803073f34dc828682efbdfc86c7adb4,73985ea3e3a4b8130d11d5f1d0409a228803073f34dc828682efbdfc86c7adb4,revised,4,2026-10-02T21:33:50.044397+00:00,False,ko-codex-v1
cpw153,B,30ac90388a1aec63b28da68c2d8a06f3e8fd5158b8e18de792d0f554f4e13187,a4362b787235073adbafd3c8055110b9e1096062f70b33a0b69317f21aac2fa9,a4362b787235073adbafd3c8055110b9e1096062f70b33a0b69317f21aac2fa9,revised,1,2026-10-02T22:21:00.846962+00:00,False,ko-codex-v1
cpw7uq,A,1d4cc265c6639607a0158993a6a0a50fd0d49fcf20b3bf04839422aecdcc29ed,29447b7776796468eee4ab335f147725715e901d1ea0d8c878ce656bf5918fd3,29447b7776796468eee4ab335f147725715e901d1ea0d8c878ce656bf5918fd3,revised,4,2026-10-03T08:08:13.536676+00:00,False,ko-codex-v1
cpw7uq,B,f407dfff6bbd518093251c584f0bd290dff103a223a5a11427de71fcd982042d,2242039f0f0236f46277837f26d23e00c746bd13d8d93dbb36a0731460ff75f5,2242039f0f0236f46277837f26d23e00c746bd13d8d93dbb36a0731460ff75f5,revised,1,2026-10-03T01:01:16.271643+00:00,False,ko-codex-v1
cpwqaq,A,20604c278ba33b6d9d1075d3dd2b5f657c0bb431e3f01c44fb05048b21c6f213,3d9b91872330e4a5fc847b6faa685f5b50d610b547a8a18465e71315e0b93806,3d9b91872330e4a5fc847b6faa685f5b50d610b547a8a18465e71315e0b93806,revised,3,2026-10-03T04:12:45.698208+00:00,False,ko-codex-v1
cpwqaq,B,d6f13ba6c0feca93e19ac144f6b10d82b7cc4900db795bca2588c587784e6d8f,7c2bba6f84302e2b7e5541a3ada5b93708152e710c70c557665dc86aba6b0c0c,7c2bba6f84302e2b7e5541a3ada5b93708152e710c70c557665dc86aba6b0c0c,revised,2,2026-10-02T21:11:00.284584+00:00,False,ko-codex-v1
cpzfao,A,1f7a75560184d92a50a81be339a764611c4b6381f4b3329d41bffb2e219ed933,712b1ad8095d7ce2b006e925a6846f611e8af7645bc891360021f864e09fbd23,712b1ad8095d7ce2b006e925a6846f611e8af7645bc891360021f864e09fbd23,revised,6,2026-10-02T22:30:15.232104+00:00,False,ko-codex-v1
cpzfao,B,3464942f75f31c9b82c91574c7e6c2ade2cec101f813bcbb93f6b6e5f9126a80,aed065e7810300a95db8158f49cb4b2b9795198675d050b368f8dc1fdf80b9de,aed065e7810300a95db8158f49cb4b2b9795198675d050b368f8dc1fdf80b9de,revised,2,2026-10-03T03:34:10.943625+00:00,False,ko-codex-v1
cqa5yh,A,a4f65318cd0e0f8477c57adb9d8396df6fd74f3ab67e1efea8952254fca02a0b,0f13d90ebe673b6828b4f32021e087acaa27c57ad15fb9f3e8929b6a62c14bdc,0f13d90ebe673b6828b4f32021e087acaa27c57ad15fb9f3e8929b6a62c14bdc,revised,3,2026-10-03T02:48:32.205306+00:00,False,ko-codex-v1
cqa5yh,B,5cc78c242bf068e38127c3b7d9fa07dd6ad75d1798674e414b6cc1a4085010e9,69a4eeb6bd946d866d6c53565209f0e7c3753d3d5f7fb61bfc53277565554e93,69a4eeb6bd946d866d6c53565209f0e7c3753d3d5f7fb61bfc53277565554e93,revised,2,2026-10-03T10:37:38.585776+00:00,False,ko-codex-v1
cqaujx,A,ab6b78db787ae450c82dd81d4582bf5c8f96fda33d7f4e91273e2d373790bc3e,19a1bfa09b3b0eec6877b9dd70573d68f8747be0dc6576bbccc2130119c7508f,19a1bfa09b3b0eec6877b9dd70573d68f8747be0dc6576bbccc2130119c7508f,revised,3,2026-10-03T07:25:03.185935+00:00,False,ko-codex-v1
cqaujx,B,2db29f2eb9b8a18ff85835b81accbdb5540c0d337b3e80215f5bc68f7a56af94,a7acffc9b25fdafa265a33a129aa39d07794f08ba0a9ca85735279132a414ce2,a7acffc9b25fdafa265a33a129aa39d07794f08ba0a9ca85735279132a414ce2,revised,3,2026-10-03T03:26:19.833673+00:00,False,ko-codex-v1
cqbbkv,A,4fe58b04ca4c8d659603e2d671b36db884b64026429870cf48487d5cb857fb3e,cc10bcb039256e2d773116ce369c450d33c42d16a9e56183e40db53466228a48,cc10bcb039256e2d773116ce369c450d33c42d16a9e56183e40db53466228a48,revised,4,2026-10-03T03:54:14.684257+00:00,False,ko-codex-v1
cqbbkv,B,749a1b27393051261e7e61a6eca3bd7f53fe7cde8adeb9ce9118196363a7455a,faba40ba804979422ff83a53417690eea2d3ee6779a5079f5a5d57edaecd7c2c,faba40ba804979422ff83a53417690eea2d3ee6779a5079f5a5d57edaecd7c2c,revised,2,2026-10-03T11:00:48.055539+00:00,False,ko-codex-v1
cqcn21,A,05135b6cfeb515645ab7b861c096a111f5bde5eede176dcd5f4c08dd356e871d,9f3c4648f3489dbe373785ae2fe85783ce2bfee5d0d6447da6d12ab51a59938f,9f3c4648f3489dbe373785ae2fe85783ce2bfee5d0d6447da6d12ab51a59938f,revised,7,2026-10-03T06:56:15.685213+00:00,False,ko-codex-v1
cqcn21,B,b9a74ff84740689e123dc2c18bd0a9592a85f3f8124939a3cd4218feb9db1598,b7570098ecbd61b5cef7e089c3ae0fa71f859ca7d6cd1f6297971845aaa40082,b7570098ecbd61b5cef7e089c3ae0fa71f859ca7d6cd1f6297971845aaa40082,revised,5,2026-10-03T08:16:19.535544+00:00,False,ko-codex-v1
cqe9rf,A,b668aac3bfc267698528b8feb883e57c3bfc4d4d47109f4180390e9a4e71276e,60b173bfd32b9a963ee5e801eeda8c4ea854850690b105177a65e91153a5d8ae,60b173bfd32b9a963ee5e801eeda8c4ea854850690b105177a65e91153a5d8ae,revised,5,2026-10-03T12:29:44.491643+00:00,False,ko-codex-v1
cqe9rf,B,f0fb26e45e26211db2f63fff9373e773c72087698c9ca305cb71a1c97c5179c2,7ed3851e05d6ec2cbcbb959f48ff33a9719185153757e7ec349b3a94b3e0b238,7ed3851e05d6ec2cbcbb959f48ff33a9719185153757e7ec349b3a94b3e0b238,revised,4,2026-10-03T00:20:46.809449+00:00,False,ko-codex-v1
cqgof2,A,bc61852f7dd5cf73a89671262410f872f3c3e60acc1701f197e0b051601cfea4,c9402bfddf84e6b71e6f88d04a54b8e0f8ab5e32a82f9e16216011edd91a97e3,c9402bfddf84e6b71e6f88d04a54b8e0f8ab5e32a82f9e16216011edd91a97e3,revised,3,2026-10-03T06:16:33.969604+00:00,False,ko-codex-v1
cqgof2,B,be19bc27ebb794e8ec8648b640c56cea28987139918782ce8b53913f54e2398a,286c36b8e0a42716edb5a71c0d619a46eac5965583f48a9be1c6da15abc86860,286c36b8e0a42716edb5a71c0d619a46eac5965583f48a9be1c6da15abc86860,revised,2,2026-10-03T11:28:49.021588+00:00,False,ko-codex-v1
cqk94g,A,94bc56244e3fd92946c7d4edbd996253f9a7b81e2423792b82c88bf2c4ac4899,2b1f8e180b348d75ede18ce88e55e2ed420df862d8c6acf23d93a8c686db74ba,2b1f8e180b348d75ede18ce88e55e2ed420df862d8c6acf23d93a8c686db74ba,revised,2,2026-10-03T03:23:40.632089+00:00,False,ko-codex-v1
cqk94g,B,832127fbc4f9fe77eb29720ebe7aca72e9395d2e5161b7793579135a893e3ba5,832127fbc4f9fe77eb29720ebe7aca72e9395d2e5161b7793579135a893e3ba5,832127fbc4f9fe77eb29720ebe7aca72e9395d2e5161b7793579135a893e3ba5,pass,0,2026-10-03T04:06:00.501438+00:00,False,ko-codex-v1
cqz7ef,A,08cf6526e3dc90920f8891640a9a9ecf358f1c732742f7b8d5a804b8d8d190cc,4d0c6261b37b36d1fecb84105786d37bc82a3d1c8ef1d4515c2be8188a0a202d,4d0c6261b37b36d1fecb84105786d37bc82a3d1c8ef1d4515c2be8188a0a202d,revised,2,2026-10-03T03:29:03.985154+00:00,False,ko-codex-v1
cqz7ef,B,3504730fd6ceb8555e324fd89411f7b185a4db2c700cd8e8803dc57cd66109ba,17effa730c55a50fedc0df31d6ecebdb3e4d6a2e8c18ebaaab023b26457b4bdf,17effa730c55a50fedc0df31d6ecebdb3e4d6a2e8c18ebaaab023b26457b4bdf,revised,1,2026-10-03T06:03:09.315705+00:00,False,ko-codex-v1
cr0d5d,A,248d880b7940a19d158e5e8a2af6afcad8211bcb29195d34ca1b586fdbe11927,896fe6e92d4e02fc45e4242ae9e8e60f7628d4d95f8f8fb8bf6ca125b73c10fd,896fe6e92d4e02fc45e4242ae9e8e60f7628d4d95f8f8fb8bf6ca125b73c10fd,revised,3,2026-10-03T11:50:53.005453+00:00,False,ko-codex-v1
cr0d5d,B,c4617925651d7becd041857109d188fd5f3ddcde9d2351e836268114dc91e533,024b6b8a9eb187474681a7ed64d5953e0e3333308d703f2c7e90fc02668d7a32,024b6b8a9eb187474681a7ed64d5953e0e3333308d703f2c7e90fc02668d7a32,revised,1,2026-10-02T22:23:48.264596+00:00,False,ko-codex-v1
crdm6s,A,c3c96ca9fd77344334fb66246706f1bfad2114c8adfc8f2fe2b9f7cbbd435194,39da2a0d6611f648719c1a995780736358241d6efb0d26e8db0319eecdd10633,39da2a0d6611f648719c1a995780736358241d6efb0d26e8db0319eecdd10633,revised,2,2026-10-03T05:49:52.321429+00:00,False,ko-codex-v1
crdm6s,B,b9cffa499c5d2b8cdd311d2973ab24662fdba36d83ee13a86a06d1bd66e6c141,db39b92557f33aa6043fe8d2086a7c6c7c7c070a94a8193e6561e785178ab4b2,db39b92557f33aa6043fe8d2086a7c6c7c7c070a94a8193e6561e785178ab4b2,revised,4,2026-10-03T00:19:25.653976+00:00,False,ko-codex-v1
crl6xp,A,a9f3f4e9adf67174f519a1dd75d1f9da51337a8497615a032902ccd624fca2d7,3b9a008267e6e8110294e203d3018835a81de441e182f017c159213d917262be,3b9a008267e6e8110294e203d3018835a81de441e182f017c159213d917262be,revised,3,2026-10-03T05:28:42.284703+00:00,False,ko-codex-v1
crl6xp,B,6ce2b2a7779dd4f1e555a75e60b478186b7457dde4a038a6a5dc2ee709980e6b,3e28da4c69b4561d37d73eaf897a6c0f66d5fa05669e2b8566372d218ebc79ae,3e28da4c69b4561d37d73eaf897a6c0f66d5fa05669e2b8566372d218ebc79ae,revised,2,2026-10-03T03:17:09.198938+00:00,False,ko-codex-v1
croqop,A,882defb6af8a69b3e7fe8186b23e1817f3c9d304b008ed8febd16792d739b6d0,45b12dcfb4f92ac60d63e06db3c6f05a9d8b8059c6da705b562573db4da27885,45b12dcfb4f92ac60d63e06db3c6f05a9d8b8059c6da705b562573db4da27885,revised,2,2026-10-03T03:13:05.767205+00:00,False,ko-codex-v1
croqop,B,4622c4c84dd3fcf9c56e5feb3677d0c94b6dfa2018d6a0e155debdfb09c4a6ad,4d3ad84466ef65c788e829b0a54412f96bcb774526fa3e35aac58b4fde060971,4d3ad84466ef65c788e829b0a54412f96bcb774526fa3e35aac58b4fde060971,revised,3,2026-10-03T06:21:50.889055+00:00,False,ko-codex-v1
crq3kh,A,ede38935eeb0e370f9d39d051d5955cd49f110e7c67228c535a0296ff3df6a7d,978e843adb5f6e1e8b7cf17ea68315d3108673088d54cdb07ad09194737f5ea1,978e843adb5f6e1e8b7cf17ea68315d3108673088d54cdb07ad09194737f5ea1,revised,3,2026-10-03T02:26:09.381994+00:00,False,ko-codex-v1
crq3kh,B,a8a881eede848152442086bb49d4af2e7080e8d85ed270e9895f542aedd2e630,a8a881eede848152442086bb49d4af2e7080e8d85ed270e9895f542aedd2e630,a8a881eede848152442086bb49d4af2e7080e8d85ed270e9895f542aedd2e630,pass,0,2026-10-02T21:55:27.322465+00:00,False,ko-codex-v1
crtpgs,A,f53bc316c3b1597e74650af725529089b749cc4630cf40dd02693bde9889b8ae,a90d7cfd67efa723a6b85137ad86c24251d2bfbe475fb7b3e17ea15972ed5c02,a90d7cfd67efa723a6b85137ad86c24251d2bfbe475fb7b3e17ea15972ed5c02,revised,3,2026-10-03T01:32:06.869742+00:00,False,ko-codex-v1
crtpgs,B,682b765fae42c0abfb8f61c9976dbd1baccaeb48a883b63246fdf0299132e53f,682b765fae42c0abfb8f61c9976dbd1baccaeb48a883b63246fdf0299132e53f,682b765fae42c0abfb8f61c9976dbd1baccaeb48a883b63246fdf0299132e53f,pass,0,2026-10-03T08:54:49.413032+00:00,False,ko-codex-v1
crv1tm,A,e61023e00b667a8a39019782762607f434ede2fa28e3a0850743b6e84965b1ab,1a15994bb6b18f03adc629d0bcb54b00ec99ff28f6b1c6db5a1c27b1920e15eb,1a15994bb6b18f03adc629d0bcb54b00ec99ff28f6b1c6db5a1c27b1920e15eb,revised,3,2026-10-03T04:42:01.496155+00:00,False,ko-codex-v1
crv1tm,B,941910875d9f6e6898440c0de7d31d2346558c0aa7f688b277f0ed9f0d255433,a397d20aded1638407d0abc87dbc6acf72867c5881357b7186158c1ac2519166,a397d20aded1638407d0abc87dbc6acf72867c5881357b7186158c1ac2519166,revised,1,2026-10-03T00:58:49.249755+00:00,False,ko-codex-v1
crvff9,A,181d438e7c3ffe3331d367cfd97add85f76967d54c5fe19ee52e7a5231ec033d,5bd8c284121cc3b2a7f5cf9cfa4a35470c18559c7706020a31771e676a5b3ada,5bd8c284121cc3b2a7f5cf9cfa4a35470c18559c7706020a31771e676a5b3ada,revised,5,2026-10-02T22:24:32.961098+00:00,False,ko-codex-v1
crvff9,B,d40a4b0952e1201d6bca90e785189ba5b7dd94697e21bd2fb5fef3ab6f40bf66,a4bdaab49d849738343c36749542d8c6ee4cb98c5d4064805a04c2bbf3b3d500,a4bdaab49d849738343c36749542d8c6ee4cb98c5d4064805a04c2bbf3b3d500,revised,4,2026-10-03T00:50:04.681353+00:00,False,ko-codex-v1
cs336v,A,2a1e85b9c625697b685c2ba2ed6f3fba5641bf1f7dd9dc4817b497d5c441031e,e2905426db767a2ada45cd728e6e1e7e628b8d9d2efb98f88f656938898f65b7,e2905426db767a2ada45cd728e6e1e7e628b8d9d2efb98f88f656938898f65b7,revised,3,2026-10-02T23:19:31.928502+00:00,False,ko-codex-v1
cs336v,B,a491dfe98fa9e1f26e27bbd0a8eb11b584c05bda3b25f75fbcda4fef6082849f,feaa89ca3fbaa9fda0250e7895f6032a8ab673d8d247141a07f5d5285e851438,feaa89ca3fbaa9fda0250e7895f6032a8ab673d8d247141a07f5d5285e851438,revised,2,2026-10-02T23:28:50.760796+00:00,False,ko-codex-v1
cs3bth,A,da85d07cc0112fe17a6d99bfdbc3da2382a552bcda92d6bd9d35d2ad9e386856,39c9bff1583728928dea77e90ac20e5c4be3798b462440647cfc15556bc1a926,39c9bff1583728928dea77e90ac20e5c4be3798b462440647cfc15556bc1a926,revised,4,2026-10-03T05:18:32.375171+00:00,False,ko-codex-v1
cs3bth,B,7cfcd54de54c9d99c4e7e8293123beffd9c1cc7cc4136a8523b97142402be469,7cfcd54de54c9d99c4e7e8293123beffd9c1cc7cc4136a8523b97142402be469,7cfcd54de54c9d99c4e7e8293123beffd9c1cc7cc4136a8523b97142402be469,pass,0,2026-10-03T08:41:37.329938+00:00,False,ko-codex-v1
cs9r69,A,86584844d3eff932de5b0fa4f05f9748a1736bcee1508c97171e4c157b5e1e35,bd67f52af2bf1da10cc535db863b4ad936d7a1965ce1a89b3b3995ed832b1189,bd67f52af2bf1da10cc535db863b4ad936d7a1965ce1a89b3b3995ed832b1189,revised,3,2026-10-02T21:44:57.828544+00:00,False,ko-codex-v1
cs9r69,B,bb6386a7264350df2bae1d6922912778f22e5a9d7d7818d8678b200d52ea84af,4a13faf76bd3e4c290b9ca6a712abfdb3784ee5de25f6fff5be54d1355a55b9b,4a13faf76bd3e4c290b9ca6a712abfdb3784ee5de25f6fff5be54d1355a55b9b,revised,1,2026-10-03T01:54:02.788662+00:00,False,ko-codex-v1
csb23u,A,2c133f83271e3cb258dd47651faead978e95c702afeb6d63f80d47038e3b27f8,952f770d0f0e983015eb36fe043fde94733f12d1164899dd20f26223f56fe495,952f770d0f0e983015eb36fe043fde94733f12d1164899dd20f26223f56fe495,revised,3,2026-10-03T00:31:49.639859+00:00,False,ko-codex-v1
csb23u,B,5d6891c88fe66ffb7e716b58d352795f4766f1ec7fbcd41c8fb3024686fb5b4e,9fa5751f4849b4b357789f95eb7b7ace1b328609e7a35297707f4aef5d52182a,9fa5751f4849b4b357789f95eb7b7ace1b328609e7a35297707f4aef5d52182a,revised,1,2026-10-03T01:29:27.084992+00:00,False,ko-codex-v1
csb6jz,A,3c5072c951e0d663c126d43efd5bc24f3967b2a044282116d794acd235e2c37e,fb8a80dbb74587de820155a6732ab6fa643dfd1096e555a2432a33c57a409c4e,fb8a80dbb74587de820155a6732ab6fa643dfd1096e555a2432a33c57a409c4e,revised,6,2026-10-03T03:23:21.962017+00:00,False,ko-codex-v1
csb6jz,B,f6e0df4ef821258406467621eda7662ce59af238133d4e1a2fc7d5c6ffa21352,f6e0df4ef821258406467621eda7662ce59af238133d4e1a2fc7d5c6ffa21352,f6e0df4ef821258406467621eda7662ce59af238133d4e1a2fc7d5c6ffa21352,pass,0,2026-10-03T06:30:21.929013+00:00,False,ko-codex-v1
csl7pq,A,b9e985f57388f3c9c81a0c49dcff509dd89f4b22795a191d492eb0c8dccac45c,19105370905942bfd09f3c9eb9e09cee3211ed48f3e943734c8e39f4b395f675,19105370905942bfd09f3c9eb9e09cee3211ed48f3e943734c8e39f4b395f675,revised,2,2026-10-03T05:55:42.446414+00:00,False,ko-codex-v1
csl7pq,B,1cfe53566e42de9a9a0b2e54b2a19974157a7e1f1aeae7a4fc7a6cbcbbe0dd44,1fc9368b8f399445119193c2d0abe0bbea6e08de789e5895c46495068b0646a6,1fc9368b8f399445119193c2d0abe0bbea6e08de789e5895c46495068b0646a6,revised,3,2026-10-03T12:04:13.909418+00:00,False,ko-codex-v1
cssql9,A,8be7bc4a7f5cd6eca9ba8abb0da596c7b1049204a2907f013ec86c712079954a,c101198295b0299c5d40a7031668d5536feb44e93991e1467af72dab13f81d5e,c101198295b0299c5d40a7031668d5536feb44e93991e1467af72dab13f81d5e,revised,4,2026-10-03T00:57:28.429670+00:00,False,ko-codex-v1
cssql9,B,7573c51fdd97b335b178463a96b301c30aecd04ba9ed6eee3a4290b7ebc0ae58,7573c51fdd97b335b178463a96b301c30aecd04ba9ed6eee3a4290b7ebc0ae58,7573c51fdd97b335b178463a96b301c30aecd04ba9ed6eee3a4290b7ebc0ae58,pass,0,2026-10-02T22:19:11.021931+00:00,False,ko-codex-v1
csvgtx,A,59239d697bec8ba621fda88700bafd2b452347f4ccc02c5cd87e4ecc542533c7,0633c5bd9afd2a5591f2266e3a2f3528fe8788a8980a5ffd43f165b514b4185b,0633c5bd9afd2a5591f2266e3a2f3528fe8788a8980a5ffd43f165b514b4185b,revised,4,2026-10-03T07:12:33.052755+00:00,False,ko-codex-v1
csvgtx,B,8edea4eddee24225aceeebcf3986425370dd710f2febcf3b2da3ae63884fbb11,3602dfd64d300f81ca8b75af66bb9081362800a36b7b481ecd930b99013cae0e,3602dfd64d300f81ca8b75af66bb9081362800a36b7b481ecd930b99013cae0e,revised,1,2026-10-03T04:33:56.641789+00:00,False,ko-codex-v1
ct1tsh,A,bca70ab06c87228485ca67174ba818d6202ded491b5a6d831c1ab84e162d1bc8,3cbcc0c49822107ee09d48871cad0f1dd6a6ee3dec6e7503d75323fcdf467d23,3cbcc0c49822107ee09d48871cad0f1dd6a6ee3dec6e7503d75323fcdf467d23,revised,3,2026-10-03T04:32:29.712851+00:00,False,ko-codex-v1
ct1tsh,B,4472fc9777e7d678a4e3c50957cd7e7c038e97ee3f95238ea02e0471fdcc261c,84de5c580c8207acec0b254b4b7e3314be4ecd8652de203eb4d8ee720f2ad12c,84de5c580c8207acec0b254b4b7e3314be4ecd8652de203eb4d8ee720f2ad12c,revised,3,2026-10-03T04:51:16.823759+00:00,False,ko-codex-v1
ct8w0a,A,ef687f1b81a9a4a4b69de941a63a332774d0ef8bfc864f7379fc577b98c74b43,5d0ded3be96fee1863de43a52107713831c460d1fa497d69693370dd0ad3caef,5d0ded3be96fee1863de43a52107713831c460d1fa497d69693370dd0ad3caef,revised,3,2026-10-03T04:24:52.001035+00:00,False,ko-codex-v1
ct8w0a,B,c94838c621f520402cffbf6fa56c275b897a83da061930af4d9427d5eb23a9ef,c79eed2bad4c6e24f510e8dbfeeb2d596ea2d5cc26fd59c3d735a1e7c701aa14,c79eed2bad4c6e24f510e8dbfeeb2d596ea2d5cc26fd59c3d735a1e7c701aa14,revised,2,2026-10-02T21:25:42.229528+00:00,False,ko-codex-v1
ctbt9p,A,bb201e3a654be4c531de2c258782972fec292dee239de1a2c143bac1885bbb7a,bb201e3a654be4c531de2c258782972fec292dee239de1a2c143bac1885bbb7a,bb201e3a654be4c531de2c258782972fec292dee239de1a2c143bac1885bbb7a,pass,0,2026-10-03T12:28:14.196966+00:00,False,ko-codex-v1
ctbt9p,B,d9b02de0522c8421e82e3db62303a52cdb72b7dd2c5d401637ddd80b7498312e,dc6ef3984c48a4c33b21995fde015dbed661ce6929756a92818799af7454c483,dc6ef3984c48a4c33b21995fde015dbed661ce6929756a92818799af7454c483,revised,5,2026-10-03T06:27:58.005842+00:00,False,ko-codex-v1
ctcr0o,A,aba1885693718f9299ff50915dc4b71ce7ad747884e35843be9f1a0e98dc1e02,96897e8fc9f1b842f5573c8ea346b8e8e6d0913d2407a317156aed994207f952,96897e8fc9f1b842f5573c8ea346b8e8e6d0913d2407a317156aed994207f952,revised,3,2026-10-02T22:03:42.764200+00:00,False,ko-codex-v1
ctcr0o,B,ec1dda8830e30d68afd286206883af361bd0dd66fb429a1b67e5453f3d4e5623,e8337ea349fe900297f0e9c31a559e819d3116c2d2e9cfcd5bb4fe8f1366f7a6,e8337ea349fe900297f0e9c31a559e819d3116c2d2e9cfcd5bb4fe8f1366f7a6,revised,4,2026-10-03T10:46:37.763556+00:00,False,ko-codex-v1
ctgykc,A,fb47e8ae55376d36d872888e65e9c6d97d33a2ffceb147602e25e89954da811b,f1cc9586870198fef6d7890babbac724335c2768fd149d53834484be38dfbbab,f1cc9586870198fef6d7890babbac724335c2768fd149d53834484be38dfbbab,revised,1,2026-10-03T04:51:13.266959+00:00,False,ko-codex-v1
ctgykc,B,205054588bf51ae2adf05c0a0cf43d22b1f2e1dfcd52384740eb267893e2aa9d,12bac1f9be7fabfa0ec10f7aa9f226fecabb7192229d9d741ee4afc0604e6967,12bac1f9be7fabfa0ec10f7aa9f226fecabb7192229d9d741ee4afc0604e6967,revised,4,2026-10-02T21:31:42.621404+00:00,False,ko-codex-v1
cthjdv,A,efcb94b1a09584f4ba3030df0eff940ec7a4e3f2eae991b57f19d155adbf7f0f,1357a9cbfdf3189e890efc7153c17067439d0c24c311f5f62c7fbdc49ae9ac78,1357a9cbfdf3189e890efc7153c17067439d0c24c311f5f62c7fbdc49ae9ac78,revised,6,2026-10-03T08:56:04.027466+00:00,False,ko-codex-v1
cthjdv,B,ffa002a1772082656c226da974c44fd0a68a154619c62b367486753f9e695b7e,23fbec01a9a8293fc05789ef732c0d0ae86f1f05a4a702f0d7ef66f9dc2b5219,23fbec01a9a8293fc05789ef732c0d0ae86f1f05a4a702f0d7ef66f9dc2b5219,revised,2,2026-10-02T23:06:21.519692+00:00,False,ko-codex-v1
ctpuuu,A,b62d19349f47055e2d31b73707b40c447846484b10a3d5053bd1d7f893eaf030,59198b5e29437d74050aadb3325e045840d414fd9d884d674980dd6c78fb7da2,59198b5e29437d74050aadb3325e045840d414fd9d884d674980dd6c78fb7da2,revised,8,2026-10-03T06:03:09.346287+00:00,False,ko-codex-v1
ctpuuu,B,8741c0244bc762caacfe11453a8f10444be12dbf30c6c65c0d125f2d2f349b14,e0e8625f89c0f852d1988f3109c30c014ed0e163ad948d5c5a425fc505682c65,e0e8625f89c0f852d1988f3109c30c014ed0e163ad948d5c5a425fc505682c65,revised,1,2026-10-03T02:40:19.668655+00:00,False,ko-codex-v1
ctrzd9,A,70b135dd3a5fca139388ec13b8f43b5df71cf73373d66d134b520122cb766fba,9350e5a4724709d67bb012f5e209a1fd626c7c71ac3c2f844acb4ad9e347be52,9350e5a4724709d67bb012f5e209a1fd626c7c71ac3c2f844acb4ad9e347be52,revised,4,2026-10-02T21:51:58.742850+00:00,False,ko-codex-v1
ctrzd9,B,e072035ef2cad6690aebc91347bef5ab5bf17cbedfeb426881f2f88bc55cfa4e,1d469b342db4ab724e09748974f4ef683f7172d828e30fc1fa4fc90e78a56b27,1d469b342db4ab724e09748974f4ef683f7172d828e30fc1fa4fc90e78a56b27,revised,1,2026-10-02T21:44:06.040414+00:00,False,ko-codex-v1
ctwk69,A,d2af842885397fdd3c4326be991165183c0e39771297320dee11163d9d87f51f,60ff902b8471e7ce3788ea8c45c3000908c5e3c7a7b8e832d44102e3abc2901c,60ff902b8471e7ce3788ea8c45c3000908c5e3c7a7b8e832d44102e3abc2901c,revised,4,2026-10-03T07:03:22.799938+00:00,False,ko-codex-v1
ctwk69,B,b49f20d86148ddfda470a2de757e3b443dd9124aeddb21060ed9f53b7757de8b,b49f20d86148ddfda470a2de757e3b443dd9124aeddb21060ed9f53b7757de8b,b49f20d86148ddfda470a2de757e3b443dd9124aeddb21060ed9f53b7757de8b,pass,0,2026-10-02T21:28:29.720488+00:00,False,ko-codex-v1
ctxkib,A,3e9ac5e0e140b1d64cce9987050a8e4fefc7ed686321c68b5d4cf15f8c219f9e,fd1b0b6c3218744c665909ae2dca2735ae5e39f5332e1140a0279d510bc5b5f4,fd1b0b6c3218744c665909ae2dca2735ae5e39f5332e1140a0279d510bc5b5f4,revised,2,2026-10-03T03:13:33.248497+00:00,False,ko-codex-v1
ctxkib,B,9784276978aecf49c539fb7bccf7ef7e8d95372a112e55ef6fe207d1ba743140,9784276978aecf49c539fb7bccf7ef7e8d95372a112e55ef6fe207d1ba743140,9784276978aecf49c539fb7bccf7ef7e8d95372a112e55ef6fe207d1ba743140,pass,0,2026-10-03T05:54:16.387288+00:00,False,ko-codex-v1
ctyqwf,A,b20bfaddd1a791e12e6323f124b132d0f40c12bf05d9feb05ae76d86342623ac,3e3299da1d47055b87be884c27e7c7e95bd3776e966f191d45c8523372054f52,3e3299da1d47055b87be884c27e7c7e95bd3776e966f191d45c8523372054f52,revised,1,2026-10-03T04:45:58.120943+00:00,False,ko-codex-v1
ctyqwf,B,1d2a8bfd7971e0f83eee548517ae331526dff4d46b8cbdb6286ed32dbc2a4f39,892fed9ceea5c420216fae63046137b306f817f5fec19590e0d90cdf8ed5a6b9,892fed9ceea5c420216fae63046137b306f817f5fec19590e0d90cdf8ed5a6b9,revised,1,2026-10-03T11:58:42.066756+00:00,False,ko-codex-v1
cu5mcb,A,aaeffd9ccf9d5258c001ae3785c10b063e86ae6e7e3a32803a0968f212ff56a2,4c808146f998e714a98311520db1139b5dc77f49d1db7a03b7fe813044d83f12,4c808146f998e714a98311520db1139b5dc77f49d1db7a03b7fe813044d83f12,revised,1,2026-10-02T21:27:27.673387+00:00,False,ko-codex-v1
cu5mcb,B,4ffc85accb93ae423d00512dfe4bef610d2c6e8ffd48b4640cd48293fcee492f,23e4ad27984a76d64209b397aa1b5c6c44cecea2a1eeeabfdc11edff69e7a607,23e4ad27984a76d64209b397aa1b5c6c44cecea2a1eeeabfdc11edff69e7a607,revised,1,2026-10-03T02:06:44.444917+00:00,False,ko-codex-v1
cuf0fm,A,97c9025fd5be452e4e6c06a34f0b95cb40ae4bb6cd19c1a82bc757194b520ed9,0ecf259162f28eabb207133ffbaf1bcba5a25055afaceb14fb84e7118cc30950,0ecf259162f28eabb207133ffbaf1bcba5a25055afaceb14fb84e7118cc30950,revised,2,2026-10-02T21:24:36.604563+00:00,False,ko-codex-v1
cuf0fm,B,5a622ff93eb532fa8455646402e3bd50884ad5e7ef1d85e8cd078665e1b5752b,5a622ff93eb532fa8455646402e3bd50884ad5e7ef1d85e8cd078665e1b5752b,5a622ff93eb532fa8455646402e3bd50884ad5e7ef1d85e8cd078665e1b5752b,pass,0,2026-10-03T12:12:58.302264+00:00,False,ko-codex-v1
cuhsex,A,2a90df70c20abbc6e085d59eaac8c50ae968dfbf8ca89a2185409486bf59beb5,15c941a6b9763d4323a0ec9aec3e87580e35a220a28d9646b225bf98f05eada1,15c941a6b9763d4323a0ec9aec3e87580e35a220a28d9646b225bf98f05eada1,revised,1,2026-10-03T08:04:08.236712+00:00,False,ko-codex-v1
cuhsex,B,42ed44069cb1a64085f1b2050b17f0c9c459bf2c4f921294199c9a51a09a0625,36921cea62856004b161617d79277896f0414769b8d7453439b08dca839d4e1c,36921cea62856004b161617d79277896f0414769b8d7453439b08dca839d4e1c,revised,5,2026-10-02T22:54:10.511601+00:00,False,ko-codex-v1
cuje5c,A,40ff121da985931c0bb189e8eba940cedc99a5c86031639aed9bf8d47cfc78b7,7eaab3303c75c1fc0ec01f0a98e5b47dc30b063b986ebfb3110edf63e0030986,7eaab3303c75c1fc0ec01f0a98e5b47dc30b063b986ebfb3110edf63e0030986,revised,8,2026-10-03T07:37:42.396468+00:00,False,ko-codex-v1
cuje5c,B,819f625097855aed09a60ddcf945c85ae784a64d30f465ba6bede87bb2afff1c,6adbbbabb097fefcc517d88751252254f9b338631c8f99a55e44e09b74b6afce,6adbbbabb097fefcc517d88751252254f9b338631c8f99a55e44e09b74b6afce,revised,2,2026-10-03T05:33:02.976165+00:00,False,ko-codex-v1
cunlba,A,95bb85b37074414ee031d22f3e49c9bc48b58289d13795200802511a5d5f9cc6,f9b33807b80ef68ae16cf0ff0628289ac422096864203fb6d4fa64a01c111d59,f9b33807b80ef68ae16cf0ff0628289ac422096864203fb6d4fa64a01c111d59,revised,1,2026-10-03T13:18:39.981134+00:00,False,ko-codex-v1
cunlba,B,e3d04a10154dd30aecb1a548bf2f6a9b560b5e741f62a114c07a84f956ea3a5c,c95199be947748f20f76646b9501fdc75642d66582e1f4e47a75864f330aad66,c95199be947748f20f76646b9501fdc75642d66582e1f4e47a75864f330aad66,revised,7,2026-10-02T23:23:16.380072+00:00,False,ko-codex-v1
cunqe9,A,a37677c50a6c69be62796bf3a7c7d4e391a1825e097f789fe4cecb3cc8cd6bcc,73ad8a5d3eb509bb112a3ecce45d23a6c29e72f04375ea8965b661f14af9468b,73ad8a5d3eb509bb112a3ecce45d23a6c29e72f04375ea8965b661f14af9468b,revised,4,2026-10-03T08:35:02.326896+00:00,False,ko-codex-v1
cunqe9,B,2193926f8f4793af953d35a354df2a7178c8794989a6d2372bf4333a9553d6de,2237f41a9b1de993f6769765e8e05994de26b20e0cdbc3a97cf4e77bd34656aa,2237f41a9b1de993f6769765e8e05994de26b20e0cdbc3a97cf4e77bd34656aa,revised,5,2026-10-03T05:21:46.358477+00:00,False,ko-codex-v1
cup0tl,A,4e80b4d004a6ad54e7b90f4da787fb97ce029f32a95b4f171430b8c2017fd3b5,d94183b79c80d3b477a53b3b2fcf048d8ede72099b2052b89b4c07001da65f33,d94183b79c80d3b477a53b3b2fcf048d8ede72099b2052b89b4c07001da65f33,revised,3,2026-10-03T01:28:54.596139+00:00,False,ko-codex-v1
cup0tl,B,de8a7a383159dcc6b2ff43145cce958340dbce53974ee7d39c7c72dab3be7d5d,2940a2500814cab979fbae241dc60260c87427905c59e8ec23676034c3ce131f,2940a2500814cab979fbae241dc60260c87427905c59e8ec23676034c3ce131f,revised,6,2026-10-03T03:16:39.738249+00:00,False,ko-codex-v1
cusibn,A,dab6d8cc89660cb8f19fdc17fbea3f9b673ffa9df365d7cb0764b50f8121079d,f397e42e5dab5521bb78a192ec9ce5910f4c735b81608866f46d46a4b6f4a83c,f397e42e5dab5521bb78a192ec9ce5910f4c735b81608866f46d46a4b6f4a83c,revised,4,2026-10-03T01:11:37.513927+00:00,False,ko-codex-v1
cusibn,B,a9dc5954f94f3243ea381822adf299824a617d6a6f4bdd3dcdfadae7f21f90e4,23cfb03544e4fedaa38e42a33a708d0c23e89030351fd55bbdd4d4a466b17ae1,23cfb03544e4fedaa38e42a33a708d0c23e89030351fd55bbdd4d4a466b17ae1,revised,1,2026-10-03T06:08:19.959973+00:00,False,ko-codex-v1
cuskkn,A,1f917d7546f0a51f52954ac58bd2b3a7e4f7c042a317d7119f5c8ce89718a2d0,788803aa3b773d387dec65744d3fcacbd56677febea441d89451a5c55310f2e9,788803aa3b773d387dec65744d3fcacbd56677febea441d89451a5c55310f2e9,revised,5,2026-10-03T10:49:30.269792+00:00,False,ko-codex-v1
cuskkn,B,64ed090352631ebf34b37ea2a15210b506b0dfa6d86d5ee9f2f02345f5c39a2c,c65a76b6a032ae6af2652952b6c99dbeccaa8b80412298f3e4b7ae86ecbfe5f6,c65a76b6a032ae6af2652952b6c99dbeccaa8b80412298f3e4b7ae86ecbfe5f6,revised,2,2026-10-03T12:05:57.187634+00:00,False,ko-codex-v1
cutxj0,A,c98eeb44020bc182af9d18a1f96c2ae866623d9302ce482a5de09b1b014c5a55,c98eeb44020bc182af9d18a1f96c2ae866623d9302ce482a5de09b1b014c5a55,c98eeb44020bc182af9d18a1f96c2ae866623d9302ce482a5de09b1b014c5a55,pass,0,2026-10-03T02:34:56.111426+00:00,False,ko-codex-v1
cutxj0,B,aaca72296d65b6d4f2a7ed7f6cab343a4c6e5e7dd5c6c32ddd5b6f2d2f0eb724,bd51a35a0022f51142ed2a5e395f50e564adb01f4b4575d0f591663277366a1f,bd51a35a0022f51142ed2a5e395f50e564adb01f4b4575d0f591663277366a1f,revised,1,2026-10-03T07:31:00.040239+00:00,False,ko-codex-v1
cuuyot,A,4ae095f579c83032ea586e1e8be66d17609dbc0c383bcc590d5f5215f1024d7f,1066815b970c169b30d7f736c19b5ba8dde1c584d9cf430449438c46f6bf1291,1066815b970c169b30d7f736c19b5ba8dde1c584d9cf430449438c46f6bf1291,revised,4,2026-10-02T23:19:42.036732+00:00,False,ko-codex-v1
cuuyot,B,f7f1ae159685f829aa28d77848a4843931ed8ae73d9e810a7117408d741d092f,f6bcfaaac4a661bf09670d73d013d2d59cbc9b1f3d0d04e97eec7af071da5eb8,f6bcfaaac4a661bf09670d73d013d2d59cbc9b1f3d0d04e97eec7af071da5eb8,revised,3,2026-10-03T08:06:59.000097+00:00,False,ko-codex-v1
cuvijn,A,20f2db2810c2f66e826144cdbf968550572956e502de7c4cffa7ad221326cad1,d3b1fc8b93052fcc1ff9b45f9329b6a831019521a5cb500eee2c49dfeeb48459,d3b1fc8b93052fcc1ff9b45f9329b6a831019521a5cb500eee2c49dfeeb48459,revised,5,2026-10-03T08:35:34.808749+00:00,False,ko-codex-v1
cuvijn,B,945f6793462f2917a095f6a23a811eac6849e119bf1d8473b95918c1288facf8,aebcebdd889edeac7e1aee108368015eefa75926d8a9b167ca35faa17b9be61f,aebcebdd889edeac7e1aee108368015eefa75926d8a9b167ca35faa17b9be61f,revised,2,2026-10-02T23:07:17.520967+00:00,False,ko-codex-v1
cv1ka7,A,d27d04dff6d2fe57b64b153f04be6be3de4ca79f9862c77e7903f564b783e87d,e70bd9f9bfb093cb8500c45c0c3d5614cf218855d0b392526e5fa569fa646766,e70bd9f9bfb093cb8500c45c0c3d5614cf218855d0b392526e5fa569fa646766,revised,4,2026-10-02T23:55:41.568179+00:00,False,ko-codex-v1
cv1ka7,B,9b3ed0a76fe94ab2227443ae1ad1e2108e072c9b0361ee83779b3cd0f1d53cbb,d13515605f8651a1b11f75504f94b2d6c44ae344a656669f3842fe9242413d71,d13515605f8651a1b11f75504f94b2d6c44ae344a656669f3842fe9242413d71,revised,2,2026-10-03T11:13:20.701929+00:00,False,ko-codex-v1
cv1pbl,A,7f8a6b26258cc98ca697f93d26b9f0d640c2d95b833573d0c8eefda0c6eab879,cefb324ed919d27cc112cf84f33b40926af2099707c46dd83ed413d2ee6eb6b1,cefb324ed919d27cc112cf84f33b40926af2099707c46dd83ed413d2ee6eb6b1,revised,4,2026-10-03T02:11:28.064189+00:00,False,ko-codex-v1
cv1pbl,B,038e490cc8028c4c96726e8ff2054cb3249ba563310430b09cda2b4fc4471bb0,038e490cc8028c4c96726e8ff2054cb3249ba563310430b09cda2b4fc4471bb0,038e490cc8028c4c96726e8ff2054cb3249ba563310430b09cda2b4fc4471bb0,pass,0,2026-10-03T07:51:09.054752+00:00,False,ko-codex-v1
cv6olo,A,5c3114bf38806ee019b0034fc0fdb50df9b1eda8a4e850a8e56ab4d6495e10ae,9ec382b1f61e24f1f9f80af7cf3c7b2dd6451350f7e2484ad6ef9f06d8e9ad45,9ec382b1f61e24f1f9f80af7cf3c7b2dd6451350f7e2484ad6ef9f06d8e9ad45,revised,4,2026-10-03T03:30:50.120028+00:00,False,ko-codex-v1
cv6olo,B,e3bd8f7f0848e4933efbdf7c2bf55dc06b66b8b77db08b661b1b02bee22b4dd1,d5aff37b2c388d80a79e8db1ee20604af0cefa3d49a15187e7f16c719d315c5f,d5aff37b2c388d80a79e8db1ee20604af0cefa3d49a15187e7f16c719d315c5f,revised,2,2026-10-03T08:02:41.688483+00:00,False,ko-codex-v1
cvcajw,A,db0b5ad6c593c52c03a0f7b34ff1f64a061dcd6217d26a9acbed1dacaf0420e2,964b4b60d758e3e4e7c970de042fa9a0f3cf848799ebe2e59e9e7d0e5efc3aae,964b4b60d758e3e4e7c970de042fa9a0f3cf848799ebe2e59e9e7d0e5efc3aae,revised,4,2026-10-03T02:49:15.298059+00:00,False,ko-codex-v1
cvcajw,B,615421bf00305ed355f0c5934accb791a5004f0815f439e476c76475ac4922c7,cd916d3f50adb00c6c40436b5d00f5b2f89e48a94f12867704778c842b2f1cd7,cd916d3f50adb00c6c40436b5d00f5b2f89e48a94f12867704778c842b2f1cd7,revised,4,2026-10-03T00:29:57.672079+00:00,False,ko-codex-v1
cvd06e,A,980fed56d39f3d0a2ed2f77a950d8948be1ec90f84430a78476149b5cce47f86,b858541a63d940331c7cc1ceaf6fb883bf45c3ab5b8d4fb3c5e34722db09f92a,b858541a63d940331c7cc1ceaf6fb883bf45c3ab5b8d4fb3c5e34722db09f92a,revised,2,2026-10-03T00:32:57.334654+00:00,False,ko-codex-v1
cvd06e,B,0cbf5ca2f29d1f9e4fcc9d1d609a48c0f53678edaced0ccf6eb30a4b30d00533,0cbf5ca2f29d1f9e4fcc9d1d609a48c0f53678edaced0ccf6eb30a4b30d00533,0cbf5ca2f29d1f9e4fcc9d1d609a48c0f53678edaced0ccf6eb30a4b30d00533,pass,0,2026-10-03T06:59:57.617812+00:00,False,ko-codex-v1
cvj7l2,A,bd76cd5fa60c47b4c595534551a3cd831bf49f95936acaeb9f4fe8ed7cee3c35,bd76cd5fa60c47b4c595534551a3cd831bf49f95936acaeb9f4fe8ed7cee3c35,bd76cd5fa60c47b4c595534551a3cd831bf49f95936acaeb9f4fe8ed7cee3c35,pass,0,2026-10-02T21:14:18.003226+00:00,False,ko-codex-v1
cvj7l2,B,65c38063ca576b0277dea2712120086a10e926202c5f4d975a47cd6e7115c35b,fb1f2ab0283720a9af2c27dc2d134b7530abe4b7a5229b103d93dccaa5f911f5,fb1f2ab0283720a9af2c27dc2d134b7530abe4b7a5229b103d93dccaa5f911f5,revised,3,2026-10-03T06:41:16.228850+00:00,False,ko-codex-v1
cvjchn,A,1bc0bbfdbeb12bd9ecb3a89ebe032d9db877fec85f389244a213ec7587c60e50,e3d195d8a9b3e44a13f6287aa02142d89d9a16ea6c6d04f975f11c9549d87bfa,e3d195d8a9b3e44a13f6287aa02142d89d9a16ea6c6d04f975f11c9549d87bfa,revised,3,2026-10-02T21:05:00.879324+00:00,False,ko-codex-v1
cvjchn,B,a710b9df5e12ca1a4e34af6abcb8dde680a4de375d5ba56d837b22e26a3b3043,d0e196b6fe0027a2e5adba740a1f26b41d4b5d4038b285f7cd4b8f93318f9b6a,d0e196b6fe0027a2e5adba740a1f26b41d4b5d4038b285f7cd4b8f93318f9b6a,revised,3,2026-10-03T08:42:04.802341+00:00,False,ko-codex-v1
cvoyg8,A,5a7b266a1072e7d43e29938d2f9371b72da920349bbacf57eb2b9bebbe403429,a3aedb262ee7c5bfcb08ce8183f4564d273b008030de23c5dc80fef209814109,a3aedb262ee7c5bfcb08ce8183f4564d273b008030de23c5dc80fef209814109,revised,4,2026-10-03T03:48:59.460482+00:00,False,ko-codex-v1
cvoyg8,B,4299347532ebfa492a219884c8eda39146fa876021bac4c1bd65b093551e6899,62a3ff888c2c1c9abf8f835af030d7a1ff5f0687a662f95131df48640e59ad22,62a3ff888c2c1c9abf8f835af030d7a1ff5f0687a662f95131df48640e59ad22,revised,2,2026-10-02T21:23:14.121252+00:00,False,ko-codex-v1
cvvmot,A,127d648f65114aa41f7c741d63c86905d4106aa2000ef344aeebc903646eb470,ed068a7ce04e00eaaea20871b62f789e236134c533761a726afc56184d7aa799,ed068a7ce04e00eaaea20871b62f789e236134c533761a726afc56184d7aa799,revised,2,2026-10-03T01:04:35.507534+00:00,False,ko-codex-v1
cvvmot,B,f8c025679f6252ce2e17955905e98e5d388e98d076151e9f8b1708a8a07a113a,f8c025679f6252ce2e17955905e98e5d388e98d076151e9f8b1708a8a07a113a,f8c025679f6252ce2e17955905e98e5d388e98d076151e9f8b1708a8a07a113a,pass,0,2026-10-03T03:47:27.761310+00:00,False,ko-codex-v1
cvwm7p,A,66bf856a1b3dbaa29b916e3bec5a400ff7ff8395c121b33d13f22a342119cb9c,c8aa1405d0054c66400d8d5e872b9a9ed5bbcf8f69356ed1a867697cfb39d2b6,c8aa1405d0054c66400d8d5e872b9a9ed5bbcf8f69356ed1a867697cfb39d2b6,revised,4,2026-10-03T05:47:54.178387+00:00,False,ko-codex-v1
cvwm7p,B,754730f9cd7fdcef33ec9484bd70b2ed72035326a61f0fd8b76dc3918bc2da18,13980197ab31a08c1c4c18ebd824c23a32137ce301ed376f01d78efe4aa1ab1b,13980197ab31a08c1c4c18ebd824c23a32137ce301ed376f01d78efe4aa1ab1b,revised,3,2026-10-03T05:05:52.071724+00:00,False,ko-codex-v1
cvxndq,A,1fdfd09fa907eb1d8204546fee20116951cbdd3b47464e9e98a3467eec3d9c84,de9065529aed37b6bc9a476c786e2713050d7f99cf81130f44b9aaa20508710b,de9065529aed37b6bc9a476c786e2713050d7f99cf81130f44b9aaa20508710b,revised,2,2026-10-02T22:40:12.670092+00:00,False,ko-codex-v1
cvxndq,B,1bd3548d943c30da83ef9c79c527455bd63d569827a3b9f310677496e42e72a5,b7372bbf4199d8197a4ef190f3631836dad9b923b67001590a5655c78e20ceef,b7372bbf4199d8197a4ef190f3631836dad9b923b67001590a5655c78e20ceef,revised,3,2026-10-03T05:38:00.838613+00:00,False,ko-codex-v1
cw2f6f,A,d78e68041afe7a08a502fe59976d107698687f4be3de957f0704d02f3d2e0314,ac8336110a500651e5931a0bf5cd87166653b06201007bde94aefe04f2ee3a62,ac8336110a500651e5931a0bf5cd87166653b06201007bde94aefe04f2ee3a62,revised,3,2026-10-03T00:00:28.293080+00:00,False,ko-codex-v1
cw2f6f,B,87a87de9958aa514a7e8149a8483ded1b96b38ed42f975a3a3f9408c2046e985,87a87de9958aa514a7e8149a8483ded1b96b38ed42f975a3a3f9408c2046e985,87a87de9958aa514a7e8149a8483ded1b96b38ed42f975a3a3f9408c2046e985,pass,0,2026-10-03T03:35:33.861871+00:00,False,ko-codex-v1
cw7ua6,A,2ed6813033fdd15559f97180ae8388f979020a1b975d826f389dcaa69ec687eb,1acf9eb06367da16ce384559572576c06de46b38877cf357984e23d5e6bc5a3e,1acf9eb06367da16ce384559572576c06de46b38877cf357984e23d5e6bc5a3e,revised,2,2026-10-03T04:30:43.069159+00:00,False,ko-codex-v1
cw7ua6,B,2648673d69134fecf6250ba5fb7447cfdf8538719ebe44dd629c7f34607782f1,d8f00af3208ec0220c250ef2dc25c487d3d5f742f514feea7c3ff74b48a615f1,d8f00af3208ec0220c250ef2dc25c487d3d5f742f514feea7c3ff74b48a615f1,revised,3,2026-10-02T21:22:41.891032+00:00,False,ko-codex-v1
cwdhzb,A,8a76abdade51ccb7e4b29ac92b4652326de4c66a961013dd2851e5233d8827f2,5b097f0398916b59986db71bf8deca6e616bf207123ca71b2f4530bf2ab38288,5b097f0398916b59986db71bf8deca6e616bf207123ca71b2f4530bf2ab38288,revised,2,2026-10-02T23:05:57.191158+00:00,False,ko-codex-v1
cwdhzb,B,502b19531e9b01888935dbf9f177d228e7d199c9aa41263a40169e1bbbd9dc3f,9e0059a6a4a14da0cf28ff0c5f61f846581c2151b12d2efbb4765b959c623d6f,9e0059a6a4a14da0cf28ff0c5f61f846581c2151b12d2efbb4765b959c623d6f,revised,2,2026-10-03T00:55:33.916775+00:00,False,ko-codex-v1
cwdo9s,A,3be77afb5c877c4229c117fb0d9298d2606dcd193b9fdfb2743ea59b512ca366,ba27c8c6dfe176457e7a7a6c70d4d763de481b926936029966a920fe9dcf9ec0,ba27c8c6dfe176457e7a7a6c70d4d763de481b926936029966a920fe9dcf9ec0,revised,2,2026-10-02T23:23:45.530886+00:00,False,ko-codex-v1
cwdo9s,B,21a18b740e88337af75fc49358fbc7046ce0da049b0803ea6ee1f4b09e9d5ba1,2adba728b14d8e921d1185b6aace0bfbc1ec3eae535fa2bcad146d99e4e299fb,2adba728b14d8e921d1185b6aace0bfbc1ec3eae535fa2bcad146d99e4e299fb,revised,1,2026-10-03T11:29:26.818627+00:00,False,ko-codex-v1
cwfvha,A,a941661b520beda82d8d722aa8b9cf96feb3f6039ffa34246213f444da9500a9,7b9ec2252a0e15f7981606c42d1ec07ae38aa88aa0ed0b597fba10a72745e7eb,7b9ec2252a0e15f7981606c42d1ec07ae38aa88aa0ed0b597fba10a72745e7eb,revised,7,2026-10-03T11:14:05.838169+00:00,False,ko-codex-v1
cwfvha,B,63ce5bd54445b237b9d75c7d4cd2cc1a79cf613ccca0a3a6d185993d99603693,74c572ed262f813e7a23da66b740236b8ea7fd8deb349c98bf257b8bad14f1bc,74c572ed262f813e7a23da66b740236b8ea7fd8deb349c98bf257b8bad14f1bc,revised,2,2026-10-03T07:44:27.838820+00:00,False,ko-codex-v1
cwgkfw,A,d4f6886d7ff2afac2aa6502a4a856b9bbb9e0f0b700621038823d8915df67a2e,d822ca15f466f392b4062dcb0758d799f36af885eb79c0b107d05332d14402d8,d822ca15f466f392b4062dcb0758d799f36af885eb79c0b107d05332d14402d8,revised,3,2026-10-03T04:18:33.437416+00:00,False,ko-codex-v1
cwgkfw,B,70828f542a6ee2556e9d6054dd3e88c3ace09fda9faef02b8bef6d78df53b522,59cafc4d73210f3b08c69deca3a88bddbea1fc0019d87473fc09e60250a17def,59cafc4d73210f3b08c69deca3a88bddbea1fc0019d87473fc09e60250a17def,revised,3,2026-10-03T02:54:46.321440+00:00,False,ko-codex-v1
cwoapq,A,5a1e87afabb81bacd990db4984c22e27afb5bb789cb31363ca77517ff8ef15fe,08956e63398c421f35e3894228e5b5fe9c59452c55882960ad62f0b51ba0cb6d,08956e63398c421f35e3894228e5b5fe9c59452c55882960ad62f0b51ba0cb6d,revised,2,2026-10-03T12:13:35.192065+00:00,False,ko-codex-v1
cwoapq,B,426e549e21218460ede2625dcaf6a63da1288c493b5b42d793abe8e5f27046b2,bca2ab822860b437d3dadd97b9406405608fba322041383f79f045ea01640b8a,bca2ab822860b437d3dadd97b9406405608fba322041383f79f045ea01640b8a,revised,3,2026-10-03T12:34:47.277216+00:00,False,ko-codex-v1
cwvzoh,A,ffb02703b718ccf911339f6dae39a0da6ec8fc02a62c826ab30f358083938a7b,932c12b574179e1e866356d3b140262f8778e2cdc38f10b920052038ddefbb51,932c12b574179e1e866356d3b140262f8778e2cdc38f10b920052038ddefbb51,revised,3,2026-10-03T02:27:28.546523+00:00,False,ko-codex-v1
cwvzoh,B,ed2fb02c3ccd713e701f911f8ebaa605a0843243d2335ebdd1f4271b023b9aad,0024fd4540196e4fe3287e2d0d707096b43630a44b32949256d85a7690a43a08,0024fd4540196e4fe3287e2d0d707096b43630a44b32949256d85a7690a43a08,revised,2,2026-10-03T08:48:50.252750+00:00,False,ko-codex-v1
cx8xxs,A,23ff140a5b680f9c84cf4266895af5f7bb8002f8b0f905e606258ba16658657b,075c0406e13998beceb0ff752e18e3e850c8064d284ef99505ea20ce2b7f2d05,075c0406e13998beceb0ff752e18e3e850c8064d284ef99505ea20ce2b7f2d05,revised,3,2026-10-03T03:12:18.325254+00:00,False,ko-codex-v1
cx8xxs,B,8192f0489a17e41858e9563c7447a4dfa33ccd6c14822729bb76719aa0fb45de,3c741361fac38b9f8a8ddf5b2c8a9a408cef1188d6f49cd0062e0c13ca7fdd06,3c741361fac38b9f8a8ddf5b2c8a9a408cef1188d6f49cd0062e0c13ca7fdd06,revised,2,2026-10-03T11:40:51.296129+00:00,False,ko-codex-v1
cxbwfz,A,af98de6758d3e5fecb824bb04f9d5a16579d50bae08fb1afe9333a7a6ab1eb84,572a6256694c46d227fc7cc0bcd3e0123209a818fd919ed5f00923f6ca197af2,572a6256694c46d227fc7cc0bcd3e0123209a818fd919ed5f00923f6ca197af2,revised,3,2026-10-02T22:43:54.418145+00:00,False,ko-codex-v1
cxbwfz,B,77b7183b44a70ca7a7a6f15a430828eba63799671ebf9369e499156ed23d6611,d040bea49bdc32fd8f0a8a606636439b66e45349bd24d6046508975bfff57363,d040bea49bdc32fd8f0a8a606636439b66e45349bd24d6046508975bfff57363,revised,4,2026-10-03T08:10:11.859064+00:00,False,ko-codex-v1
cxekeu,A,4da58b08c8c24b7a0605e7b71071cd157e1c6a1838d33d1c040d16559958a971,4da58b08c8c24b7a0605e7b71071cd157e1c6a1838d33d1c040d16559958a971,4da58b08c8c24b7a0605e7b71071cd157e1c6a1838d33d1c040d16559958a971,pass,0,2026-10-03T05:29:38.595237+00:00,False,ko-codex-v1
cxekeu,B,6615b263d0ecf94087a446946f39b7938e6c5d637aa9ce38e2d70ab02722d316,6615b263d0ecf94087a446946f39b7938e6c5d637aa9ce38e2d70ab02722d316,6615b263d0ecf94087a446946f39b7938e6c5d637aa9ce38e2d70ab02722d316,pass,0,2026-10-02T23:21:00.738175+00:00,False,ko-codex-v1
cxnhox,A,061c4961271faa79c338ae082ab3e7492f0c02a3f8a11d3620ecf73e73a48670,56b2dd9b059cb577b39c48b348e1881ccbc5b487b1887e7c95bda61b5736333d,56b2dd9b059cb577b39c48b348e1881ccbc5b487b1887e7c95bda61b5736333d,revised,4,2026-10-03T05:10:23.396949+00:00,False,ko-codex-v1
cxnhox,B,b331aec0d758f7ed9bd7a19698d382e18e290ec55bb0a7819b72fdd17e12c034,b331aec0d758f7ed9bd7a19698d382e18e290ec55bb0a7819b72fdd17e12c034,b331aec0d758f7ed9bd7a19698d382e18e290ec55bb0a7819b72fdd17e12c034,pass,0,2026-10-02T22:51:26.250444+00:00,False,ko-codex-v1
cxtlkl,A,21d2c9e150ddf85a5019e0ee509cea2facc0b93dfc402b7fe948058a90d1d805,78080d02c405b92d13f65de0d336c7920f388f139ee6d275c9c7fefc08833227,78080d02c405b92d13f65de0d336c7920f388f139ee6d275c9c7fefc08833227,revised,5,2026-10-03T08:27:31.808113+00:00,False,ko-codex-v1
cxtlkl,B,3a416ffd241937c6277bf0d7d0eef3515cc2dbcd23da0d8ecf5514ac1c011692,b894de3d65bc8993b8286652c11c3d32b8111bb328c237afcd7b2b308bc95a16,b894de3d65bc8993b8286652c11c3d32b8111bb328c237afcd7b2b308bc95a16,revised,1,2026-10-02T21:33:04.664456+00:00,False,ko-codex-v1
cxwadd,A,b96d04b0f29eeb4cfa647c40c79368d985aa031d62bf5a515e66f61f16bf6377,b706d4ac7231d0ec0f4de9ec40913e8b0e0aa42d3e303472d2f83fa4e0224974,b706d4ac7231d0ec0f4de9ec40913e8b0e0aa42d3e303472d2f83fa4e0224974,revised,4,2026-10-03T01:38:43.624080+00:00,False,ko-codex-v1
cxwadd,B,07332211f53caa67127bad823002dcb08c39d66616f8d0f651ee83bf92741eee,66b661d81851013d25edd4178ac9be3ced7df2387d870bc220fedb15f8f379c3,66b661d81851013d25edd4178ac9be3ced7df2387d870bc220fedb15f8f379c3,revised,4,2026-10-03T04:42:55.161585+00:00,False,ko-codex-v1
cxx290,A,421f45148071661c7042c740c010dd6e87a740753c7a061840f76b62a94795b8,1b0a2c13c5b05a42741ca81241e0629d4c08f633da67ab55ccd24fccd4663633,1b0a2c13c5b05a42741ca81241e0629d4c08f633da67ab55ccd24fccd4663633,revised,2,2026-10-03T12:35:29.771329+00:00,False,ko-codex-v1
cxx290,B,a9206a59a68268a5ff371f896880755621413bff75cd1c2754ea6b2bcd106e98,c531d8ec4a3dbb489fe7bdec295a8743045d9fc143fab2898dbdf706607420f8,c531d8ec4a3dbb489fe7bdec295a8743045d9fc143fab2898dbdf706607420f8,revised,1,2026-10-03T05:19:36.264562+00:00,False,ko-codex-v1
cxy1k2,A,a93b4e0a2666978ecdf46647af425b5b84016aaea7f9b332bca8a5c7747e0a2b,cc5e8ffc1c9fa4c29e669141757a38cb8f1d82413e19f5288d5be0883013c5b4,cc5e8ffc1c9fa4c29e669141757a38cb8f1d82413e19f5288d5be0883013c5b4,revised,5,2026-10-03T01:07:10.744605+00:00,False,ko-codex-v1
cxy1k2,B,e144591682cfbb710513833128b2130ee039136c42446ddc04095391ce9d742e,e144591682cfbb710513833128b2130ee039136c42446ddc04095391ce9d742e,e144591682cfbb710513833128b2130ee039136c42446ddc04095391ce9d742e,pass,0,2026-10-03T11:17:24.174562+00:00,False,ko-codex-v1
cxzyln,A,be77517cc2c145e7fc62b2bca3343821a0aa962f6540962602ece9b67e3056fd,efae6f71fe15024852895ee249d1e0e1c87b4b71cb51e310db4ec82b5425580f,efae6f71fe15024852895ee249d1e0e1c87b4b71cb51e310db4ec82b5425580f,revised,4,2026-10-02T22:30:59.523204+00:00,False,ko-codex-v1
cxzyln,B,dc9b6d7f109a3903cd1518df371d1f5c50e2b0bc043fe855ed462a383343e7f2,dc9b6d7f109a3903cd1518df371d1f5c50e2b0bc043fe855ed462a383343e7f2,dc9b6d7f109a3903cd1518df371d1f5c50e2b0bc043fe855ed462a383343e7f2,pass,0,2026-10-02T21:23:30.398566+00:00,False,ko-codex-v1
cy12ke,A,1162ea1429dd35547233a8464251df27356df3fa40000a557a1cfe7e6b124997,a9759cb91a68c4b4c0ef6693eb465165ac66456dd0da612db159835ff0a686f7,a9759cb91a68c4b4c0ef6693eb465165ac66456dd0da612db159835ff0a686f7,revised,5,2026-10-03T04:39:28.815008+00:00,False,ko-codex-v1
cy12ke,B,e7e71f82d97af4abae13e8c08400def7e58552974b5a4fbf65f778d2bd024322,e7e71f82d97af4abae13e8c08400def7e58552974b5a4fbf65f778d2bd024322,e7e71f82d97af4abae13e8c08400def7e58552974b5a4fbf65f778d2bd024322,pass,0,2026-10-03T11:06:27.319287+00:00,False,ko-codex-v1
cy1650,A,1151212a46525dc3aa55bf5bb8cdf22c2d26e6a448f04a97b962ef18144b6911,9708fff1c6aecb2cb8780d78be0dbba1be370f61a326f7bf04bf71e4221730e2,9708fff1c6aecb2cb8780d78be0dbba1be370f61a326f7bf04bf71e4221730e2,revised,2,2026-10-03T07:58:54.263844+00:00,False,ko-codex-v1
cy1650,B,910ff855f1dd9eda16b4bc0ebc80f7487846d2da7b28dbc5c8e62f8aa4d66335,910ff855f1dd9eda16b4bc0ebc80f7487846d2da7b28dbc5c8e62f8aa4d66335,910ff855f1dd9eda16b4bc0ebc80f7487846d2da7b28dbc5c8e62f8aa4d66335,pass,0,2026-10-02T23:32:20.479112+00:00,False,ko-codex-v1
cyann7,A,2e59e7ba685a65206bd396dcb8e0f31e2a27964a5a2a5e2e31e20d98b9d1a045,10e48eb87d1aad50a077d746d0ab1205930f76ab0cdffdebbbedf38feeba7625,10e48eb87d1aad50a077d746d0ab1205930f76ab0cdffdebbbedf38feeba7625,revised,4,2026-10-03T07:14:32.746356+00:00,False,ko-codex-v1
cyann7,B,48ea55e3e2c49a032da35759c77d82002fdc70f3909dde1e84fe522dbd7702c5,40ae1dd03a58cb5f0ada38bd4cf1ec8c39f8a29a46fcfcfbdb9dfd92418a1c15,40ae1dd03a58cb5f0ada38bd4cf1ec8c39f8a29a46fcfcfbdb9dfd92418a1c15,revised,1,2026-10-03T08:32:47.320617+00:00,False,ko-codex-v1
cycpyf,A,af4dc9d78e4eafb53a653b41975f2469efba02330d5ccac66fcc4bcd04fff41a,d03fcd3b9c03b87c43af94090643e9099b0fe195d003e71859e99faccc4dfa67,d03fcd3b9c03b87c43af94090643e9099b0fe195d003e71859e99faccc4dfa67,revised,5,2026-10-03T07:23:33.503107+00:00,False,ko-codex-v1
cycpyf,B,62da5b9f3ac9ffb1033a1bb384cdee632c33fcc30f46aee2a299a64ec9414b5f,62da5b9f3ac9ffb1033a1bb384cdee632c33fcc30f46aee2a299a64ec9414b5f,62da5b9f3ac9ffb1033a1bb384cdee632c33fcc30f46aee2a299a64ec9414b5f,pass,0,2026-10-03T11:24:38.698126+00:00,False,ko-codex-v1
cynpvt,A,3ab640f0d8f7ae06375d7ddfe818caeb2b4a7451ffb84670398022f9fb5edf74,3ab640f0d8f7ae06375d7ddfe818caeb2b4a7451ffb84670398022f9fb5edf74,3ab640f0d8f7ae06375d7ddfe818caeb2b4a7451ffb84670398022f9fb5edf74,pass,0,2026-10-03T02:01:06.819044+00:00,False,ko-codex-v1
cynpvt,B,0301ff0341e029706bc0f63351e1c09bd0a2c79dc2e5f2beff7d0d2da4ba1c8e,8490acb9e726811fbf323a2eb50ce79f98055a1ef291f8f7a82e4aa3acf69269,8490acb9e726811fbf323a2eb50ce79f98055a1ef291f8f7a82e4aa3acf69269,revised,1,2026-10-03T02:06:07.103003+00:00,False,ko-codex-v1
cyq2s3,A,988dd3ca370947a6200e410ba9927200d17015087f46f611669c5aeda68a6316,d1af0653ce9d7bbf45e0d1db55512fe5300a778baa0187b158d28cfd1e5a2c44,d1af0653ce9d7bbf45e0d1db55512fe5300a778baa0187b158d28cfd1e5a2c44,revised,2,2026-10-03T02:54:13.050904+00:00,False,ko-codex-v1
cyq2s3,B,bfa355d34bfe20e55e50485d5a75e6ffcee51d2e8a0df2634a87417f8bbfd8f0,6aab9a07a87ec4d6dc536332d449e1e69ce7a13df5913bd906b6dfdb1c565294,6aab9a07a87ec4d6dc536332d449e1e69ce7a13df5913bd906b6dfdb1c565294,revised,1,2026-10-03T06:39:08.673964+00:00,False,ko-codex-v1
cys9hn,A,be7a10f900bd0d82730f79f1bb6c6b12d2e7eac5096aaeed08ddbec54aa629ac,227eafb76ab6173f2800d376707329ebecbcc90f48d83d364204e9eeff52e331,227eafb76ab6173f2800d376707329ebecbcc90f48d83d364204e9eeff52e331,revised,3,2026-10-02T22:33:43.047874+00:00,False,ko-codex-v1
cys9hn,B,3e891ff82d6004ad782274c331c49529205d846d3f7c3a24e6ba032f80b29e86,e5980ee367bc4b6db54790e074f454b2d6c2489c03d709b3b2facecc665c6767,e5980ee367bc4b6db54790e074f454b2d6c2489c03d709b3b2facecc665c6767,revised,2,2026-10-03T10:46:06.675177+00:00,False,ko-codex-v1
cyuxlv,A,2e396bb4a5c5ff95c242b6d2202dec79f39fedcbdd5b448f0635d950ca9b8c6e,6d869b719b81c4e9ea54f6cbf4e151a91147b06c998e1ffbc3d6416ff19ef6c5,6d869b719b81c4e9ea54f6cbf4e151a91147b06c998e1ffbc3d6416ff19ef6c5,revised,3,2026-10-03T00:48:02.978535+00:00,False,ko-codex-v1
cyuxlv,B,32c71455f316187ee40359b783fe8128c5ffbee71834202b4d5b802f06a4e13f,954a2a60f7e63497b783914dad1470ee726e5f9823db5fed4c086e34d88c9c8c,954a2a60f7e63497b783914dad1470ee726e5f9823db5fed4c086e34d88c9c8c,revised,3,2026-10-02T23:10:39.315253+00:00,False,ko-codex-v1
cywbq2,A,78a6a7985286e3715f7e0862340afc8c05e9cf672b958c1012ed236bdaf49b20,82353d82066c78156cbc2b7239a6d5f41ecead3de8ce5325036aaeeaf9baf0ff,82353d82066c78156cbc2b7239a6d5f41ecead3de8ce5325036aaeeaf9baf0ff,revised,6,2026-10-03T04:40:49.193372+00:00,False,ko-codex-v1
cywbq2,B,ffefaf7c235d3bcab476b19d078f656d7d03e4d38b73d52cd0f439e40c9bbfa1,e2fc1f9007ddb735dbba7d2d197506aeba22cd5e269d70123f7da185aaf04fcc,e2fc1f9007ddb735dbba7d2d197506aeba22cd5e269d70123f7da185aaf04fcc,revised,1,2026-10-03T05:58:45.688756+00:00,False,ko-codex-v1
cyzx5j,A,ce5bf830946ae6958c42ed6a03be9f162d15d5c2d71e19a2265efe309c8f133d,5722ccc3b7bc1a184134f70e866b2942e183002220760139eaa63e4360c80d75,5722ccc3b7bc1a184134f70e866b2942e183002220760139eaa63e4360c80d75,revised,5,2026-10-03T02:14:56.621403+00:00,False,ko-codex-v1
cyzx5j,B,773e5118b8fdadee68020680597ae7eb30771fab2808d2a7392e6c6d9cac88d7,4ef8e950479c440da907f375d6acae4afc83fb37873143f3b77c089a0655e323,4ef8e950479c440da907f375d6acae4afc83fb37873143f3b77c089a0655e323,revised,4,2026-10-02T23:38:52.293180+00:00,False,ko-codex-v1
cz009f,A,8c49030e18e2851b0175970448e0c891a14dacef178763beac2fbdee5330d44e,7a4d098eb745cb6622dff8a61a7456067cddeaf469241603e6915fe3493ba3e4,7a4d098eb745cb6622dff8a61a7456067cddeaf469241603e6915fe3493ba3e4,revised,2,2026-10-03T07:06:01.235696+00:00,False,ko-codex-v1
cz009f,B,d0fd15799ec60dcbf7e14ce2f1a9533398c2dd81c29c044fbb5c2e725110aa83,d6882b8b94f7fdcd1a00df330a01dd0eeaaa9ff1ed0968c88c320c1742460f25,d6882b8b94f7fdcd1a00df330a01dd0eeaaa9ff1ed0968c88c320c1742460f25,revised,1,2026-10-03T03:47:15.874644+00:00,False,ko-codex-v1
cz6y2j,A,70f1e4df728cc4da7ed315cb5662ed608f054bb7193b0bd3a1b92135650d3636,98d965fc351e5f4b0a4a7deaa4b22e8c23d87ace2feb1a30ebd51bc10835dcf2,98d965fc351e5f4b0a4a7deaa4b22e8c23d87ace2feb1a30ebd51bc10835dcf2,revised,2,2026-10-03T07:58:39.907694+00:00,False,ko-codex-v1
cz6y2j,B,23f933134ce9faa9a275251b0adbd54e657c194cffb1aa3a9d9b027527a804f2,23f933134ce9faa9a275251b0adbd54e657c194cffb1aa3a9d9b027527a804f2,23f933134ce9faa9a275251b0adbd54e657c194cffb1aa3a9d9b027527a804f2,pass,0,2026-10-03T11:08:30.956894+00:00,False,ko-codex-v1
cz85l9,A,38ed47b140cd7ccb704ee361f3edee28be78aba043d18466826418ca2567d39b,098ce19c8bfed6a37e633832604351979f5f4c153cfb642753d0d8724c15eae8,098ce19c8bfed6a37e633832604351979f5f4c153cfb642753d0d8724c15eae8,revised,7,2026-10-03T00:02:20.851137+00:00,False,ko-codex-v1
cz85l9,B,debde0327508f7a0cb3afb23d262953edf29e8befbecea65bb8bc2c426183b22,f3cdc8a6a22de9a73a16c8ac7acaec1d9d4f35ab25e2134ea1c438a76eb5e359,f3cdc8a6a22de9a73a16c8ac7acaec1d9d4f35ab25e2134ea1c438a76eb5e359,revised,3,2026-10-03T07:18:28.026589+00:00,False,ko-codex-v1
cz86v4,A,600134f7733531f0cefc98f9f6e6e49cdeac6a62f2d8018d9430db1b36401760,5b5de3847fa776fa111b586dc368decf6eb305f1320fd9d1c54bb96deb8ed412,5b5de3847fa776fa111b586dc368decf6eb305f1320fd9d1c54bb96deb8ed412,revised,7,2026-10-02T22:47:17.120436+00:00,False,ko-codex-v1
cz86v4,B,303a01e613a016fb1d5196e03cf800dbdcca73a4caba99e4158d9ee832f9bc10,eaa641a970644872e945dde1f8440476f9e1b2a4dc20bfe76874996182488c93,eaa641a970644872e945dde1f8440476f9e1b2a4dc20bfe76874996182488c93,revised,3,2026-10-03T04:36:19.622333+00:00,False,ko-codex-v1
cz88ds,A,e497b8293023633f89246d67657d1ccbb5000ae8d6274722b11e3a940e840a6a,689d6cac8af04959e4a26cbd83478b4698237f8a207fe01c54a5b13785c6a59f,689d6cac8af04959e4a26cbd83478b4698237f8a207fe01c54a5b13785c6a59f,revised,1,2026-10-02T23:09:34.597368+00:00,False,ko-codex-v1
cz88ds,B,6b0599eff48bc87ee3979d89df43eb203809bde783f44ca4371bafb04842b2c8,9c84a05b7e8cfae4c83249a5c6565471b266bf87cb9f3480231158cd4f1542af,9c84a05b7e8cfae4c83249a5c6565471b266bf87cb9f3480231158cd4f1542af,revised,2,2026-10-03T11:15:14.770460+00:00,False,ko-codex-v1
cza6k9,A,3e7170ef2e3bc4577f71116f37d77dccaf5536ccef510c9d050a16ab84992137,b91d6ba0d713b780bd1da199c3375c483e1b54071c4fb5af0fd1fed1f3ef555e,b91d6ba0d713b780bd1da199c3375c483e1b54071c4fb5af0fd1fed1f3ef555e,revised,3,2026-10-03T06:47:26.765920+00:00,False,ko-codex-v1
cza6k9,B,fb13fa6bb8baf6ac40a2d39c8eec4ed287bce9b6a20bf729dd7f50f5608d1e03,66ac923d8a688dcf093bf5a1e6df267f84a6e1c9c1becd8152b9833f139fb25a,66ac923d8a688dcf093bf5a1e6df267f84a6e1c9c1becd8152b9833f139fb25a,revised,4,2026-10-03T02:45:46.273784+00:00,False,ko-codex-v1
czas1c,A,be0588e1d7149c3244cfc73713252da94353c3ef133e1b1e126f1145f3ae9872,9665982168362f2c205a259a15a478f2334dda1993d1b1bb9dae06f77435f0eb,9665982168362f2c205a259a15a478f2334dda1993d1b1bb9dae06f77435f0eb,revised,6,2026-10-03T05:48:59.908209+00:00,False,ko-codex-v1
czas1c,B,cbe0edc69e625925d889dee67cf138b31ef4e9650570e03a7248a6b1b7f71061,f6a0d0f435481de67b8adc172566e56f4aa897cdfe3a392927d0c117c4e75017,f6a0d0f435481de67b8adc172566e56f4aa897cdfe3a392927d0c117c4e75017,revised,3,2026-10-02T23:00:31.459837+00:00,False,ko-codex-v1
czd927,A,247a46fd18afabd3a8179e4742763df234805f4ae02231ddf4b9d7fe7554afd1,c9d839bd9473e096ed286761b83fc4f22f2e7d0e8aee226315817d97c04d98e5,c9d839bd9473e096ed286761b83fc4f22f2e7d0e8aee226315817d97c04d98e5,revised,3,2026-10-02T22:27:54.945007+00:00,False,ko-codex-v1
czd927,B,f09cf5a37340172a4596740a31584d385b1b6cc59619fa4b9e099701f5cc1d25,f5f605234618212bbbdf0fd87116f7bf9149cd3e132448d421428592c2a05577,f5f605234618212bbbdf0fd87116f7bf9149cd3e132448d421428592c2a05577,revised,3,2026-10-03T12:04:51.831150+00:00,False,ko-codex-v1
czpzkg,A,36e34fc64ffb0c5e18e642b1b24734b77e4f600c1edac5f5c5601743fde08c71,ac3ebcb175a1944220bab5579152a69fd65f6c02c039175464d9c039352ce5ff,ac3ebcb175a1944220bab5579152a69fd65f6c02c039175464d9c039352ce5ff,revised,2,2026-10-03T00:10:11.192188+00:00,False,ko-codex-v1
czpzkg,B,cc60b798a68d371524e514090b1ac99d1548dae9a76d62946e91f46e307cbada,b764e9f9d3e76ddd3f07e176d238eee99c257ce44f5dd4d518468508a020114e,b764e9f9d3e76ddd3f07e176d238eee99c257ce44f5dd4d518468508a020114e,revised,4,2026-10-03T11:34:06.954160+00:00,False,ko-codex-v1
czqgos,A,9c33546b64f2af91edda6f3643b196a9bc43d6031f2496622e400601a9c7e9c9,8c7d27a2db6d90d98fc3ba6c46db69927a33db6bb9d4cded5dde326d3536a9cc,8c7d27a2db6d90d98fc3ba6c46db69927a33db6bb9d4cded5dde326d3536a9cc,revised,4,2026-10-02T21:37:42.823188+00:00,False,ko-codex-v1
czqgos,B,6f310e291172a1ac34a438bd2e3e0ff143a073980e5540354a57c07f511bcaeb,ba9ddfb58eac51583cd6dc56f0255ad53808ea2444ca01684c1d7af6c65e4b7a,ba9ddfb58eac51583cd6dc56f0255ad53808ea2444ca01684c1d7af6c65e4b7a,revised,2,2026-10-03T11:26:41.055764+00:00,False,ko-codex-v1
d028wg,A,b9b6902d3a0af2bc76a8767dbc97851a131bed6a5eee7bc255bd086b82639632,f4f44c746f210b6773b90fb18ed1a60ec7ce0361caef973b98d982070c5c4a0f,f4f44c746f210b6773b90fb18ed1a60ec7ce0361caef973b98d982070c5c4a0f,revised,5,2026-10-03T03:16:09.172607+00:00,False,ko-codex-v1
d028wg,B,e866a04b3c43fd99e7b8afadf9eea95a771fbc29fb53465c900b3193a41a8eaf,ac12cb3d26e1887588a6473cb9ca752059c4099a9f650465f4d4c8e3adb5ff6b,ac12cb3d26e1887588a6473cb9ca752059c4099a9f650465f4d4c8e3adb5ff6b,revised,1,2026-10-02T23:54:29.422356+00:00,False,ko-codex-v1
d05b9g,A,abb59d699d3a43f63eb475cfaa020138fae9a5693871d9041bf5f60aecae19e7,389d06e998d44debd3b45935458da22ce0e2be96ecacfbdf9e070910a07fda49,389d06e998d44debd3b45935458da22ce0e2be96ecacfbdf9e070910a07fda49,revised,1,2026-10-03T06:06:17.726801+00:00,False,ko-codex-v1
d05b9g,B,5e9b43f37dc657df036fca239178292805a32e457068725ba4b53f69f1f55001,5e7ddc2caef0951cbe33d498cc2b18d8ed62168c45d36b8b0e49161a0580076d,5e7ddc2caef0951cbe33d498cc2b18d8ed62168c45d36b8b0e49161a0580076d,revised,3,2026-10-03T04:31:08.325850+00:00,False,ko-codex-v1
d07vxh,A,df5cb39ce1871cd992780703df31b8877e4164b55373dc25b40868f64f908f82,df5cb39ce1871cd992780703df31b8877e4164b55373dc25b40868f64f908f82,df5cb39ce1871cd992780703df31b8877e4164b55373dc25b40868f64f908f82,pass,0,2026-10-03T06:26:10.846014+00:00,False,ko-codex-v1
d07vxh,B,62a9a9a70a7f390c7fc5570deea3f04650e1d658ff77187be9efbe5c23c87cbe,563418d2351614305077b3c33a44778668d16bfe0beb5b804e376ff412431d30,563418d2351614305077b3c33a44778668d16bfe0beb5b804e376ff412431d30,revised,1,2026-10-03T02:21:32.445992+00:00,False,ko-codex-v1
d07ypz,A,0ceecdf2070f7fb76ad6726603bcd730db7eab0cec3b0de8f0a578c4d71eba5b,75c40d931a8e8fdd52ff48ea7cd88aa11769f9e6fb8b8b3cef50fff9fcb2ddf5,75c40d931a8e8fdd52ff48ea7cd88aa11769f9e6fb8b8b3cef50fff9fcb2ddf5,revised,4,2026-10-03T03:57:15.544364+00:00,False,ko-codex-v1
d07ypz,B,035ef38bff4c73c06be06c14d22acf0c84bfe7a532c4e20856c2c09f770389e4,163401fb15ec281ad6882f88297a2745be766525af41cab4b02193535b1e9a48,163401fb15ec281ad6882f88297a2745be766525af41cab4b02193535b1e9a48,revised,3,2026-10-03T10:51:17.724526+00:00,False,ko-codex-v1
d08ext,A,a3c6f99b104de5fe9f9834dd70fd7cc630f5a765c74c69014e7f799346dd2d15,f8bce43c39c087e14a404cc2e5ce6f2a2107c6e57143f9e85ded3114a4b125dd,f8bce43c39c087e14a404cc2e5ce6f2a2107c6e57143f9e85ded3114a4b125dd,revised,3,2026-10-03T03:53:36.771074+00:00,False,ko-codex-v1
d08ext,B,160165a36358ad5c3b698498962ddbd579058a76e23961e48517696fc6c34e60,160165a36358ad5c3b698498962ddbd579058a76e23961e48517696fc6c34e60,160165a36358ad5c3b698498962ddbd579058a76e23961e48517696fc6c34e60,pass,0,2026-10-02T22:02:56.613476+00:00,False,ko-codex-v1
d0a3bf,A,723a05e6e26e42cd141acfffd27aaddafa7d49539f81b4495bdbf66036100e91,4b75bc45ee2c3e78b8d0484a792d8c82e09028036bf36f09eb013052288b1111,4b75bc45ee2c3e78b8d0484a792d8c82e09028036bf36f09eb013052288b1111,revised,2,2026-10-03T02:58:29.911535+00:00,False,ko-codex-v1
d0a3bf,B,33f4dfea021b747131de5eba2ed7bcb2723c402a3b31a9c41ce209a1c64d3e5e,0de35db81e61ad78f0c261e62de987a310078001533dabb1215bad7c0fa77d9b,0de35db81e61ad78f0c261e62de987a310078001533dabb1215bad7c0fa77d9b,revised,3,2026-10-02T23:37:16.751875+00:00,False,ko-codex-v1
d0a55v,A,28f0605122202a75f15f496f829248121f64d424388daf25bb7ae2d61ebdc39b,8d58a394d121c2524c0f750342593eed1d07eee3563627577c5e6536b99b1bf5,8d58a394d121c2524c0f750342593eed1d07eee3563627577c5e6536b99b1bf5,revised,3,2026-10-03T12:15:17.912405+00:00,False,ko-codex-v1
d0a55v,B,fa117110aa4edc4f9e20dda4b4282c864cd68f6884eac36bd984ad1632e234af,fa117110aa4edc4f9e20dda4b4282c864cd68f6884eac36bd984ad1632e234af,fa117110aa4edc4f9e20dda4b4282c864cd68f6884eac36bd984ad1632e234af,pass,0,2026-10-02T23:39:24.486943+00:00,False,ko-codex-v1
d0c3vc,A,b750e7c266f0d5ed4f1da977f742fa8313437bd3451ef01cd11066d7656fcb0f,1d3eaa5482517b5101c814efab677d01505d009dbcf8e6d3fa5c0bbd6551930a,1d3eaa5482517b5101c814efab677d01505d009dbcf8e6d3fa5c0bbd6551930a,revised,4,2026-10-03T03:20:14.449622+00:00,False,ko-codex-v1
d0c3vc,B,0a7b1edf193389696eb3459c4b1e4ef2b8554373716faa4ee9ee830fe2a81e55,b374db5f0eac5ddba4eaa2565ea3fbf81cea25639d32dacbbc50f13a4d192568,b374db5f0eac5ddba4eaa2565ea3fbf81cea25639d32dacbbc50f13a4d192568,revised,2,2026-10-03T01:07:44.432795+00:00,False,ko-codex-v1
d0em8r,A,7e83baa6271840c3620986f8914125d6a27444b1067d8b1fd572604bea69fc74,6fe283fd0ffea2978ee02fc68fb1d7627d905c64d31a31100db48f4c70820707,6fe283fd0ffea2978ee02fc68fb1d7627d905c64d31a31100db48f4c70820707,revised,4,2026-10-03T07:52:32.195816+00:00,False,ko-codex-v1
d0em8r,B,33b7698a883b3ced345e4df6b6df471ef86a977b2e5a747a0a340e89c487ee3e,5632c7201b0133425563fdd2a07b342fffc8dd83b393eb08070ba7eac90ef58a,5632c7201b0133425563fdd2a07b342fffc8dd83b393eb08070ba7eac90ef58a,revised,4,2026-10-03T07:19:08.785880+00:00,False,ko-codex-v1
d0sboo,A,2e4844bf94b9d261d507166efb9ff6734ccde98ea038503a2ff5ff0ea6aa925a,a30b17e5a5a9c0584d47b6ffbe6574a4f4166f0cfb328b00a2710ab4603bea9e,a30b17e5a5a9c0584d47b6ffbe6574a4f4166f0cfb328b00a2710ab4603bea9e,revised,4,2026-10-03T04:40:08.126718+00:00,False,ko-codex-v1
d0sboo,B,7b496a1f940da40903281ef46e1a6a144a187985d5c8e53763911529ebb76fe4,af8d48a3cff0a91027f27d2cfbfed6895ee6c4008e7437c4cd102a8845370234,af8d48a3cff0a91027f27d2cfbfed6895ee6c4008e7437c4cd102a8845370234,revised,2,2026-10-02T22:37:05.541981+00:00,False,ko-codex-v1
d0ve4x,A,f86be99a4995e1ff9d6091f4416a711b559403c09a9661c37b00cf9539975c0d,999003082f4ebb399c6e93de4f20f595e963df63f61db1b4e2ef67a3745bcc65,999003082f4ebb399c6e93de4f20f595e963df63f61db1b4e2ef67a3745bcc65,revised,1,2026-10-02T21:17:40.188963+00:00,False,ko-codex-v1
d0ve4x,B,8ebc7cc7873055f478795b166a42659e23371c5c9081e37b0dd93ca397199c0a,5d839a30876a6c34cf86dcf81fc869b3d1bf98c313bb059359d0fd785dacc203,5d839a30876a6c34cf86dcf81fc869b3d1bf98c313bb059359d0fd785dacc203,revised,1,2026-10-03T05:53:45.831152+00:00,False,ko-codex-v1
d0yyjb,A,9aa9bd924f3f6b70296241c775b7f2de72fa25f58a913b9689a345e01d92f602,722bdb7dadee6a883c148d19c1b6c0873a1827de422f141331b3be5a3b856bb9,722bdb7dadee6a883c148d19c1b6c0873a1827de422f141331b3be5a3b856bb9,revised,7,2026-10-03T11:45:56.400979+00:00,False,ko-codex-v1
d0yyjb,B,4f7a861a009bb701277693f849abebab631bcc2546fef603b8f9077866e87eee,f597ac4d8de7c7716974bd5e3a4d519a81a527e560e395d8f4584820c19a1ae0,f597ac4d8de7c7716974bd5e3a4d519a81a527e560e395d8f4584820c19a1ae0,revised,2,2026-10-02T21:56:12.164763+00:00,False,ko-codex-v1
d1fbva,A,dcf58fc2b3d85116d776953be5c298392188e08686f01cde00a2e69fcbb73b75,c5d07e78fb774cfade84c8f174c686a5d5c16407e724cebb0e7a35ebbada8257,c5d07e78fb774cfade84c8f174c686a5d5c16407e724cebb0e7a35ebbada8257,revised,5,2026-10-03T06:49:39.287813+00:00,False,ko-codex-v1
d1fbva,B,6885e2a483c03025e71d90fb5a414338891eb382a97a6688c5589783e3b79540,92b4dd782b4f37d5c5bc97819b74d87b47ed4fe887f2ced9f5fe055c3a798a66,92b4dd782b4f37d5c5bc97819b74d87b47ed4fe887f2ced9f5fe055c3a798a66,revised,1,2026-10-03T01:55:45.619592+00:00,False,ko-codex-v1
d1g94x,A,3c184a05af8014f9b0f27812b84e18f4716bae072e32963529b721c8f4cd8fe6,b26250aef696d8f91a9d99aef46e5cbea43646ec9bfa596b58b631e0b48abc1e,b26250aef696d8f91a9d99aef46e5cbea43646ec9bfa596b58b631e0b48abc1e,revised,3,2026-10-03T02:22:14.037376+00:00,False,ko-codex-v1
d1g94x,B,ba30e58b60ff09d4b2980a288657b0e711408b8ee5543a5ed600278532bac110,b6ba5e63c46f20169ccc483d57b69b490e60fe471b602d0af3216c59f6e3b623,b6ba5e63c46f20169ccc483d57b69b490e60fe471b602d0af3216c59f6e3b623,revised,2,2026-10-02T23:53:57.548481+00:00,False,ko-codex-v1
d1k2jg,A,3029ad7b02102fe20b714b5a1711379e73fe065db0e562889489145f573fcc57,57ca2b42cc17d849471d26a336cecd925980bfbd17213ab80e144d3bbf745593,57ca2b42cc17d849471d26a336cecd925980bfbd17213ab80e144d3bbf745593,revised,4,2026-10-03T13:19:41.858012+00:00,False,ko-codex-v1
d1k2jg,B,d81d5d1fe1de9376e04779fa0462dacc6fc14eea820ed49462310000d13e0803,4818599c038033e73ebada7ef4b77c9ae3e3c1568bb148d1f47d7081748aee86,4818599c038033e73ebada7ef4b77c9ae3e3c1568bb148d1f47d7081748aee86,revised,1,2026-10-02T23:44:06.760664+00:00,False,ko-codex-v1
d1kmn8,A,ff80fc7fa4062ac3dc84f7e805e4ca74813d7b7657c655aa62cb4cf78c628a27,eaf8f6a89576531968264b89ed23082c9fecb51480e6c6ce4d2f9bea5bbf5403,eaf8f6a89576531968264b89ed23082c9fecb51480e6c6ce4d2f9bea5bbf5403,revised,2,2026-10-02T23:49:12.881353+00:00,False,ko-codex-v1
d1kmn8,B,0b31d3f86f06f03b0068a13cab2ebb278e2ba0a300b9b9f38c1ea899d0945873,1ba970578ac0947881ea98ed3e05dc600eb850e05ced8f146b6c4c84b5107246,1ba970578ac0947881ea98ed3e05dc600eb850e05ced8f146b6c4c84b5107246,revised,1,2026-10-03T11:34:20.675143+00:00,False,ko-codex-v1
d1rjas,A,e1185212b20ea46aa536a10bd91f423b80a549df64f987ea74adc7863ac0001e,d30c7112ef4a79545fb425a22ac449ebb2e7d961eda1c5034f04aa057e8b1c7a,d30c7112ef4a79545fb425a22ac449ebb2e7d961eda1c5034f04aa057e8b1c7a,revised,4,2026-10-03T05:10:57.225954+00:00,False,ko-codex-v1
d1rjas,B,ccb2b1d490975751bfa7e26ad2fa87974ce5fee62825f28d533e805223cbcd90,ccb2b1d490975751bfa7e26ad2fa87974ce5fee62825f28d533e805223cbcd90,ccb2b1d490975751bfa7e26ad2fa87974ce5fee62825f28d533e805223cbcd90,pass,0,2026-10-03T05:36:19.871170+00:00,False,ko-codex-v1
d1wsqm,A,1c44883d348180403eea384eefd6889da640436c494f8440ac83ff6607d1af6c,e1b2c7ff4cd2a3d5201d098462e8c62dbc13ad8ded9e641503bebfbee3f8d4aa,e1b2c7ff4cd2a3d5201d098462e8c62dbc13ad8ded9e641503bebfbee3f8d4aa,revised,5,2026-10-03T11:55:29.809945+00:00,False,ko-codex-v1
d1wsqm,B,5469827b57d7a55590ec76d9029c16892f99c2304a742d98cffa2f5759a76684,421446d19e3c2a34d940e8c5e159aab3bc02f9c71bc39d037427ad8e8b3d890b,421446d19e3c2a34d940e8c5e159aab3bc02f9c71bc39d037427ad8e8b3d890b,revised,3,2026-10-03T04:16:43.875979+00:00,False,ko-codex-v1
d1x3lv,A,1a9e0ace931776c7fa02d35d2b3ebdb6d7e67f2a0db51bbd612bf4d6b50ee096,1a9e0ace931776c7fa02d35d2b3ebdb6d7e67f2a0db51bbd612bf4d6b50ee096,1a9e0ace931776c7fa02d35d2b3ebdb6d7e67f2a0db51bbd612bf4d6b50ee096,pass,0,2026-10-03T04:28:27.511683+00:00,False,ko-codex-v1
d1x3lv,B,dd6f74a9dc50e7ac4658540cee53e5941c1b3b7defc3673b1dd8fe4aeedba3dd,94b8cec53e5e6c50a1b13b1f5ae7b32ae561b767f3711d8b2fa501785800a84e,94b8cec53e5e6c50a1b13b1f5ae7b32ae561b767f3711d8b2fa501785800a84e,revised,1,2026-10-03T00:30:27.089769+00:00,False,ko-codex-v1
d2avrw,A,f0b33a54546e4f53a9f2b9b351a67f9c07423c68b913efb352e029f18cee9dee,783ef6719f116bd682d12187ad710049660ba5b2b071462e9c7e79f4bcb191aa,783ef6719f116bd682d12187ad710049660ba5b2b071462e9c7e79f4bcb191aa,revised,5,2026-10-03T02:47:54.045649+00:00,False,ko-codex-v1
d2avrw,B,25a2a41b47a3113cc95f61d4e96c7c82d5d5bca9b8f73d0487dbfe20e06142fb,25a2a41b47a3113cc95f61d4e96c7c82d5d5bca9b8f73d0487dbfe20e06142fb,25a2a41b47a3113cc95f61d4e96c7c82d5d5bca9b8f73d0487dbfe20e06142fb,pass,0,2026-10-02T22:33:23.263652+00:00,False,ko-codex-v1
d2lf6e,A,2e13afc3f47127f112441f38f67e43f369c821be4420237dc7ce1753cb0d7b20,7b6634e53008c4a3057bfacbb907368d29ff9d0127e242d33c8af0e5b4551420,7b6634e53008c4a3057bfacbb907368d29ff9d0127e242d33c8af0e5b4551420,revised,1,2026-10-03T00:36:28.282545+00:00,False,ko-codex-v1
d2lf6e,B,08ef17fd6874f76329b0d8940794f67e5c6f2e2ce9191b36b31976ae8ec9c169,25939be7f815c7da2af77276e9096bb030a61075bd16c7fdc20f44a3ce168020,25939be7f815c7da2af77276e9096bb030a61075bd16c7fdc20f44a3ce168020,revised,1,2026-10-03T06:12:22.548131+00:00,False,ko-codex-v1
d2u827,A,b486683485586329695b9f195a818d056dd5fdc26310454f560135bb1ad84690,202049ece6a747de73a64af16efb7d1eb2516c79755f983c3943a17598f22c7b,202049ece6a747de73a64af16efb7d1eb2516c79755f983c3943a17598f22c7b,revised,4,2026-10-03T11:39:53.216342+00:00,False,ko-codex-v1
d2u827,B,b7fe33013227ff6691e19d168f9d293e87b91913f408546b65b7ed8cdc379fbd,6622b4348860e3e414687d263b71e077c004340fa36976eebf64eff5b6cc1a03,6622b4348860e3e414687d263b71e077c004340fa36976eebf64eff5b6cc1a03,revised,2,2026-10-03T08:52:29.682738+00:00,False,ko-codex-v1
d3cb84,A,6550b5061e76e4045e0a45de0dab591c4cce8d69402edbd0c594c83cd360c06a,f11db70a4c1716d936faaa071d6a217d05d67a081988bd5af4880f31faba2da4,f11db70a4c1716d936faaa071d6a217d05d67a081988bd5af4880f31faba2da4,revised,4,2026-10-03T02:17:38.849178+00:00,False,ko-codex-v1
d3cb84,B,9d8838823a98443d80db9771fc6b1c06784e2f97a5ee98feb4c795ddf68a7816,d980ac92694375946060d906cdf50b21560a037f3c479e2def037a588104567d,d980ac92694375946060d906cdf50b21560a037f3c479e2def037a588104567d,revised,4,2026-10-02T21:42:52.916814+00:00,False,ko-codex-v1
d3cih2,A,24bc5ae93c20769c6c5f196e6477de98650d58003899cd256abce5f1d204b1f5,328c0aeaaac9cef8e9ffac0c8acaa94529bd368bd3991d54c78499ba1ad05798,328c0aeaaac9cef8e9ffac0c8acaa94529bd368bd3991d54c78499ba1ad05798,revised,4,2026-10-03T02:26:50.085464+00:00,False,ko-codex-v1
d3cih2,B,0b6363eff2e63a1dacb6c82fa0dbea7e487b3596b9cfe54b7ebafc7b0dd0ce1e,f938c94638bfe9e51a46d00c27ca9fa0c40eb3e6302a4820d4052ba83099a4e9,f938c94638bfe9e51a46d00c27ca9fa0c40eb3e6302a4820d4052ba83099a4e9,revised,1,2026-10-03T11:48:41.515984+00:00,False,ko-codex-v1
d3cw5a,A,990bde60295b052c02b0fa838ee5186d0b243f85f3a60c7f4271074c9efb2591,b43c2f9c9237e60220ffe8fb1ebedca24658d099b36a061aa6684ec1a10208f7,b43c2f9c9237e60220ffe8fb1ebedca24658d099b36a061aa6684ec1a10208f7,revised,6,2026-10-03T06:23:57.142696+00:00,False,ko-codex-v1
d3cw5a,B,84289a700b0adcfdf7ae99cb6532679be093c638ab376d9d38fe01860bf6babf,0df9e04e9d5e739c5452baa6ca723669a5589b78956c215412dc28b701e27500,0df9e04e9d5e739c5452baa6ca723669a5589b78956c215412dc28b701e27500,revised,6,2026-10-03T12:09:28.212421+00:00,False,ko-codex-v1
d3wems,A,21763dcf010382cf157d0abe747886c0c11e5597b1a52dce7a7478773b9caeae,163aa982f16902406eeb365ba7de0773bacce4fbc19c5f4cfaa0fa33796c3d1b,163aa982f16902406eeb365ba7de0773bacce4fbc19c5f4cfaa0fa33796c3d1b,unresolved,3,2026-10-03T08:03:54.145174+00:00,False,ko-codex-v1
d3wems,B,bc2c5a723cd5458c459b8b90408c5dee48cc7a8ae5708d4578be7af059958acf,ad623e1b3d47c20d42402eace5809d615d4a21b5a15a49680eaf4eb157e41f26,ad623e1b3d47c20d42402eace5809d615d4a21b5a15a49680eaf4eb157e41f26,revised,2,2026-10-03T11:46:14.460197+00:00,False,ko-codex-v1
d3zesk,A,763200a5375e29418b3caeff018093c25f1e3d3a8d8ff79288da9395419a5a4d,124c722e14a27f80d3396e19a233022b886a9060a3f8eb31abe53668441e64ea,124c722e14a27f80d3396e19a233022b886a9060a3f8eb31abe53668441e64ea,revised,2,2026-10-02T21:59:42.021400+00:00,False,ko-codex-v1
d3zesk,B,4abbe54baa00fd17847554aa7b883b7bf435ad05ab0721d13c098f224ea92cd1,92d7a6c413128c46f62740277c38d1202f8480e6c3a5b5bd711eb477dc4db626,92d7a6c413128c46f62740277c38d1202f8480e6c3a5b5bd711eb477dc4db626,revised,1,2026-10-03T07:02:46.817938+00:00,False,ko-codex-v1
d45q0c,A,4bf9124f6cf6155bad301086da6f1af2fe556ddf4f0851dea45f3b84cb9141e4,d0f06b4a05e47f14df8978414ec1c2d7efc08ab29e1c6a21552c1878db9afd58,d0f06b4a05e47f14df8978414ec1c2d7efc08ab29e1c6a21552c1878db9afd58,revised,4,2026-10-03T02:31:03.934898+00:00,False,ko-codex-v1
d45q0c,B,edc7893e5eebcd4fd189bdbe0cf08dbf1d3f421a124e313eeb754803049fbc6c,edc7893e5eebcd4fd189bdbe0cf08dbf1d3f421a124e313eeb754803049fbc6c,edc7893e5eebcd4fd189bdbe0cf08dbf1d3f421a124e313eeb754803049fbc6c,pass,0,2026-10-02T23:13:20.130887+00:00,False,ko-codex-v1
d4am6l,A,257c6235bf27b0c1250a39541f37791850989bd3161391ef49f4f4bfbfcbf51b,47873552f61ef8788f45198c38ad772c49dced7a80d1b24bb589d3a0ece3c6c1,47873552f61ef8788f45198c38ad772c49dced7a80d1b24bb589d3a0ece3c6c1,revised,5,2026-10-03T07:19:48.369195+00:00,False,ko-codex-v1
d4am6l,B,fee13b964f0bdccf8681e2d32644b5117db70cfbd3c054ef94ad797e5198ab80,8dcd3d54f28abbde2b5c5118e288a998b4190b9d6e6f1a9ccd02fe1e7fd0a487,8dcd3d54f28abbde2b5c5118e288a998b4190b9d6e6f1a9ccd02fe1e7fd0a487,revised,2,2026-10-03T03:44:25.557765+00:00,False,ko-codex-v1
d4cxol,A,a07ef93dfbe805521ce2b87e259aad97409db7654321e43ce5787d1c096d4a07,8c01b67ea41cdc221a7e0fff74e590412cdd861d2c7087b34d5e5f06bf7a1fe1,8c01b67ea41cdc221a7e0fff74e590412cdd861d2c7087b34d5e5f06bf7a1fe1,revised,6,2026-10-03T10:43:15.330827+00:00,False,ko-codex-v1
d4cxol,B,06b12c93892d166ec4e016061f9e9de5f6be3a74f34c8f2e76a0fa53883cbb24,8b4f83b6ef8082846c045e00affb4e758ef2adb1260da3523e2587f6749f6032,8b4f83b6ef8082846c045e00affb4e758ef2adb1260da3523e2587f6749f6032,revised,3,2026-10-03T12:20:23.274920+00:00,False,ko-codex-v1
d4h3eb,A,db79a3a51f3c25e31028c1f8d7873ad7183c6b02dff4512b43c751bd4258ca17,885ebd17a10e2c58f7dcfc360ddcb7cac5c81a86160ddc40de41c99e51ec5fbc,885ebd17a10e2c58f7dcfc360ddcb7cac5c81a86160ddc40de41c99e51ec5fbc,revised,2,2026-10-03T04:26:02.955311+00:00,False,ko-codex-v1
d4h3eb,B,3df401b316ade40ce4c81355bc554e9aa3f9477100cf6be2840c1d9286b5a31e,3df401b316ade40ce4c81355bc554e9aa3f9477100cf6be2840c1d9286b5a31e,3df401b316ade40ce4c81355bc554e9aa3f9477100cf6be2840c1d9286b5a31e,pass,0,2026-10-03T11:14:21.118861+00:00,False,ko-codex-v1
d4o6cy,A,301a68b8aa7c1ef7b328930849e0ec6ff7faf099496502172eda54f78eea9491,f0943eca546266ba2d07b92407a4573e567ab8ccce7c5cc098e9062df95f9d9d,f0943eca546266ba2d07b92407a4573e567ab8ccce7c5cc098e9062df95f9d9d,revised,5,2026-10-03T04:07:38.154686+00:00,False,ko-codex-v1
d4o6cy,B,29b8d006e481d4a068cd6119490ca51346b699d74f1a624e4cf060e75c244afb,29b8d006e481d4a068cd6119490ca51346b699d74f1a624e4cf060e75c244afb,29b8d006e481d4a068cd6119490ca51346b699d74f1a624e4cf060e75c244afb,pass,0,2026-10-03T01:37:14.494882+00:00,False,ko-codex-v1
d4puvd,A,484a56217e3e30505568a19f99056469198e8d749aa5c44512c6e62b2a072cc8,a79b387b537f11b94cdd8bd3a9a257add52091d85458a385fc0237f794927d5d,a79b387b537f11b94cdd8bd3a9a257add52091d85458a385fc0237f794927d5d,revised,3,2026-10-03T05:39:14.731343+00:00,False,ko-codex-v1
d4puvd,B,8ceb6299d6fcb1e68d64da1ed6b8d2857c0a3e0881aefec0a6100ac213169141,d1caa40775168cfc12a492d43283eb631376ac0fcde3fc565d91bd1982f8fcf0,d1caa40775168cfc12a492d43283eb631376ac0fcde3fc565d91bd1982f8fcf0,revised,2,2026-10-02T21:32:23.822012+00:00,False,ko-codex-v1
d4rtvi,A,2d235d6946c2bc2c77acdb28edf331d0672eacd5f9585ec1f58548117a50b8bc,d0120ab3466143b47ca8748bf481f1b21f4ba163b132284e3b76f38aa195f41f,d0120ab3466143b47ca8748bf481f1b21f4ba163b132284e3b76f38aa195f41f,revised,5,2026-10-03T03:33:30.352060+00:00,False,ko-codex-v1
d4rtvi,B,3241f71b6ca69b35cc1c9c5de05e46b414d6a84c4eb3c552ba94e2d76e77e88e,148403138cafadf5dc0116c9dbf1dec5043a3db827479d046380aac60f34fc33,148403138cafadf5dc0116c9dbf1dec5043a3db827479d046380aac60f34fc33,revised,2,2026-10-03T02:30:30.291880+00:00,False,ko-codex-v1
d4z570,A,b8b84f36a50672a065709297233726bcae1fae4e5b76717f99bd4373bd171e25,1c85d53a04b7d74c788464a3c95b14f8d1de0af40eb8d4c5491b4deaa917c633,1c85d53a04b7d74c788464a3c95b14f8d1de0af40eb8d4c5491b4deaa917c633,revised,7,2026-10-03T03:37:48.017807+00:00,False,ko-codex-v1
d4z570,B,94d4954e6f276d2109ade2dff66f4a8dc18fa5d2a55280ebe9b08a68d5bac99d,94d4954e6f276d2109ade2dff66f4a8dc18fa5d2a55280ebe9b08a68d5bac99d,94d4954e6f276d2109ade2dff66f4a8dc18fa5d2a55280ebe9b08a68d5bac99d,pass,0,2026-10-03T08:26:49.811082+00:00,False,ko-codex-v1
d5b4rh,A,bf5038ec6a5a47efa1b441fcbccc5ab257dbaeca4697479fef7550241e088a18,1e750b7fab834a7799633179c017a628dea0cea2131b2c89b4788a672b03541d,1e750b7fab834a7799633179c017a628dea0cea2131b2c89b4788a672b03541d,revised,4,2026-10-02T22:55:36.461494+00:00,False,ko-codex-v1
d5b4rh,B,f6e54f40be32647bbf478c2b61be4a9694982ebb73ea36542193b020a48bc519,7c723ca37185b5db60a639d69458a879597ce03f9ccf4e8d1d75348475a8b054,7c723ca37185b5db60a639d69458a879597ce03f9ccf4e8d1d75348475a8b054,revised,3,2026-10-03T00:23:14.344605+00:00,False,ko-codex-v1
d5n2pa,A,ebfc1e7c13faeaa879fc9e07bc1a0a31c919e45d57f87f056bd2138ee7252d48,9e1e631cf4c1bfadda57f90499e070a6b5d01e60e6f77244091c807a1086bdeb,9e1e631cf4c1bfadda57f90499e070a6b5d01e60e6f77244091c807a1086bdeb,revised,3,2026-10-02T21:56:26.511288+00:00,False,ko-codex-v1
d5n2pa,B,b6d63afe7763addd145b35fff2f18f8aa559fe78e88612abed5b81b93ea38a2d,25f2f35daa57360dcc2bbb8b11ad23e7d7382b289c0ea62324fdb71345f77eb6,25f2f35daa57360dcc2bbb8b11ad23e7d7382b289c0ea62324fdb71345f77eb6,revised,3,2026-10-03T11:22:19.530151+00:00,False,ko-codex-v1
d5qjcy,A,cb704ca76d49736237925e9c3e466d1a179e537aa51fe88f3ec7ef3d40d42dc6,b23cd88f07c990ef5acffd97c2e235630b4c02dc1cd497b871376d1d980030cd,b23cd88f07c990ef5acffd97c2e235630b4c02dc1cd497b871376d1d980030cd,revised,5,2026-10-03T08:26:34.316228+00:00,False,ko-codex-v1
d5qjcy,B,727af953ffe35b21990974ff3397635a03aea4ae176ecc4e1083905a051cf224,c7e8be876a71b0b44f0ee82c4c16a99a1c946b68d0cc7bb9a1ea2b55230664d5,c7e8be876a71b0b44f0ee82c4c16a99a1c946b68d0cc7bb9a1ea2b55230664d5,revised,2,2026-10-03T07:52:46.091665+00:00,False,ko-codex-v1
d5vkn5,A,545e258d95896df226f9dab4947e6650bb86de94db0183bc1b2eb8fddff3f380,df45573d6cf81613863d5161711cb3cdaed9600be1c6adb864cffdd7a5e2c727,df45573d6cf81613863d5161711cb3cdaed9600be1c6adb864cffdd7a5e2c727,revised,1,2026-10-03T11:02:28.562743+00:00,False,ko-codex-v1
d5vkn5,B,0a1ea674ef4d32cf19f620a8755c00c246e58185809b024ea80b93a6a1d31034,0ede343bc86f75aec0a09ce6be2e363f654addbe9988393a76471870bcb835a2,0ede343bc86f75aec0a09ce6be2e363f654addbe9988393a76471870bcb835a2,revised,3,2026-10-03T08:20:57.185748+00:00,False,ko-codex-v1
d60dyh,A,dfb7016439fcc7e3cd5111a965849cd362ea8d102cb37f6a45522f5f2618f85c,202644ae16cc352407a2b27fc54c16c5f5f670e15c3271bbc259af082db1f4c5,202644ae16cc352407a2b27fc54c16c5f5f670e15c3271bbc259af082db1f4c5,revised,1,2026-10-03T04:08:11.917164+00:00,False,ko-codex-v1
d60dyh,B,4378c049049d40cb23d0dccb22034f3e54ae775fe6a37daef5ad809d170449a7,f08cde9532ea78d2a3aa2d0be94b15fb0087dd672b49baeedb980587d04dedee,f08cde9532ea78d2a3aa2d0be94b15fb0087dd672b49baeedb980587d04dedee,revised,2,2026-10-03T05:49:35.183974+00:00,False,ko-codex-v1
d61ak3,A,969dc90541c0a3bb52022b151092b3f6539ccb2dfe0cf48e357b62c62846f92b,59f9f9231f7c01494e3b96f77155da09a3788de1140bdb9881dca8c3b3c3ca48,59f9f9231f7c01494e3b96f77155da09a3788de1140bdb9881dca8c3b3c3ca48,revised,1,2026-10-03T12:02:33.929487+00:00,False,ko-codex-v1
d61ak3,B,95fadf0277bdfe723708e6831963a004c62ac989ad2663f2bdfb22ad19d8acbd,95fadf0277bdfe723708e6831963a004c62ac989ad2663f2bdfb22ad19d8acbd,95fadf0277bdfe723708e6831963a004c62ac989ad2663f2bdfb22ad19d8acbd,pass,0,2026-10-02T23:18:25.606701+00:00,False,ko-codex-v1
d6f1ee,A,242a998dc379ce2e9a0c64dc9de7056b3f8144fa1a2aa61b9b7e970a6a499ea4,04dd83c7dcf6f07bcfb106e2bedc2a33570074dec8d75960dd3e53e1586f868e,04dd83c7dcf6f07bcfb106e2bedc2a33570074dec8d75960dd3e53e1586f868e,revised,3,2026-10-03T05:35:09.623697+00:00,False,ko-codex-v1
d6f1ee,B,43f637bf576fc34ddfc9a987e3cf23800b4b2bbd6042a3284a7d6a6ee464fd25,cd18ef36dd70bc165b5d52104a25c9dd695a23ded30988e0d879deeff77ee43c,cd18ef36dd70bc165b5d52104a25c9dd695a23ded30988e0d879deeff77ee43c,revised,4,2026-10-02T21:52:56.384436+00:00,False,ko-codex-v1
d6hk2i,A,8c8cb5ba8cc984628e767223fe225c798baddbc790a2dedcb1be19bd4583a463,25fc55850a0edf3aeb6ac3b20195049fe9a159f95288871852471b9cb4f16d45,25fc55850a0edf3aeb6ac3b20195049fe9a159f95288871852471b9cb4f16d45,revised,2,2026-10-03T02:42:57.819873+00:00,False,ko-codex-v1
d6hk2i,B,41aeb5f5cf77cf3f2a1dc608020e9e5faedc619a26e5b25291bf1c25c5d2d1cb,41aeb5f5cf77cf3f2a1dc608020e9e5faedc619a26e5b25291bf1c25c5d2d1cb,41aeb5f5cf77cf3f2a1dc608020e9e5faedc619a26e5b25291bf1c25c5d2d1cb,pass,0,2026-10-02T21:40:57.999078+00:00,False,ko-codex-v1
d6ynfu,A,af7cea582fcba19c263716c5a4fed2b81deb4d38a2ed2a0f5ed54fe9b1c53215,af7cea582fcba19c263716c5a4fed2b81deb4d38a2ed2a0f5ed54fe9b1c53215,af7cea582fcba19c263716c5a4fed2b81deb4d38a2ed2a0f5ed54fe9b1c53215,pass,0,2026-10-02T23:26:51.055556+00:00,False,ko-codex-v1
d6ynfu,B,a6a0dbad46ef65088ba6fdd50cb0a7d42704bd3885d4a27419318cc51f19a86d,8616f095b79e670e9ac060b56f921495b3ab150e4ab188b7c24074ceaff20f21,8616f095b79e670e9ac060b56f921495b3ab150e4ab188b7c24074ceaff20f21,revised,2,2026-10-03T02:42:25.210367+00:00,False,ko-codex-v1
d6zs4i,A,034be49e4d612bc0a9993fceccce2e6aedfac412289e8abe160a056ac9b9259b,e4ab29a41b5baa0aee8a66bb64ed1f1b6ccab6db792f2d5c0c5f35b5a0b0ba4f,e4ab29a41b5baa0aee8a66bb64ed1f1b6ccab6db792f2d5c0c5f35b5a0b0ba4f,revised,1,2026-10-02T22:02:08.200741+00:00,False,ko-codex-v1
d6zs4i,B,aea9b59a0169e37c8ea8d68fb3d650be4286254ac9e96aa10cd167c43a9da170,0223aa055b2831b7238267afade6736e766b73dc65fa352b6a04afa699ce0278,0223aa055b2831b7238267afade6736e766b73dc65fa352b6a04afa699ce0278,revised,1,2026-10-03T11:54:36.798780+00:00,False,ko-codex-v1
d700x0,A,871a43a6af5103e32d314d5f63ec785542ff92ea306933213d2d8fde7bbda5db,60c5d2ca96fef6f78a21128e61b26565ed93682eca160fe83c953429bbf0c88c,60c5d2ca96fef6f78a21128e61b26565ed93682eca160fe83c953429bbf0c88c,revised,2,2026-10-02T21:49:40.557035+00:00,False,ko-codex-v1
d700x0,B,b49f20d86148ddfda470a2de757e3b443dd9124aeddb21060ed9f53b7757de8b,b49f20d86148ddfda470a2de757e3b443dd9124aeddb21060ed9f53b7757de8b,b49f20d86148ddfda470a2de757e3b443dd9124aeddb21060ed9f53b7757de8b,pass,0,2026-10-03T05:21:53.536028+00:00,False,ko-codex-v1
d75pn7,A,ef85f167f126f2d1e9f52aeed6574eeaeaee378dfe23884487927cfd3c14118a,a3c6178136e46fc074b572fc836106fc1b778b1f1139a9fc3df01c6e0abff43c,a3c6178136e46fc074b572fc836106fc1b778b1f1139a9fc3df01c6e0abff43c,revised,4,2026-10-03T08:46:56.541770+00:00,False,ko-codex-v1
d75pn7,B,1fd0a4cddbd2538cfcd23995486293535cfe0168efdfada19559d62b6be44546,d8c3dd7a506a3185c2b1fd664dac1023aafdf556e69f7bc9003dccfc36c28dcb,d8c3dd7a506a3185c2b1fd664dac1023aafdf556e69f7bc9003dccfc36c28dcb,revised,2,2026-10-03T02:17:27.850778+00:00,False,ko-codex-v1
d762lv,A,25c758c2f410e866c0225da5b1ce12376aba62bfbeec81d1bccf6367755274b4,d6703e4631b36c075d7e6857b19d41ae475bcd159476ca50c34803d700e8ef2c,d6703e4631b36c075d7e6857b19d41ae475bcd159476ca50c34803d700e8ef2c,revised,7,2026-10-02T22:56:55.233037+00:00,False,ko-codex-v1
d762lv,B,f2e6cdaa2e339103181209c0d4d9b891c9ba36f65e9c13f0956d8cbb9eea227e,fea82c84959beb26964f189052597e9063ffa888d6c535df01eae80efdbc4ffa,fea82c84959beb26964f189052597e9063ffa888d6c535df01eae80efdbc4ffa,revised,3,2026-10-02T23:33:37.746441+00:00,False,ko-codex-v1
d797ew,A,56727b16240d8bfb87a800e617b510d319c1e3335c919d05bcb5cbf7ac0c0321,f2842510dbd536e5b7affc1f01d4f4f83b5b7a1c509dfa9375ae36b3e3f174e6,f2842510dbd536e5b7affc1f01d4f4f83b5b7a1c509dfa9375ae36b3e3f174e6,revised,2,2026-10-03T07:45:38.693420+00:00,False,ko-codex-v1
d797ew,B,841e861505bbdea122751bd0cb4c3084380889999244ba125039fb237b9219cf,60b3693f68bb68b50bf65c8db9d620d845a4c726c7d6ba8473e375b45ba5bb93,60b3693f68bb68b50bf65c8db9d620d845a4c726c7d6ba8473e375b45ba5bb93,revised,3,2026-10-03T04:34:47.465400+00:00,False,ko-codex-v1
d7d60a,A,8b7a5d3dadcc5f28fb1665a4c5651ae348971d98f750d3b874c7de363781f65f,2bc0d55e6cc606072e64b5b95d26fab53e5e85f892dd2aef2f3a8e231d9148e7,2bc0d55e6cc606072e64b5b95d26fab53e5e85f892dd2aef2f3a8e231d9148e7,revised,4,2026-10-03T03:03:20.558150+00:00,False,ko-codex-v1
d7d60a,B,82d629dfe7cdaaeb4efac3a9cbf0c65beb606db96714930c6c694d88e3ccb522,4ddc63107b5fae5a395a86896e1c723bdb5bd0fb749371cbb4a2226daccf651d,4ddc63107b5fae5a395a86896e1c723bdb5bd0fb749371cbb4a2226daccf651d,revised,3,2026-10-02T22:42:58.805295+00:00,False,ko-codex-v1
d7gim3,A,67d4cebdc9b676e3713cf83f6f7a6efcf7d9e25b8be71e6caa0a186733fd5bf9,f72293a96b3856bcf6df7d0d6bd0174338058b6e304960d64e4f65dc8900ddd2,f72293a96b3856bcf6df7d0d6bd0174338058b6e304960d64e4f65dc8900ddd2,revised,3,2026-10-03T01:37:55.284433+00:00,False,ko-codex-v1
d7gim3,B,e200e2af9f8dbc29e6f9dc61f17f14bb4896850a4eaaee8b2be7af7ad1a4252e,fb2ded7923b3c3e1c40185730994bb3997ecb641aa97d559afde154468f317f8,fb2ded7923b3c3e1c40185730994bb3997ecb641aa97d559afde154468f317f8,revised,3,2026-10-03T02:21:50.010673+00:00,False,ko-codex-v1
d7l5mz,A,2a8e391c09eefb2540cc46ad14f281914e927e568223b9b0684a7bdf751890e2,794b857a864fc7dfd25459ff0046b62d9f5779958d533463bca44477e78eb311,794b857a864fc7dfd25459ff0046b62d9f5779958d533463bca44477e78eb311,revised,4,2026-10-03T08:16:20.992091+00:00,False,ko-codex-v1
d7l5mz,B,2536c1ab29239d50bb06924ba405d6c920b7afeb26c4e42a8164fb490899c207,46790bc827815b936a00456d1de1ae7c966698f2d046395fc66a9d987214936b,46790bc827815b936a00456d1de1ae7c966698f2d046395fc66a9d987214936b,revised,1,2026-10-03T01:04:52.296966+00:00,False,ko-codex-v1
d7m3uc,A,7f672544a4a88713910ddeb041a47c124481860da468d445176a4cba0f774605,7f36da7edf06cb7ab812a0455181fe951a584c5c62415bda461ad57cbd622892,7f36da7edf06cb7ab812a0455181fe951a584c5c62415bda461ad57cbd622892,revised,5,2026-10-03T01:46:18.859598+00:00,False,ko-codex-v1
d7m3uc,B,adaee8b22fd3f30aeef2b073e096b2f0be515a9ed8d0913e34180ddba188dc5c,adaee8b22fd3f30aeef2b073e096b2f0be515a9ed8d0913e34180ddba188dc5c,adaee8b22fd3f30aeef2b073e096b2f0be515a9ed8d0913e34180ddba188dc5c,pass,0,2026-10-03T05:11:29.142801+00:00,False,ko-codex-v1
d7oikj,A,0d52c78a7401cab4b2e504f0674e27ac61ccdbbfd8dc2f430a9083e010be6d97,8b67d4512a8cc8c5ebc49dad9f5e19686953e90c2db9a8aa78307adb21e08eea,8b67d4512a8cc8c5ebc49dad9f5e19686953e90c2db9a8aa78307adb21e08eea,revised,2,2026-10-03T02:31:49.664700+00:00,False,ko-codex-v1
d7oikj,B,70e548a153feaaabfc1ed8a2d9da1beadb2bb86abf695d759f4ae468810456dc,9a264449b9f1c41725da253ce4dcd5bd2264759689d5f24d6380d10ccf90dc0b,9a264449b9f1c41725da253ce4dcd5bd2264759689d5f24d6380d10ccf90dc0b,revised,2,2026-10-03T02:20:25.537636+00:00,False,ko-codex-v1
d7umn0,A,19449a3514064a65c9b1cca73a7ef4494d70a167516d0f7aa8dfb35f18e0e7d6,e228cdfdc0dc13b4d444cd7e7b94673b1a917dba07179d7d0ce83cd40eefbf5f,e228cdfdc0dc13b4d444cd7e7b94673b1a917dba07179d7d0ce83cd40eefbf5f,revised,2,2026-10-03T11:12:29.119982+00:00,False,ko-codex-v1
d7umn0,B,00ff26b802d2cbda37b55d9e36e1d99a0211709a62ed06d94be729782297a9ef,72470c6c7ba9b6c515834ce9a929e5dfa97b32c49581be3a806704a3a99b52dc,72470c6c7ba9b6c515834ce9a929e5dfa97b32c49581be3a806704a3a99b52dc,revised,4,2026-10-03T08:27:31.854087+00:00,False,ko-codex-v1
d7xicn,A,a42ed36a7507e6bfc22e302d109e1771c5283cd5180dbb521a6db9dc79c01a8e,a42ed36a7507e6bfc22e302d109e1771c5283cd5180dbb521a6db9dc79c01a8e,a42ed36a7507e6bfc22e302d109e1771c5283cd5180dbb521a6db9dc79c01a8e,pass,0,2026-10-03T11:58:51.408940+00:00,False,ko-codex-v1
d7xicn,B,22d95fe9754eeccc45ba5d8e5284c3480e72790d10caf91a7bd8a88aa9730a7b,e0acf58fac37ddb3a4f2992ff21426cf26d30c21440d94d82c99f1abde0c477d,e0acf58fac37ddb3a4f2992ff21426cf26d30c21440d94d82c99f1abde0c477d,revised,4,2026-10-03T00:21:02.586775+00:00,False,ko-codex-v1
d86sk7,A,070727f17a0b336f3d953ff758fbbf97425b5f2807c0dfa12643f743a5863659,f5f4f9a35d98b80aeae4f157e4677b417bba66c7195516f1e18559017e41944e,f5f4f9a35d98b80aeae4f157e4677b417bba66c7195516f1e18559017e41944e,revised,4,2026-10-03T05:02:52.950699+00:00,False,ko-codex-v1
d86sk7,B,57146d6280be015c6e6bc5c6a961f92367586ec3fc10b8c78fd513e06f4ce91b,8d1116ec86ae973733930ed792008372e479b6c042e076b7650882773b007900,8d1116ec86ae973733930ed792008372e479b6c042e076b7650882773b007900,revised,2,2026-10-03T02:16:58.889518+00:00,False,ko-codex-v1
d8840v,A,3196527fbab8ac2d697cc7ed5f584cdf15f774d5edc135ff4bc2a2cb3b7160c6,ced4932f00c3ee7e86881d03b8855d3adf9b187c28c250151bd4e23e94d84bfe,ced4932f00c3ee7e86881d03b8855d3adf9b187c28c250151bd4e23e94d84bfe,revised,5,2026-10-03T05:33:52.731193+00:00,False,ko-codex-v1
d8840v,B,1dd57df032d7903bf3c45dcc4613bfeee7cde6573635d11bde9a2569c2523cb2,65dbd0800ea08268643dc5910efc761685e266557d6dd3dead70fdafeef49f68,65dbd0800ea08268643dc5910efc761685e266557d6dd3dead70fdafeef49f68,revised,5,2026-10-02T22:47:48.833970+00:00,False,ko-codex-v1
d894pv,A,8350189893b40c9142b7ceb2e666834ad3be1e11cab2ce6fae3ba70697866189,bf9bc25ba521e6745c56a53d81df5b5e2399be93d72d91a00cd603a64c369bd7,bf9bc25ba521e6745c56a53d81df5b5e2399be93d72d91a00cd603a64c369bd7,revised,1,2026-10-03T06:54:50.752615+00:00,False,ko-codex-v1
d894pv,B,0c2432e25a00e67596e9ad89e80841fe3e3e78ca654ed8a4706f42e11507c93c,42999d1fad863ae78e12bde1c1b435a21ddad2122ee1d0345026673bb5264520,42999d1fad863ae78e12bde1c1b435a21ddad2122ee1d0345026673bb5264520,revised,1,2026-10-03T02:59:48.479652+00:00,False,ko-codex-v1
d8ay88,A,1f7a77a5c52e5da6aeaeb958ca4f15180489dd7483dc313b9a7d594c2c6acbe1,d8080a7eb2bf519f221144ae6267a0492493894b0d7ec49a2fc9e0f8847623e5,d8080a7eb2bf519f221144ae6267a0492493894b0d7ec49a2fc9e0f8847623e5,revised,3,2026-10-03T12:22:19.677905+00:00,False,ko-codex-v1
d8ay88,B,fd555da6e3609044f114602b4d8f28cc1f8af30efa5827ef5b98fa4d1061c8ab,f7c0f2076a2f790708468dd28dbaed5e19324f8879860ca1a3c995d8f8aee71b,f7c0f2076a2f790708468dd28dbaed5e19324f8879860ca1a3c995d8f8aee71b,revised,2,2026-10-02T23:40:28.991408+00:00,False,ko-codex-v1
d8d1ko,A,0b78cc39905e17dc91304c2d048692eaa4796674d1948fda893d67e8b5594216,e8536b603df4fcb9f61c3e83721eafd1aa2d9aa9c2177f145011d681d976b04e,e8536b603df4fcb9f61c3e83721eafd1aa2d9aa9c2177f145011d681d976b04e,revised,2,2026-10-03T04:27:49.148348+00:00,False,ko-codex-v1
d8d1ko,B,7bd8de4bc8418d371a53907ec140589e691d111edd1c5c5cc65685507bca9e9c,7bd8de4bc8418d371a53907ec140589e691d111edd1c5c5cc65685507bca9e9c,7bd8de4bc8418d371a53907ec140589e691d111edd1c5c5cc65685507bca9e9c,pass,0,2026-10-03T00:12:36.071761+00:00,False,ko-codex-v1
d8eakm,A,45311815f7af1041b5d59d05e814f546c93a2c6e1c851a810f58717a63ce72ef,15c99b5966fecefb7c8b0641426016d061262cba38a1fe894d1efcf9f72d3422,15c99b5966fecefb7c8b0641426016d061262cba38a1fe894d1efcf9f72d3422,revised,3,2026-10-03T05:47:33.171672+00:00,False,ko-codex-v1
d8eakm,B,4f79ae86265207d4c4a7a776be80cdac0b6fe3af97eb316814bf3de14934b48f,c37611adee9da0155167054fdc37a2946a1cfcb61f12ecefb20e0a87803fa505,c37611adee9da0155167054fdc37a2946a1cfcb61f12ecefb20e0a87803fa505,revised,4,2026-10-03T10:51:43.244663+00:00,False,ko-codex-v1
d8f8ui,A,70888ed2c940efd0ec56deab2e0291368da1423802ab73a0651b45c9a851ea63,306de964e37e891a86003df696bc66b3f0f9f790a0106f0554e17a64438e4110,306de964e37e891a86003df696bc66b3f0f9f790a0106f0554e17a64438e4110,revised,2,2026-10-03T02:58:03.724475+00:00,False,ko-codex-v1
d8f8ui,B,8faf15b8e2dfa90909074e715f3750a2d812e687835a158458d546a18990cdc7,8faf15b8e2dfa90909074e715f3750a2d812e687835a158458d546a18990cdc7,8faf15b8e2dfa90909074e715f3750a2d812e687835a158458d546a18990cdc7,pass,0,2026-10-03T10:43:11.986993+00:00,False,ko-codex-v1
d8htx8,A,d66dbd477e0d808301f5c2fea4396982c2fa9b243e5ca62717646a17c28bbd61,b32ca79fce36a1faf0cb5480c434da919ecdade0d9162aa2a8aa1ce5bdb04ec0,b32ca79fce36a1faf0cb5480c434da919ecdade0d9162aa2a8aa1ce5bdb04ec0,revised,3,2026-10-03T07:18:02.705596+00:00,False,ko-codex-v1
d8htx8,B,92256a2c4d2e16b991c164439b8761aa51f94f7386549dbfcbdcb294ee478a5e,ae85c415ae7be8114ed37aacbd5ac8e6a78078f62258e47990d1b4fe6e52f7b4,ae85c415ae7be8114ed37aacbd5ac8e6a78078f62258e47990d1b4fe6e52f7b4,revised,4,2026-10-03T06:35:32.580012+00:00,False,ko-codex-v1
d8ofun,A,b7d3cc5f879e442ee08d43a50271540520476a1d4cfe76905607152fffd4d99c,6a4e3992c5597da807156d492ad965ac4a0a2b2152adfd269901eb21cc287053,6a4e3992c5597da807156d492ad965ac4a0a2b2152adfd269901eb21cc287053,revised,4,2026-10-03T04:59:03.500044+00:00,False,ko-codex-v1
d8ofun,B,2e25094200503b1e7a70b0345c47cd7b5529f25cf30c022c171246af0e43db80,3b697f2e8c01442d2cb3c2b5c2fe0177537617d3cf2f0df196257805c11ae72e,3b697f2e8c01442d2cb3c2b5c2fe0177537617d3cf2f0df196257805c11ae72e,revised,4,2026-10-03T06:30:15.915401+00:00,False,ko-codex-v1
d8pvd1,A,c464ba2a60eb06fc3dac826563e753297fbe03da54ee73abf714e796007ce58c,b72a4a0c764651a8de2f69e25cb1bcdf004c069715d9cfeb9dc3ca5de6b40533,b72a4a0c764651a8de2f69e25cb1bcdf004c069715d9cfeb9dc3ca5de6b40533,revised,5,2026-10-03T08:55:08.103481+00:00,False,ko-codex-v1
d8pvd1,B,170332db53e5fa0e2655d7f638d77c1cd932c7d2fc371816b3e204d83f2afccf,170332db53e5fa0e2655d7f638d77c1cd932c7d2fc371816b3e204d83f2afccf,170332db53e5fa0e2655d7f638d77c1cd932c7d2fc371816b3e204d83f2afccf,pass,0,2026-10-03T07:00:36.533072+00:00,False,ko-codex-v1
d8y2wd,A,f68844b730549ed12e3bc0522b41e2879d20120ed05906031527c682212a2361,59f1e3ad8a553c2541801bf107b3f7cab02e23a0bbd762382de1b97dd99b92c6,59f1e3ad8a553c2541801bf107b3f7cab02e23a0bbd762382de1b97dd99b92c6,revised,6,2026-10-03T10:56:29.284156+00:00,False,ko-codex-v1
d8y2wd,B,c26c39bb3e647fdcb933dda302e82583ac1c567d1fd2565dac5328f14f8af80f,c26c39bb3e647fdcb933dda302e82583ac1c567d1fd2565dac5328f14f8af80f,c26c39bb3e647fdcb933dda302e82583ac1c567d1fd2565dac5328f14f8af80f,pass,0,2026-10-02T23:46:24.758982+00:00,False,ko-codex-v1
d8yzey,A,3c541c89e3945ee3da6c2b3d3b8c32b2248aa35ee4932ec9a830163b6d2f275f,fcabc88542f578131815bd218cca12b0f37b3ec37048bd7b3d79f90abc3542f5,fcabc88542f578131815bd218cca12b0f37b3ec37048bd7b3d79f90abc3542f5,revised,4,2026-10-03T06:34:13.264396+00:00,False,ko-codex-v1
d8yzey,B,dd7e626186fc13ab2b31df297f0f050e6159d9dadb6a611aeef6af48f7cfeab0,be11c2defaf5a1c1212681f83b9c90dd681dd61049970348cfff01c4d4829a86,be11c2defaf5a1c1212681f83b9c90dd681dd61049970348cfff01c4d4829a86,revised,3,2026-10-03T05:48:27.291639+00:00,False,ko-codex-v1
d98coi,A,455c57820b762e56ca414ba9d0b6675ddd81b1fbce05e733f51e5571c55e21ae,455c57820b762e56ca414ba9d0b6675ddd81b1fbce05e733f51e5571c55e21ae,455c57820b762e56ca414ba9d0b6675ddd81b1fbce05e733f51e5571c55e21ae,pass,0,2026-10-03T10:50:28.868664+00:00,False,ko-codex-v1
d98coi,B,f16fc07b1415227d32124cc9578684c82918201dca76f0b1fa1a39e49fd05b98,74e899ac1b57af37b6a9510730d25e06ec459b6511f38545a3a442ea2472d327,74e899ac1b57af37b6a9510730d25e06ec459b6511f38545a3a442ea2472d327,revised,1,2026-10-03T00:39:17.125108+00:00,False,ko-codex-v1
d98w0d,A,6379d2cb757542c2cb62ce5d0268ece51bf129b354415191c7ab676400749147,bd55d4e3512e0854c1f3ea3ca0339a4532c3d3682b56bc9093ab395d03dff9cc,bd55d4e3512e0854c1f3ea3ca0339a4532c3d3682b56bc9093ab395d03dff9cc,revised,4,2026-10-02T23:31:01.492212+00:00,False,ko-codex-v1
d98w0d,B,bfc616461c0570332d1190baa650801ced4779be80c5bbec3bfa58c2d7045b7d,156eacaff33d5daf63b7f190ba73819268be36c7b4e22323c752b7e5eb97a334,156eacaff33d5daf63b7f190ba73819268be36c7b4e22323c752b7e5eb97a334,revised,1,2026-10-03T03:53:07.442340+00:00,False,ko-codex-v1
d9a94o,A,a0f011c615415198c9f2eb0391190852cf57a2c9cb4d0db1090fd5198a0bdb17,1557080787cabbb480411c8c271bbb12b52094106c9a2173ea77f1668f087f8c,1557080787cabbb480411c8c271bbb12b52094106c9a2173ea77f1668f087f8c,revised,3,2026-10-03T02:05:00.551367+00:00,False,ko-codex-v1
d9a94o,B,dd5a3619d24ce00338ea05cef81e9387e198457be1764ea959b008fd8e2459d0,c7a4b545cf0d6169a65953617e39002a6d5c07cbb09c788bcc3212c2a90b4dcd,c7a4b545cf0d6169a65953617e39002a6d5c07cbb09c788bcc3212c2a90b4dcd,revised,1,2026-10-02T23:15:39.611616+00:00,False,ko-codex-v1
d9fep2,A,612ed17b09e894f3912435e977e64f793a85b5df06ea57c5fafeda4c0b2d2d08,8de1593dc96fe350c07b80c5596e071b8171716bd8feaac04ac5488af0d1521a,8de1593dc96fe350c07b80c5596e071b8171716bd8feaac04ac5488af0d1521a,revised,2,2026-10-03T00:02:05.467488+00:00,False,ko-codex-v1
d9fep2,B,89f77df1e6d02081983212baea8d32605a61516a0adc5036f18a3f95c254b883,ec41dca783077e98599196ae1f7b83aa9939a94054747733932b9f12faec204e,ec41dca783077e98599196ae1f7b83aa9939a94054747733932b9f12faec204e,revised,2,2026-10-02T21:40:07.448987+00:00,False,ko-codex-v1
d9pr4m,A,5e19917465a76dc177cd96696a50dfa9a1122b313253997ab130cce1aa80b7f4,1dce0803bdb5537137d94bf6c3fabb80ce4fa6037019c28899247d078e6b0ff3,1dce0803bdb5537137d94bf6c3fabb80ce4fa6037019c28899247d078e6b0ff3,revised,4,2026-10-03T07:48:50.734557+00:00,False,ko-codex-v1
d9pr4m,B,ea45879236601e53421489104ccf8f15087ca18a3c551dc380859c82eb4bba63,ea45879236601e53421489104ccf8f15087ca18a3c551dc380859c82eb4bba63,ea45879236601e53421489104ccf8f15087ca18a3c551dc380859c82eb4bba63,pass,0,2026-10-03T04:54:12.225681+00:00,False,ko-codex-v1
d9py93,A,968c6d652df6c754e8e485659b3617488af74bdd71bf4685d26f1a8b8e12e5a8,93a0b7799c69c7ee48106c130ef93c6875c70c4d24dc287fc2c2767661235477,93a0b7799c69c7ee48106c130ef93c6875c70c4d24dc287fc2c2767661235477,revised,6,2026-10-03T11:06:15.645220+00:00,False,ko-codex-v1
d9py93,B,611d26ba9949ecf61a0514a6ed00989ffb4e6a6ffb2d4f350ac0e2898e6fedac,1ab5f801e9f40a4ee9f196d2fd3c9ed5c9c79a53edac7a2083c031b0a1b9bdd0,1ab5f801e9f40a4ee9f196d2fd3c9ed5c9c79a53edac7a2083c031b0a1b9bdd0,revised,1,2026-10-03T07:22:37.721932+00:00,False,ko-codex-v1
d9v68m,A,b92a1f8852a2c9891e2b98e400c5dc2df87ee1968b3519deaae2d9710db45887,86c5a785c8f4fa8a0df8623988f082fb9fdb246f2b3c7156666fd04c6e8dc681,86c5a785c8f4fa8a0df8623988f082fb9fdb246f2b3c7156666fd04c6e8dc681,revised,5,2026-10-03T11:23:27.625477+00:00,False,ko-codex-v1
d9v68m,B,c4607ef2ec340ef93a9d0befb4e462c1a330056b5e688219798aa22115b8920b,a002920adc74a461819001c218d163b2f04b582424815d4e4b6ba9d683b3d445,a002920adc74a461819001c218d163b2f04b582424815d4e4b6ba9d683b3d445,revised,3,2026-10-02T22:22:36.177804+00:00,False,ko-codex-v1
d9xgin,A,63c85b98a5846f8910e8c52510deb02e037e79b895667900511aae66b3d3b348,9aaf81ff1ae79e9d23bb6221616c69e299189932141888cfa0debb5b6a757129,9aaf81ff1ae79e9d23bb6221616c69e299189932141888cfa0debb5b6a757129,revised,3,2026-10-02T21:03:24.887066+00:00,False,ko-codex-v1
d9xgin,B,48fa1a582b8c855c76410f187e8f532878f712d7006a7d8d74f0dfaacd27ac4b,48fa1a582b8c855c76410f187e8f532878f712d7006a7d8d74f0dfaacd27ac4b,48fa1a582b8c855c76410f187e8f532878f712d7006a7d8d74f0dfaacd27ac4b,pass,0,2026-10-03T00:48:33.967866+00:00,False,ko-codex-v1
da3fmk,A,83476790588b843a90d0f93c865f925dd391e741e480adb038f4a13cb0623dbc,b8421e2e61bb0d909a329d669197cac030be1e8f20fda6d498ff0f9accc7d95a,b8421e2e61bb0d909a329d669197cac030be1e8f20fda6d498ff0f9accc7d95a,revised,5,2026-10-03T12:25:30.451016+00:00,False,ko-codex-v1
da3fmk,B,40efa88e2a9300f7993f60dd76dba5dcf0d9ddfe180d7ad7e409da2d2a2f6dd9,dbe29d94d57f025993864b026d77bc9d553e4c2e599f88eeab394612558fcf67,dbe29d94d57f025993864b026d77bc9d553e4c2e599f88eeab394612558fcf67,revised,1,2026-10-03T03:23:54.997226+00:00,False,ko-codex-v1
daabfy,A,713587d048e726429f716b21a3db39646bb3da953cee9d630013e88c83af54b3,699e8e409cb8f848a044a627370a0b5196b9ba764df73c03c9e54a93686b7bfa,699e8e409cb8f848a044a627370a0b5196b9ba764df73c03c9e54a93686b7bfa,revised,2,2026-10-03T05:42:40.341441+00:00,False,ko-codex-v1
daabfy,B,e7657efef28cd42a7e492f55e9d316ae25a095e9216c5140bc61d1f7e5c01bb1,e11447a65e02d51be535844957c281966ac9410e075126fe00fac52660761499,e11447a65e02d51be535844957c281966ac9410e075126fe00fac52660761499,revised,3,2026-10-02T23:12:49.168690+00:00,False,ko-codex-v1
daawgx,A,d160b35ede2d9f283275ca2e7bfc7edacf9f3591e6ebf0b360e2a54b96d4dcee,995bb6ed906708d52cb0c3b9eb58313a5a2e0422cafbe5dcd9c7cd4fe379d762,995bb6ed906708d52cb0c3b9eb58313a5a2e0422cafbe5dcd9c7cd4fe379d762,revised,6,2026-10-03T03:35:53.442488+00:00,False,ko-codex-v1
daawgx,B,4dd27914a2c88de3f639c6dc9eca40e850b6cc11eb706a7349be3fd92158437e,119a62151614cee9a4209138f713a49f68e6315ba3cd3ee7597c5dfcf14aad83,119a62151614cee9a4209138f713a49f68e6315ba3cd3ee7597c5dfcf14aad83,revised,1,2026-10-03T07:49:43.597293+00:00,False,ko-codex-v1
dai7e7,A,1e7022f601163e83b5f7d461f3a49325e41032bcaadf28ed9d966c6ecd30bd14,c304fc21f03a88bf4887fce167e648c4ff860da6a04f5e0768210859b0127db2,c304fc21f03a88bf4887fce167e648c4ff860da6a04f5e0768210859b0127db2,revised,4,2026-10-02T21:10:07.518844+00:00,False,ko-codex-v1
dai7e7,B,1b469ebcbfdf02a2f6d12c45ef8ad4d01ddb6492ac6b2b5acc665774800b203d,1b469ebcbfdf02a2f6d12c45ef8ad4d01ddb6492ac6b2b5acc665774800b203d,1b469ebcbfdf02a2f6d12c45ef8ad4d01ddb6492ac6b2b5acc665774800b203d,pass,0,2026-10-03T06:55:47.540341+00:00,False,ko-codex-v1
dam0by,A,46fca393a3f288ddc02f8cf561f0b4a8cd9866cf1d4b1462a685378cc98d5db2,46fca393a3f288ddc02f8cf561f0b4a8cd9866cf1d4b1462a685378cc98d5db2,46fca393a3f288ddc02f8cf561f0b4a8cd9866cf1d4b1462a685378cc98d5db2,pass,0,2026-10-03T11:22:17.042372+00:00,False,ko-codex-v1
dam0by,B,cb96f3521abb4eb3d0e2b7c2e89ea99112db4b395dbbcd9fe8ba672e57d1eed3,ae6e6dd83e589813ee725e3ec8c6bd778f5cb25d392103fffa76ed43d75e775a,ae6e6dd83e589813ee725e3ec8c6bd778f5cb25d392103fffa76ed43d75e775a,revised,1,2026-10-02T21:55:05.573326+00:00,False,ko-codex-v1
dao6ps,A,62d9473ceb3e8e6af26a212fbd92645b3bf2ee559911cfdbbf58df91c6a45d61,570f01e5232e41bc6a974dc0b0becf745172e89cfe834d03f30c3afe55d109a9,570f01e5232e41bc6a974dc0b0becf745172e89cfe834d03f30c3afe55d109a9,revised,3,2026-10-02T22:00:01.651231+00:00,False,ko-codex-v1
dao6ps,B,6834e48e901595e501408019d4bb515a74bf824c897fe43fca46becd512a96c1,b715e87cae1a1ea5bf3ed4e68007d94d608dd8d59118063bb861ae607feb785b,b715e87cae1a1ea5bf3ed4e68007d94d608dd8d59118063bb861ae607feb785b,revised,3,2026-10-02T21:27:22.791755+00:00,False,ko-codex-v1
daqawj,A,a5579a705d6f70696b3ae28462c5b827fb38bd9a797e0eefc6410472aac60a8e,651ff6a3b6fa8cb0784d8a9109dae277c7c89355d824539539f25ced7df45d46,651ff6a3b6fa8cb0784d8a9109dae277c7c89355d824539539f25ced7df45d46,revised,5,2026-10-03T01:42:40.869004+00:00,False,ko-codex-v1
daqawj,B,cbd90401df389d581b93277388d1fd83e79b2a01cb401a33d38541863e643964,c11287cb3843b9bdbdfa5eb2bfb5bf173d58a42bc0e5533011c9fa45d439233d,c11287cb3843b9bdbdfa5eb2bfb5bf173d58a42bc0e5533011c9fa45d439233d,revised,4,2026-10-03T01:17:37.989079+00:00,False,ko-codex-v1
db0jc9,A,a1365d5e4df4be8cc484b321eb9a07b9515a47bb7b8be46c1f24739f243c233c,a1365d5e4df4be8cc484b321eb9a07b9515a47bb7b8be46c1f24739f243c233c,a1365d5e4df4be8cc484b321eb9a07b9515a47bb7b8be46c1f24739f243c233c,pass,0,2026-10-03T01:30:22.983211+00:00,False,ko-codex-v1
db0jc9,B,c7b052990c8afeea1528bf97c1076814c764efce7a14dc329e2755c19a0c5f07,c3ed7ff76726cd0251e325fa65efeb9d3291cb80e80acffa2a64f0ed40dd47da,c3ed7ff76726cd0251e325fa65efeb9d3291cb80e80acffa2a64f0ed40dd47da,revised,2,2026-10-03T04:22:25.729017+00:00,False,ko-codex-v1
db8jow,A,77ab0576899f28ad49e7a11d2e50875d61a94a3fb484045618d1d8b640648c2d,9fee55d81d8e869216012ce15ff42bf900382d8e5e34d5595db8c42df32f5916,9fee55d81d8e869216012ce15ff42bf900382d8e5e34d5595db8c42df32f5916,revised,5,2026-10-03T01:33:25.527226+00:00,False,ko-codex-v1
db8jow,B,865359680604537d90b0dc4b57f7bb70ee6c52dd8787880dd2c26172475797ec,c1a8e7fb5343d645db23d721512eb4501f84824c83d845c474117dd8c10a4958,c1a8e7fb5343d645db23d721512eb4501f84824c83d845c474117dd8c10a4958,revised,2,2026-10-03T11:50:06.149019+00:00,False,ko-codex-v1
dbaa0h,A,072cc0807e466b11b2d76c7a997650965cd7e45ae103d8ff7c8883704b4536fa,ef41dca520ce3998016ae04bea1263251d0ef1c972937917d6f329320151c9bf,ef41dca520ce3998016ae04bea1263251d0ef1c972937917d6f329320151c9bf,revised,1,2026-10-03T01:00:18.499694+00:00,False,ko-codex-v1
dbaa0h,B,7a3bf48236ebbd36e8c6297da82fb857ddcfe9421258274786c88dfc2809bae5,7a3bf48236ebbd36e8c6297da82fb857ddcfe9421258274786c88dfc2809bae5,7a3bf48236ebbd36e8c6297da82fb857ddcfe9421258274786c88dfc2809bae5,pass,0,2026-10-03T04:36:49.167077+00:00,False,ko-codex-v1
dbdkd2,A,a014c780580e4113650d20c2501bcaa6affad7a94fdce41bb11fd25df38a53ca,fd2e08465a823eff0b2f0f3f33e3aee0f2d4c5f805acdebf499710d36adca429,fd2e08465a823eff0b2f0f3f33e3aee0f2d4c5f805acdebf499710d36adca429,revised,3,2026-10-03T03:21:20.280780+00:00,False,ko-codex-v1
dbdkd2,B,ed2f46fcf05e1ec42499e83d9e31e26f7ae1e6c3d2afebb30bfd54a7574c967d,ed2f46fcf05e1ec42499e83d9e31e26f7ae1e6c3d2afebb30bfd54a7574c967d,ed2f46fcf05e1ec42499e83d9e31e26f7ae1e6c3d2afebb30bfd54a7574c967d,pass,0,2026-10-03T05:26:04.670526+00:00,False,ko-codex-v1
dbetld,A,7759a2da6f4b9e67963a5f1446abe73d454871b2aae16814122358ea45ccc8b7,3e9fea76592edc154f7f95b4cf84427540c4acd244c3792cd84b6efa80a57342,3e9fea76592edc154f7f95b4cf84427540c4acd244c3792cd84b6efa80a57342,revised,7,2026-10-03T08:32:45.378010+00:00,False,ko-codex-v1
dbetld,B,fa50004292352c98ea3a09cb7ead878a84ee9e29b13956edd85a313f2c4497a7,a551693e05199530aba0f413cf9af85ed60fc5f756697458ba85a18dc456c1f2,a551693e05199530aba0f413cf9af85ed60fc5f756697458ba85a18dc456c1f2,revised,2,2026-10-02T22:30:01.506488+00:00,False,ko-codex-v1
dbg03j,A,b21d2f8dbf1488b542bd2c2b1f1a9c06f6acc460528e4055040be1af57602071,52d88e1ced86b6256224c3808a8574e68ef81f26590f2620d17d390b072db9d2,52d88e1ced86b6256224c3808a8574e68ef81f26590f2620d17d390b072db9d2,revised,6,2026-10-03T02:06:37.284360+00:00,False,ko-codex-v1
dbg03j,B,d6d36adcc8b7d4c51d288fe985af28e86f1a6ee73ab67dc095261b541494fcfc,7632a20160c884ccf532aef11d090817140fc8b6754a8a57e52ef7914d335c63,7632a20160c884ccf532aef11d090817140fc8b6754a8a57e52ef7914d335c63,revised,2,2026-10-02T23:54:57.204773+00:00,False,ko-codex-v1
dbhs1d,A,a6cff2b428e8387f0adfb54b4b95cf9fe9400f7f8cbf55b3d7005395c2d5703c,caff16ca77d1efca4343dd55e9201b9a0099e4c6fd53ab3f7498ac46115d0ae8,caff16ca77d1efca4343dd55e9201b9a0099e4c6fd53ab3f7498ac46115d0ae8,revised,3,2026-10-03T12:28:56.848051+00:00,False,ko-codex-v1
dbhs1d,B,b527d71b7d48fc5c830d4321324635eea6c15216947b99e9e8a9ad59ae0c35c9,4971c355fa83bb1a97f9e9181651d3c38e16f10a9a8782bdb69d310546869c54,4971c355fa83bb1a97f9e9181651d3c38e16f10a9a8782bdb69d310546869c54,revised,2,2026-10-02T21:08:17.057982+00:00,False,ko-codex-v1
dbkhk8,A,ae48df825e339e5c9c2f80dabeebfa6706f3563c904aa263a46dd2b3a43155ef,369ed83bb1db085d6e696dbc502ff97e1eb11814d6a7c962100f54ae0c7922a1,369ed83bb1db085d6e696dbc502ff97e1eb11814d6a7c962100f54ae0c7922a1,revised,3,2026-10-03T05:37:03.418916+00:00,False,ko-codex-v1
dbkhk8,B,7bd184d2624f986527f0445b378a5e7755664eb9f367f538ff535afb581222a8,dfbc05f39ad61dee828a03719fd45701d82e9449c8b5f106a64bbdae02fbfb36,dfbc05f39ad61dee828a03719fd45701d82e9449c8b5f106a64bbdae02fbfb36,revised,5,2026-10-03T05:09:15.975846+00:00,False,ko-codex-v1
dbuodt,A,ad27b9b8ea2ce01ab9d5a7e4e227f5ab38fb04fe78c627470523c1c30a0e7ccb,b1f7f85637c52331dc957071e24095b5de83ca51feb4970db93ae9244c93c889,b1f7f85637c52331dc957071e24095b5de83ca51feb4970db93ae9244c93c889,revised,5,2026-10-03T11:24:22.191496+00:00,False,ko-codex-v1
dbuodt,B,9c3815148709dc65075605b9ed2e75072c5b7d73dbd3ba0abf4f83e957d42d33,72b933e23a9b52f9ff1c5b3e11fbe97c5325fc2bb81a3e218df0b36523578230,72b933e23a9b52f9ff1c5b3e11fbe97c5325fc2bb81a3e218df0b36523578230,revised,3,2026-10-03T02:19:15.938939+00:00,False,ko-codex-v1
dbuw68,A,90b08730976869e72e90ae3da6c17176ce14496bd31721e4f266826af4540fde,a5de6e547be82e8fe86590645dd5f5dfd83f209ed3ca0ca3bcaf1db1c21266da,a5de6e547be82e8fe86590645dd5f5dfd83f209ed3ca0ca3bcaf1db1c21266da,revised,3,2026-10-03T08:28:21.960527+00:00,False,ko-codex-v1
dbuw68,B,4c5fa092c1ab93393359e58957fee94e109a7c0a8c797d3e4dc5ab71a35f677d,4c5fa092c1ab93393359e58957fee94e109a7c0a8c797d3e4dc5ab71a35f677d,4c5fa092c1ab93393359e58957fee94e109a7c0a8c797d3e4dc5ab71a35f677d,pass,0,2026-10-03T04:53:11.513133+00:00,False,ko-codex-v1
dbw5pl,A,c6855454c2adac12c2d2afe84b7283709e3778842ea88582812251b4622b0572,cfb7a780b6cdb0a7ec2f38ae230985b453422d4a9efec16951900fec1bf46a99,cfb7a780b6cdb0a7ec2f38ae230985b453422d4a9efec16951900fec1bf46a99,revised,2,2026-10-03T00:51:13.532617+00:00,False,ko-codex-v1
dbw5pl,B,c1b81376c387e41a4a8b187c95761db200aa21a8098d91d1a801433b16cc6dae,c1b81376c387e41a4a8b187c95761db200aa21a8098d91d1a801433b16cc6dae,c1b81376c387e41a4a8b187c95761db200aa21a8098d91d1a801433b16cc6dae,pass,0,2026-10-02T23:15:59.991231+00:00,False,ko-codex-v1
dc0sjt,A,bd017d46aacb40ddd722c9bc533b20267d01cd2852e0fe770a9ae1ba60ca4c1a,db25fe7cfe635e2896bb9ebb421796582e76cc1abfd1d1acb58c48cd2f044c21,db25fe7cfe635e2896bb9ebb421796582e76cc1abfd1d1acb58c48cd2f044c21,revised,5,2026-10-03T08:45:25.782675+00:00,False,ko-codex-v1
dc0sjt,B,cd242e0f2a21d05d890a2024aed4628762ac6413bfc8ccd719b4d05d63e0a86b,6a0029df3449e4e426a7426895085f176843be1feebfbdf2269e70a708cd0363,6a0029df3449e4e426a7426895085f176843be1feebfbdf2269e70a708cd0363,revised,3,2026-10-02T22:57:56.435126+00:00,False,ko-codex-v1
dc6afz,A,9338ec4c30c45a7532a83843f59d6153b1a935a7ed94abb470dffbeadcaad608,3a0879774abde6ef1200bdd70776c013686fbe527133bba70feccffa781c7778,3a0879774abde6ef1200bdd70776c013686fbe527133bba70feccffa781c7778,revised,2,2026-10-03T11:29:07.740916+00:00,False,ko-codex-v1
dc6afz,B,064b9f7321e3929912ca3915c4e42d0b9acb2d128dc483dbd25844e7d0d091b7,df284085ddd3ccae80e0efb9b82a0d722ae9c15613a9a254a1ddf4ad48d60ba9,df284085ddd3ccae80e0efb9b82a0d722ae9c15613a9a254a1ddf4ad48d60ba9,revised,3,2026-10-03T08:02:28.072998+00:00,False,ko-codex-v1
dc7cb0,A,7ec9ba00c9a35e76da5f8d421995ac59e970982569d153a54c249e37d30133af,1c6d466738299c18c348f9f9c584e81826dc7ff2181051e69a6cac04578619b2,1c6d466738299c18c348f9f9c584e81826dc7ff2181051e69a6cac04578619b2,revised,4,2026-10-03T01:29:39.047046+00:00,False,ko-codex-v1
dc7cb0,B,ac3a1a29f177e67ea66e2181a3a502105a610f4e874d0c4e58b83a6f752ed6c2,ca82612ba3c35c79c3fa0cbe1db32685ffc746fafe4e9a0f7480edd7507a7d85,ca82612ba3c35c79c3fa0cbe1db32685ffc746fafe4e9a0f7480edd7507a7d85,revised,2,2026-10-03T08:39:54.343376+00:00,False,ko-codex-v1
dc7hou,A,ac965ec3dcf0221dd77ff31e710ef9e90cbb9bfb050e0010298b586b20ce31b6,133e42484cd19349ef65ef57508fd2aea4445a69c8b0cea9980c8e98374b2e86,133e42484cd19349ef65ef57508fd2aea4445a69c8b0cea9980c8e98374b2e86,revised,2,2026-10-03T11:48:48.662092+00:00,False,ko-codex-v1
dc7hou,B,c1abf7a47b2160e3fe1bf4f3a181a12f083d2470a1ee53d1762fbf52070ff4b7,d56f57637dabe1c838dcf8089735bd19734ed81d98c0ab577a3971d24af955eb,d56f57637dabe1c838dcf8089735bd19734ed81d98c0ab577a3971d24af955eb,revised,1,2026-10-02T23:49:14.904727+00:00,False,ko-codex-v1
dc92vv,A,ee5eab2d3ae3e242cbe84225c2f272b1d89dc8fb8956f01056c30c31f1e99245,3745e965ac1b7d1ca27aff769d05845f6b8c65c9ebe4ee57e8505d4cddad65e6,3745e965ac1b7d1ca27aff769d05845f6b8c65c9ebe4ee57e8505d4cddad65e6,revised,1,2026-10-03T03:32:16.813851+00:00,False,ko-codex-v1
dc92vv,B,32304dd22eccae7fede3d925aea36224374d95dc987475b71938cd853b2614b1,32304dd22eccae7fede3d925aea36224374d95dc987475b71938cd853b2614b1,32304dd22eccae7fede3d925aea36224374d95dc987475b71938cd853b2614b1,pass,0,2026-10-03T02:57:19.412655+00:00,False,ko-codex-v1
dcghsu,A,9e82ab6ca35b31f7b69aea773730b5e5f4f19df1b85973816e9667b94ffcb6e3,5b12bec6716c2e7b5b67153065b89f79ba8e9e7857ca4cf98a0756f2df7e6a53,5b12bec6716c2e7b5b67153065b89f79ba8e9e7857ca4cf98a0756f2df7e6a53,revised,4,2026-10-03T06:09:57.620433+00:00,False,ko-codex-v1
dcghsu,B,ced32850b3dfbc93520f3d6205239d5e117c8aa5fad9ab0370f2b9bfa2aa39c1,6ea53c1d8a9c589f1b71b487ea350c0ff55b2e437e8893b45395718fcce6e16d,6ea53c1d8a9c589f1b71b487ea350c0ff55b2e437e8893b45395718fcce6e16d,revised,2,2026-10-03T00:58:59.195041+00:00,False,ko-codex-v1
dci6ie,A,183555aa27052a518895bf23db880a45d827f6fe81f9eb1dc172ea530ee2759b,83bf1d12f5304346abe079e6095d2b5b4294cd15c35d3faf30ee785a0645f7ca,83bf1d12f5304346abe079e6095d2b5b4294cd15c35d3faf30ee785a0645f7ca,revised,7,2026-10-02T23:45:33.717693+00:00,False,ko-codex-v1
dci6ie,B,d0b5ff2b1f365445e77720ab98b4b67bb9a6462cc9fbf0eb9ea9db689184c5d7,d0b5ff2b1f365445e77720ab98b4b67bb9a6462cc9fbf0eb9ea9db689184c5d7,d0b5ff2b1f365445e77720ab98b4b67bb9a6462cc9fbf0eb9ea9db689184c5d7,pass,0,2026-10-03T07:16:29.849737+00:00,False,ko-codex-v1
dclyos,A,3b9d9f3a07269a7fc5e44924d6077c6934399f585349cc74f37c182a8a09e0e9,1f0a9ece852aa9535963aeba3a518060bfdce8979e2214f1cf519730845d7975,1f0a9ece852aa9535963aeba3a518060bfdce8979e2214f1cf519730845d7975,revised,2,2026-10-03T01:47:49.671159+00:00,False,ko-codex-v1
dclyos,B,04115e1e352c5607eb60a0de3abed9ade15015f38aa300839f6a990aa5a3cb6e,156a6c52798e60507936904666911543475316a959501d515253e8cd909c3342,156a6c52798e60507936904666911543475316a959501d515253e8cd909c3342,revised,2,2026-10-03T01:57:56.527914+00:00,False,ko-codex-v1
dcssvu,A,0c3cd5a0df4074d9e334e3512f3910bddfc44bdf34c1d1901224412e21ec388d,879a55dfbd2853630f39455580928eab0b716f30e463f70e1262e3be797614ce,879a55dfbd2853630f39455580928eab0b716f30e463f70e1262e3be797614ce,revised,7,2026-10-03T04:10:23.992012+00:00,False,ko-codex-v1
dcssvu,B,ad34b9adb6e38aa796b777f5f50ec30ac9f9cbdec9720adf643f2b718e775cf4,ad34b9adb6e38aa796b777f5f50ec30ac9f9cbdec9720adf643f2b718e775cf4,ad34b9adb6e38aa796b777f5f50ec30ac9f9cbdec9720adf643f2b718e775cf4,pass,0,2026-10-03T08:34:31.405807+00:00,False,ko-codex-v1
dd4l5h,A,5a0ed6e09a9da13d85b30553a4f0d9da0e5233efc78f58b4b7465c79bb5f2c1b,9b33adbb4a7d4897aeb41005d83c491c057f9ffbd2c515bea723922b34758b2f,9b33adbb4a7d4897aeb41005d83c491c057f9ffbd2c515bea723922b34758b2f,revised,2,2026-10-03T08:54:36.418927+00:00,False,ko-codex-v1
dd4l5h,B,40336713250f5958f0169f8cc00d98d50b53d05a967c4a018081a989d6f76e20,40336713250f5958f0169f8cc00d98d50b53d05a967c4a018081a989d6f76e20,40336713250f5958f0169f8cc00d98d50b53d05a967c4a018081a989d6f76e20,pass,0,2026-10-03T06:34:15.026775+00:00,False,ko-codex-v1
ddf9ge,A,dea90b935b1ce41505e21904bcd3a98e801717486cd0570d3f63f593ca927462,3e7583812025f9aa26946b3d13666a40fdefe35529c2b083628ba1d20f5e15b9,3e7583812025f9aa26946b3d13666a40fdefe35529c2b083628ba1d20f5e15b9,revised,3,2026-10-02T23:52:35.750944+00:00,False,ko-codex-v1
ddf9ge,B,d47575010aae2522a315fac81abd8fbd56c5b2e041800f035ebff3d4d247199d,d47575010aae2522a315fac81abd8fbd56c5b2e041800f035ebff3d4d247199d,d47575010aae2522a315fac81abd8fbd56c5b2e041800f035ebff3d4d247199d,pass,0,2026-10-03T07:15:20.527816+00:00,False,ko-codex-v1
ddlj9v,A,15d5bd61bd3cb0c8043835f95aa49b016f9c5ddf011d4a95efeb36558d56aa8b,346616a106263354ef1699238936a153a255f5585c43a8c312f4580311ddf93e,346616a106263354ef1699238936a153a255f5585c43a8c312f4580311ddf93e,revised,3,2026-10-03T02:08:39.381953+00:00,False,ko-codex-v1
ddlj9v,B,90d8bb210918c634bf8c908aa664d4795c03b222b5a627559525966a968fbfff,fdcfaab21fb14bf7593f3a048d4e446cd6cc237661e653f6dcc159e1e6707f3d,fdcfaab21fb14bf7593f3a048d4e446cd6cc237661e653f6dcc159e1e6707f3d,revised,1,2026-10-03T04:47:06.503587+00:00,False,ko-codex-v1
ddlknt,A,1a032839fe7c0cd78a6df362307f4348d2e29bb023d128ebf7fa1afdfff1a04d,1a032839fe7c0cd78a6df362307f4348d2e29bb023d128ebf7fa1afdfff1a04d,1a032839fe7c0cd78a6df362307f4348d2e29bb023d128ebf7fa1afdfff1a04d,pass,0,2026-10-03T12:04:09.051166+00:00,False,ko-codex-v1
ddlknt,B,1aff243d587e2883b1f449ce6b9abc4fc753fa781e813db43d6a4b5f79d9aaf0,78eed50e1157b4657c342be6d37b5998f61de5dfe5dad879efe946ac12cda768,78eed50e1157b4657c342be6d37b5998f61de5dfe5dad879efe946ac12cda768,revised,3,2026-10-03T00:01:24.959272+00:00,False,ko-codex-v1
ddo703,A,3113ff0454443ce8079442c09f3df1cf6a1904e20ffe003d6561b0368e871ef1,4efea28dbe63aad9a7abb1bda4249b2054a158ecd6b404876a6ff5c73f49b401,4efea28dbe63aad9a7abb1bda4249b2054a158ecd6b404876a6ff5c73f49b401,revised,2,2026-10-03T05:46:28.086436+00:00,False,ko-codex-v1
ddo703,B,79ff82055621f2b5d0f3423e0e752bb8f633289455726d9ad761ff4d4cbd1d41,be14e128d2bd247efcca02271fcf297c530f01f1c719c414d8b83e31f5cdd82f,be14e128d2bd247efcca02271fcf297c530f01f1c719c414d8b83e31f5cdd82f,revised,2,2026-10-03T07:09:28.781640+00:00,False,ko-codex-v1
ddpe8o,A,952c4f68fc546712ac329909f7f1dad43cda958d2f9bc54da9dea07aea814405,ee9b441ec415597f239bca22792e35fd8d5cd369bb46d3dbd7554113ffc0f9ee,ee9b441ec415597f239bca22792e35fd8d5cd369bb46d3dbd7554113ffc0f9ee,revised,5,2026-10-03T00:40:45.952365+00:00,False,ko-codex-v1
ddpe8o,B,abb226dfe96583795bab31154db380aefe1be31fff9274869969ce3093c5dc41,cc8b9d2ea9693dfdb31fcc0c2b1b58b031b0bc6f690ac173dbb30cd47ccc15c4,cc8b9d2ea9693dfdb31fcc0c2b1b58b031b0bc6f690ac173dbb30cd47ccc15c4,revised,2,2026-10-02T22:52:23.431954+00:00,False,ko-codex-v1
ddw763,A,dc19a3a45b92ec38a77462f2fc495c96b567727216ca88d2396154e522745a14,14423f1f476e1c7ca61e50e228b3d96f96628b5bcc493851e016b8267210ba97,14423f1f476e1c7ca61e50e228b3d96f96628b5bcc493851e016b8267210ba97,revised,2,2026-10-03T04:26:34.977456+00:00,False,ko-codex-v1
ddw763,B,e0ac6023afcb8652eba80c6d53ae3663b86b722ea06ef7db0027bf9e86173f30,e0ac6023afcb8652eba80c6d53ae3663b86b722ea06ef7db0027bf9e86173f30,e0ac6023afcb8652eba80c6d53ae3663b86b722ea06ef7db0027bf9e86173f30,pass,0,2026-10-02T23:16:15.331399+00:00,False,ko-codex-v1
de0lfy,A,43e14959d94c0d38b2a940fe40bd62b065deef093026086618158cd5d9438a01,43e14959d94c0d38b2a940fe40bd62b065deef093026086618158cd5d9438a01,43e14959d94c0d38b2a940fe40bd62b065deef093026086618158cd5d9438a01,pass,0,2026-10-02T21:34:14.331099+00:00,False,ko-codex-v1
de0lfy,B,4affd5edf21e90824d80b729fd47946ce883ada28c76df4bd2c20a5cfe2a37d2,5bcf997a703b598c43ddc0426d4db6f30975e5c47826d1b2143800bcfecdf21f,5bcf997a703b598c43ddc0426d4db6f30975e5c47826d1b2143800bcfecdf21f,revised,1,2026-10-03T12:02:24.299599+00:00,False,ko-codex-v1
de1yl0,A,11ea6fb7ea1e9af6ce877dd4a44dfeaf6531ff49d3ec5ac9ad8472c818cc0053,45f52d7ed6293b5ebb38a05303f2f58cec71603489c20b7e116b3e45b7f2fe39,45f52d7ed6293b5ebb38a05303f2f58cec71603489c20b7e116b3e45b7f2fe39,revised,2,2026-10-02T22:22:00.936364+00:00,False,ko-codex-v1
de1yl0,B,23075196d9d494ae4d4b8da4b58558ad9bbaa1faeb86f07cb86ebd8d69103451,23075196d9d494ae4d4b8da4b58558ad9bbaa1faeb86f07cb86ebd8d69103451,23075196d9d494ae4d4b8da4b58558ad9bbaa1faeb86f07cb86ebd8d69103451,pass,0,2026-10-02T23:12:56.772530+00:00,False,ko-codex-v1
de38xa,A,290aecaf0f3a55abbd4fc4bfb70bf2623917a3416dafd1dc78e210702d42c2a6,55919d3492cf6937288d38ceec9c5854cfd4fd43ca2d5f62a37cd254ff206346,55919d3492cf6937288d38ceec9c5854cfd4fd43ca2d5f62a37cd254ff206346,revised,5,2026-10-03T04:23:05.879659+00:00,False,ko-codex-v1
de38xa,B,83aa2e7a5bc62dbb8bd096f98d69950dd949b4da97650f1303d27f4d61f79f34,2e1706371c03be821dc0c09386817231ca0b4c02e2fe5b4f2beed643a03bc1fb,2e1706371c03be821dc0c09386817231ca0b4c02e2fe5b4f2beed643a03bc1fb,revised,4,2026-10-03T10:57:35.989344+00:00,False,ko-codex-v1
de4te5,A,cdf92bd9f36d4e6f33e410bd3c87030075af5289d3b1c04fd93d6a3a463ad8b7,cfe657792e36ac975535ede7375654f45c96f3f001efbe5bd7796e5f63243a8b,cfe657792e36ac975535ede7375654f45c96f3f001efbe5bd7796e5f63243a8b,revised,4,2026-10-03T05:36:54.642105+00:00,False,ko-codex-v1
de4te5,B,e92b0de94da91246d55f90b55eca0ad259bd05926974662eb6f221749201bccc,29b4c09404cfdeed9c14d040902eb8959031fb3ca2bc03460c6977ae62a95142,29b4c09404cfdeed9c14d040902eb8959031fb3ca2bc03460c6977ae62a95142,revised,2,2026-10-02T23:23:40.607999+00:00,False,ko-codex-v1
deer7k,A,40109ad80843ec3f3ee1f6bc9281731d20924574f318189ac828378f571b58de,79177a1daaff9a80bc81951fabb3da1f288f7b5451277a8a610b98efbdda7ef7,79177a1daaff9a80bc81951fabb3da1f288f7b5451277a8a610b98efbdda7ef7,revised,4,2026-10-02T22:58:34.618701+00:00,False,ko-codex-v1
deer7k,B,529be5dd79b3e0b6ffd9306d6e6c07270afd80b15736225024a6a50286a985c2,c5344a9ddf2a1ebefe2284ac8bf9df476cacbecd465e4cbb1a50dd44ef5a80bd,c5344a9ddf2a1ebefe2284ac8bf9df476cacbecd465e4cbb1a50dd44ef5a80bd,revised,5,2026-10-03T08:06:57.327901+00:00,False,ko-codex-v1
dejuqz,A,ab93e0810f6ff6fba40e29a5e6554efb7506beceec8f54be73c88199386e334d,a3a445165fe934b3c25c779f9083a23acfb4c60af7327ba9e20463426950ec76,a3a445165fe934b3c25c779f9083a23acfb4c60af7327ba9e20463426950ec76,revised,4,2026-10-03T05:33:09.752051+00:00,False,ko-codex-v1
dejuqz,B,a846a57cae5861f6616d30e9a5b655968bf92435a00dde3a5b8aa7195b50d0d4,db1639dbc760a35a0e319494e3eca607b64c95dbd966edd61e94d484637a524e,db1639dbc760a35a0e319494e3eca607b64c95dbd966edd61e94d484637a524e,revised,3,2026-10-03T05:17:23.175782+00:00,False,ko-codex-v1
delx0d,A,4b143b40dd376dda013e51ccf9f0c4710111d727130c931223d6650bca89f5bd,99aa835aeadb4594c1984c7d2f365e3269302f4a70fc9a9e70aa73c2e252d479,99aa835aeadb4594c1984c7d2f365e3269302f4a70fc9a9e70aa73c2e252d479,revised,2,2026-10-03T08:02:17.766563+00:00,False,ko-codex-v1
delx0d,B,27836724743350e9ef542d50c589d015f3e00da05480a2b4f06cad5568fc04c2,27836724743350e9ef542d50c589d015f3e00da05480a2b4f06cad5568fc04c2,27836724743350e9ef542d50c589d015f3e00da05480a2b4f06cad5568fc04c2,pass,0,2026-10-03T02:21:06.672568+00:00,False,ko-codex-v1
dezqbv,A,f606e2b887f3d94cb88657ace9e8436900b7d29aa7f6c187fb09a0ff39e01973,5ff0a85a1c8aff8467674b9ce20e73894650e25d025ca36435bfc87e76e1e1aa,5ff0a85a1c8aff8467674b9ce20e73894650e25d025ca36435bfc87e76e1e1aa,revised,2,2026-10-02T23:34:02.396966+00:00,False,ko-codex-v1
dezqbv,B,7fdd03d15219c8abb45a49fbf0b786f534d0968eca97362872a6719f548bdf42,90229a7a2569107bc20b085684715600c7ce3c740fc5efacc2e995d28948ad34,90229a7a2569107bc20b085684715600c7ce3c740fc5efacc2e995d28948ad34,revised,1,2026-10-03T02:12:59.264644+00:00,False,ko-codex-v1
df1aec,A,6f3deba4649ecb82f68a0983ea59f9d51450a5c420081cc94ce788d39c702a1b,255d76424ac029cc7bf5bcbed8e76aee6b944b602b68ad330d229cdd5f442fcc,255d76424ac029cc7bf5bcbed8e76aee6b944b602b68ad330d229cdd5f442fcc,revised,2,2026-10-02T22:27:16.536651+00:00,False,ko-codex-v1
df1aec,B,3142895847d52baf3fd0e15af7e3161113a4d7b0a0a001b099f96ed79c31f039,c2f274b177f0f1203b4cd53ff7b5bcd5cc3ab9b6768528dbe222068fea36c6d8,c2f274b177f0f1203b4cd53ff7b5bcd5cc3ab9b6768528dbe222068fea36c6d8,revised,2,2026-10-03T10:43:41.042205+00:00,False,ko-codex-v1
df7xv7,A,dcc6adc5bfc5ea919eadbc9ce360371e446a3519b6fcda5f2ed74ec877ed8cc5,abd7dd6aa9400a284b307f7b4ae49dd1cd0f60339d927eb0709c84ff8b7e6b66,abd7dd6aa9400a284b307f7b4ae49dd1cd0f60339d927eb0709c84ff8b7e6b66,revised,1,2026-10-03T07:27:17.037140+00:00,False,ko-codex-v1
df7xv7,B,fc989259a0e875c3822c4f4532bdb14b5e3070ccf90035d12443d248360d3e0d,fc989259a0e875c3822c4f4532bdb14b5e3070ccf90035d12443d248360d3e0d,fc989259a0e875c3822c4f4532bdb14b5e3070ccf90035d12443d248360d3e0d,pass,0,2026-10-03T05:13:32.495102+00:00,False,ko-codex-v1
dfi2k6,A,f2c25a9859e94bf11652da545157fcdba0440f3872ea95c60f94aef288340ce3,25d17940bfd8bb7f87cd2c6fd7df9a244e6f4bc9a249b363d30844cd6933554c,25d17940bfd8bb7f87cd2c6fd7df9a244e6f4bc9a249b363d30844cd6933554c,revised,3,2026-10-03T12:39:16.564867+00:00,False,ko-codex-v1
dfi2k6,B,74fc606e1c91b501ec8f68de88a75216996f7f838c516563fd528aa3550c5d8c,5d43dd8a1e536b0308c3c00504b985441a4ae01df769e10cdfa7295a2c3354e1,5d43dd8a1e536b0308c3c00504b985441a4ae01df769e10cdfa7295a2c3354e1,revised,5,2026-10-02T22:36:00.913939+00:00,False,ko-codex-v1
dfltq6,A,08b33acf1b493f16a94ea1256ae4dd0cc968a0a9a9ed3fd9c1b191024553134a,7251ddfeceebbe557bd19e836b3087f2b943ea611346b950231767d4ec3d5b0b,7251ddfeceebbe557bd19e836b3087f2b943ea611346b950231767d4ec3d5b0b,revised,4,2026-10-03T07:19:33.046530+00:00,False,ko-codex-v1
dfltq6,B,fcc6555e25e47ec9b2d47c3e0f3a86d8e0c2ff33130da661187200a509ed5745,fcc6555e25e47ec9b2d47c3e0f3a86d8e0c2ff33130da661187200a509ed5745,fcc6555e25e47ec9b2d47c3e0f3a86d8e0c2ff33130da661187200a509ed5745,pass,0,2026-10-03T04:42:29.235203+00:00,False,ko-codex-v1
dfqgem,A,4fa6eb11837d1f749b1939b44a193b05bb88eb9492b7c6139a894a3c98cf5ebf,8d7d1e2077af779ad63d47ed9ff08af84a8a536ba92650fce55e94214789ecbf,8d7d1e2077af779ad63d47ed9ff08af84a8a536ba92650fce55e94214789ecbf,revised,1,2026-10-03T06:31:56.219880+00:00,False,ko-codex-v1
dfqgem,B,903860ada07a7df2e41976892e05d176ba93f46b44a6dc865c98b0b19dafdad7,6abbeeefb226de22e8b411c271ac24484a8d2b18795e1e141cbe5885857e6e9c,6abbeeefb226de22e8b411c271ac24484a8d2b18795e1e141cbe5885857e6e9c,revised,4,2026-10-03T11:25:11.161626+00:00,False,ko-codex-v1
dfs5s3,A,bdc743df31d7d0e5ac3db10a94e0415da68b4f96f5e03f85d4a256997906b7fa,f44f4bb484e379f6bd0d05feb8a788e2b33aa9465c944a67bd3448ce1213bb5c,f44f4bb484e379f6bd0d05feb8a788e2b33aa9465c944a67bd3448ce1213bb5c,revised,6,2026-10-03T01:52:38.738809+00:00,False,ko-codex-v1
dfs5s3,B,47a12eb598e9f994e32b4715df69190bc3901f53e3998b37db06fd1a2db9af35,47a12eb598e9f994e32b4715df69190bc3901f53e3998b37db06fd1a2db9af35,47a12eb598e9f994e32b4715df69190bc3901f53e3998b37db06fd1a2db9af35,pass,0,2026-10-03T06:37:35.984204+00:00,False,ko-codex-v1
dg3v8i,A,a2208398ac1878d53fadb5ddbfb74914e99d2d936892deb8211e74eb68da5c97,c358386d963e81153657f5c289bb2b659f8a6e2843598d6510c141b2862af7ed,c358386d963e81153657f5c289bb2b659f8a6e2843598d6510c141b2862af7ed,revised,3,2026-10-03T06:26:06.441907+00:00,False,ko-codex-v1
dg3v8i,B,3eb65714afa69f8074163102299f9c6d32e57a133f1345f0748c6a5244b2ae82,3eb65714afa69f8074163102299f9c6d32e57a133f1345f0748c6a5244b2ae82,3eb65714afa69f8074163102299f9c6d32e57a133f1345f0748c6a5244b2ae82,pass,0,2026-10-02T23:17:58.289748+00:00,False,ko-codex-v1
dg75zd,A,cf785edc714877749bdd5ae52455f3823bdf6c9d9f3a872abea4de1e892b3b4b,e4b8e34b9d060283eb3d4cefad0170d2037dfaa548a8bf8eaed72978cbeffabb,e4b8e34b9d060283eb3d4cefad0170d2037dfaa548a8bf8eaed72978cbeffabb,revised,4,2026-10-03T02:59:02.099106+00:00,False,ko-codex-v1
dg75zd,B,5f22b787ef62a6cb8b3b6c46daf380130b94bede28a47e08d93426c2adfa8100,e413f2d3f0252cc397af7b51d5a52e5c0ac7c3d3aebdb4a1709c309fdb49fb55,e413f2d3f0252cc397af7b51d5a52e5c0ac7c3d3aebdb4a1709c309fdb49fb55,revised,1,2026-10-03T08:45:56.002272+00:00,False,ko-codex-v1
dgam03,A,08d4b708aa8aae3feb1b4020a6a8bd8ac9e9cd224d1f8b5d76d00f25943738f1,6243a5436be1c58d4a4af7f655337e77c9f3ace6342b8b8b2a10cd7b128a6071,6243a5436be1c58d4a4af7f655337e77c9f3ace6342b8b8b2a10cd7b128a6071,revised,3,2026-10-03T04:30:03.110653+00:00,False,ko-codex-v1
dgam03,B,a3f5192947dd6df2ded6607d6a996b63daafb8b3d309800206af24b7b4829738,a3f5192947dd6df2ded6607d6a996b63daafb8b3d309800206af24b7b4829738,a3f5192947dd6df2ded6607d6a996b63daafb8b3d309800206af24b7b4829738,pass,0,2026-10-03T06:32:46.385991+00:00,False,ko-codex-v1
dgcqsi,A,dec36883e7d65737fe6301a44fb98248cd245b4f1b7c3807e5ec72a1fb1cab89,69a5ee05e53f5e6978a02ff05e0ab95e64a787d0f5e6e4b04acfe928f9516ea1,69a5ee05e53f5e6978a02ff05e0ab95e64a787d0f5e6e4b04acfe928f9516ea1,revised,2,2026-10-03T00:53:55.754562+00:00,False,ko-codex-v1
dgcqsi,B,79096a3e954c719d993923f3ea502682b1be0ca11e9aeb1905e7e84a18072903,4ae57ffa6eff85bf1dcb5def9bfc1774560b95b5c6e1e7970be62d5ded750c5a,4ae57ffa6eff85bf1dcb5def9bfc1774560b95b5c6e1e7970be62d5ded750c5a,revised,1,2026-10-02T22:16:16.676448+00:00,False,ko-codex-v1
dglspj,A,c1a7afb6b23909b035eef3400739d82b5b39b9dff187ae0b8681735e75b9aaab,6448872b842307307666595d0ce1de563203d27bd8080f7ee602965105b97274,6448872b842307307666595d0ce1de563203d27bd8080f7ee602965105b97274,revised,4,2026-10-02T21:17:03.461847+00:00,False,ko-codex-v1
dglspj,B,9c0f2909c92cb76a0fe393b8ac6a0bf9644fcdb5a4e8a20e544c5f3cd8292e0f,9c0f2909c92cb76a0fe393b8ac6a0bf9644fcdb5a4e8a20e544c5f3cd8292e0f,9c0f2909c92cb76a0fe393b8ac6a0bf9644fcdb5a4e8a20e544c5f3cd8292e0f,pass,0,2026-10-03T05:50:06.575090+00:00,False,ko-codex-v1
dgtd1j,A,b54e2af490036d90846c7bcb6c688975eff5eddf85d09bc572bf6f0ab828ecc6,f5e721688f7740cc197e7c751506751655d754e80339ae43e4e4b63bc0947203,f5e721688f7740cc197e7c751506751655d754e80339ae43e4e4b63bc0947203,revised,3,2026-10-02T22:53:38.909674+00:00,False,ko-codex-v1
dgtd1j,B,c83ac6f6b5cb1132c9851e812ff920d2c074aa12391a1779fcd47b358480cc50,f5751136f8b74bd4d4af78d2d1ae25f01db2ab0f8fe288fdfceac5145e1ce851,f5751136f8b74bd4d4af78d2d1ae25f01db2ab0f8fe288fdfceac5145e1ce851,revised,3,2026-10-03T02:25:09.213452+00:00,False,ko-codex-v1
dgy24d,A,beca1d5210db4410ff3d053dbdbe77adf21601b47dbd044b220d6c976c4a65c3,d1d0d22ecc3d824f377611b4b8bc7a8629e2241b7a91ea96b80bde9c10e23682,d1d0d22ecc3d824f377611b4b8bc7a8629e2241b7a91ea96b80bde9c10e23682,revised,3,2026-10-03T05:18:04.314794+00:00,False,ko-codex-v1
dgy24d,B,448c539c3de480d7862076b515fd952678fa3380dd01b485c26c697d2a116d33,dc192185fdb7f63eb67046401857013319f568c73af65f8a5ebf33a227fd992f,dc192185fdb7f63eb67046401857013319f568c73af65f8a5ebf33a227fd992f,revised,3,2026-10-03T02:45:15.934393+00:00,False,ko-codex-v1
dgyn7a,A,15784b0543aedbea5b57349ad30894dd96db7cceb8818182f77694c5529ad103,15784b0543aedbea5b57349ad30894dd96db7cceb8818182f77694c5529ad103,15784b0543aedbea5b57349ad30894dd96db7cceb8818182f77694c5529ad103,pass,0,2026-10-02T21:30:56.191235+00:00,False,ko-codex-v1
dgyn7a,B,47a3161951a8a9d3d033afa51a168b918978ce5015bcf33e4c4c09e79cb68fce,47a3161951a8a9d3d033afa51a168b918978ce5015bcf33e4c4c09e79cb68fce,47a3161951a8a9d3d033afa51a168b918978ce5015bcf33e4c4c09e79cb68fce,pass,0,2026-10-03T07:14:52.202651+00:00,False,ko-codex-v1
dh3ecy,A,016028d459f032ae1bd6dfcb2794755ef2c61bb4906865e97539f9ce7a337b07,f950269f98182cae1503b1a6c93284eb4bb21d0597ac1af4f51aed62d3ed35e2,f950269f98182cae1503b1a6c93284eb4bb21d0597ac1af4f51aed62d3ed35e2,revised,2,2026-10-02T23:12:04.212742+00:00,False,ko-codex-v1
dh3ecy,B,90623480ca29737a0407713e12f2c8f755f8729982b917131335bf7a2e5b972a,a07e1f46045bae44c4577d1320f65068df65c734e928c5bf40f05ebb0cdbc572,a07e1f46045bae44c4577d1320f65068df65c734e928c5bf40f05ebb0cdbc572,revised,4,2026-10-02T23:18:51.614233+00:00,False,ko-codex-v1
dh49n0,A,71193a3b6eb00b3985dddbe0161c8b84e36344e10f031e757d44daa9102339c1,5724530e48a21233567398bf3092069a6dda4517437463dca31e2b901a7ee31c,5724530e48a21233567398bf3092069a6dda4517437463dca31e2b901a7ee31c,revised,1,2026-10-03T05:43:16.190524+00:00,False,ko-codex-v1
dh49n0,B,10390b724bd18304292df4b46b9051b4f582528f361aeb9270ad6c3191181c23,10390b724bd18304292df4b46b9051b4f582528f361aeb9270ad6c3191181c23,10390b724bd18304292df4b46b9051b4f582528f361aeb9270ad6c3191181c23,pass,0,2026-10-03T02:28:19.167634+00:00,False,ko-codex-v1
dh4eyh,A,dbb1d5fb952e421a84a4291c90f0953d585dc0f05e2fc94e268c51f4e9d2f07f,ab5920eb93b41900a5f50149cdc5357cf155f50f6cbffc1862a48d5f412261bd,ab5920eb93b41900a5f50149cdc5357cf155f50f6cbffc1862a48d5f412261bd,revised,2,2026-10-03T01:49:00.128024+00:00,False,ko-codex-v1
dh4eyh,B,2c65319262cbb9274116378a6a7d8eddf7caefb822221068cb11f9724945d738,dbdc77b60843b473fff7a175f2813a6e6267d6c1f44f907b160a9a43c2f8f3e8,dbdc77b60843b473fff7a175f2813a6e6267d6c1f44f907b160a9a43c2f8f3e8,revised,3,2026-10-02T21:46:44.748119+00:00,False,ko-codex-v1
dh552v,A,d7abab1fc19b9eee2ce904de1f1c635a82df47df3e7d28ace0b0e27cfdd45004,af0881a449f26e3ac9451972656486ffd7a8820df0f96e9ebcf587b44a23e2a8,af0881a449f26e3ac9451972656486ffd7a8820df0f96e9ebcf587b44a23e2a8,revised,4,2026-10-02T21:28:23.940029+00:00,False,ko-codex-v1
dh552v,B,56d12e94c9ebb2e66e419c6f0382734f9d72166df86426ea05849c8502161149,0c28235600ebfc70333085eaa6c26b0c3b5bd0590bc76ec708beb7dab2a0d5f0,0c28235600ebfc70333085eaa6c26b0c3b5bd0590bc76ec708beb7dab2a0d5f0,revised,3,2026-10-03T02:23:28.531844+00:00,False,ko-codex-v1
dhhohh,A,7cce6a576b6a7a9fe49d29e2e677085ced9a4edccdd229e090864c040cbd6144,f7e60c25e8c757b70027752a7344e229c77d5144e25bcc8ed4fbb5c6ab938464,f7e60c25e8c757b70027752a7344e229c77d5144e25bcc8ed4fbb5c6ab938464,revised,3,2026-10-03T00:09:28.507651+00:00,False,ko-codex-v1
dhhohh,B,5552902cc8b411a1c097b772faf93513812d2ab9d3ddb098e45a8c2edacda3bc,62ff30392663e618f674b01fd5b056a06cb2d2be45dbbda2b4586e10b9bc927d,62ff30392663e618f674b01fd5b056a06cb2d2be45dbbda2b4586e10b9bc927d,revised,4,2026-10-03T02:33:43.775548+00:00,False,ko-codex-v1
dhtqh5,A,20633b32f276492fccf81118223ec9e0e8e7832f9c669c93a099d1955ed0ecdc,d5d75e2365c62c28a9b98cb0e9190c7d1050f881137f7347f2cd20ea3f5f7ac5,d5d75e2365c62c28a9b98cb0e9190c7d1050f881137f7347f2cd20ea3f5f7ac5,revised,5,2026-10-03T02:41:41.121984+00:00,False,ko-codex-v1
dhtqh5,B,1dffc649701242bba8655716972627486da6215d45c8ad7c4a926fef8114be2d,432291b8da73be6c391633fab97cf5f060d68378cc568a2e5b9035777b592c4f,432291b8da73be6c391633fab97cf5f060d68378cc568a2e5b9035777b592c4f,revised,5,2026-10-03T02:40:30.985576+00:00,False,ko-codex-v1
dhtvn7,A,b96f42dcc2382c67b30d81c6020dc8304ff900830155361498f372f07d2b5342,b299d2d5c8c983d0d16b5ecf14a89642af88df9f135b0ada3c27921e2d6738c9,b299d2d5c8c983d0d16b5ecf14a89642af88df9f135b0ada3c27921e2d6738c9,revised,2,2026-10-03T06:52:03.562139+00:00,False,ko-codex-v1
dhtvn7,B,da452df848d0596775d020620bee1b37ad4ef1e7191e79c59106eb6ac155d955,3f0106a7d1561a1481d1802978ba98cf6197acc63bc68c94f8711ce17fccbb0c,3f0106a7d1561a1481d1802978ba98cf6197acc63bc68c94f8711ce17fccbb0c,revised,6,2026-10-03T01:12:00.001995+00:00,False,ko-codex-v1
di0jao,A,54393be048214b70186e37d6b04b6c3c2b4a8ef20c105ac188353e0eb94db150,a7d18130f6c880cb396dbfad25e36cb8c3ae59870d5160883fdf4d37f7c288e2,a7d18130f6c880cb396dbfad25e36cb8c3ae59870d5160883fdf4d37f7c288e2,revised,5,2026-10-03T05:54:00.402274+00:00,False,ko-codex-v1
di0jao,B,2ec633046283cda79e8bf02b3a1e30b190edc279b7c2aed8184b5659bfdeb7cf,a570519585910d959f3b6563cc286500a5f14b4f1d0489996aff260869a4c59c,a570519585910d959f3b6563cc286500a5f14b4f1d0489996aff260869a4c59c,revised,6,2026-10-03T12:38:56.694398+00:00,False,ko-codex-v1
di1f7w,A,2c8bfc392ab8e36d0a14d36355a25e062801986809fb993a32a078fceeaef14e,6a1a968c932ab98fe9a42c7c228dfb28d15b1a9a8932078412f68ba3f7936412,6a1a968c932ab98fe9a42c7c228dfb28d15b1a9a8932078412f68ba3f7936412,revised,3,2026-10-03T02:41:45.055111+00:00,False,ko-codex-v1
di1f7w,B,433f807e4752ad67bc74d9e9d69818b61c468671c855d1e7ba750179aa806763,be33cff65705b2505da8e136d0147389652b7d5702cf10bb3b2c4607d18e5b60,be33cff65705b2505da8e136d0147389652b7d5702cf10bb3b2c4607d18e5b60,revised,1,2026-10-03T00:49:48.527067+00:00,False,ko-codex-v1
di35n8,A,765aac4a86df18ad96612d795342f76547f7a0136d998af694794849fabb69a0,765aac4a86df18ad96612d795342f76547f7a0136d998af694794849fabb69a0,765aac4a86df18ad96612d795342f76547f7a0136d998af694794849fabb69a0,pass,0,2026-10-03T07:02:24.778840+00:00,False,ko-codex-v1
di35n8,B,9d8ed0b60ef2329116dc787e928c797bd96637f95327c1fe6db5db1a2ce97f56,9d8ed0b60ef2329116dc787e928c797bd96637f95327c1fe6db5db1a2ce97f56,9d8ed0b60ef2329116dc787e928c797bd96637f95327c1fe6db5db1a2ce97f56,pass,0,2026-10-03T04:25:33.768892+00:00,False,ko-codex-v1
di9w5l,A,c7cefd2db7cdade290e23614f6cbbb2033b33ca10ad4d71b153d5de07be1ed79,e3711b091c87b188d633771b8aa9f98f1f7c4b55ba21720289cbe8ec097636be,e3711b091c87b188d633771b8aa9f98f1f7c4b55ba21720289cbe8ec097636be,revised,1,2026-10-03T03:21:57.406912+00:00,False,ko-codex-v1
di9w5l,B,75bdbb7f900948ecd1f2dc48fdb9109848eb9a82fef5cb623d1123fecd1960e8,75bdbb7f900948ecd1f2dc48fdb9109848eb9a82fef5cb623d1123fecd1960e8,75bdbb7f900948ecd1f2dc48fdb9109848eb9a82fef5cb623d1123fecd1960e8,pass,0,2026-10-03T07:16:01.098700+00:00,False,ko-codex-v1
diadcv,A,b553f35ad5b50e9fb252b0fbb16bee563cd2998646ef20f38e7e2bd5a075eb59,710779a69915559f8a502b42783f52384540b9ee3be5601e2a03f80b40599fa8,710779a69915559f8a502b42783f52384540b9ee3be5601e2a03f80b40599fa8,revised,3,2026-10-03T05:34:26.194969+00:00,False,ko-codex-v1
diadcv,B,e5c6285826259c7c60d107f8904f2fd94b376d1bfdcacd8c8eb1c72ad36100d5,871ec4aad04b6818be9d4d62668129a4aa1bddd3326e83012b998eb782da969b,871ec4aad04b6818be9d4d62668129a4aa1bddd3326e83012b998eb782da969b,revised,1,2026-10-03T01:02:06.976470+00:00,False,ko-codex-v1
dic3me,A,58edb6f38bc2b5f0215ac98c403268a8d98890c8873591c5fc7c9eb397e746a1,47e127b5bdf7f826e633eac9421687afccd906093f80cb3c7fbc94e5038c4029,47e127b5bdf7f826e633eac9421687afccd906093f80cb3c7fbc94e5038c4029,revised,7,2026-10-03T00:58:12.632094+00:00,False,ko-codex-v1
dic3me,B,7c10e45c7aefa7e969fb66a7a6a1fb5e38eaa73114a11a0e74deeb06ed04b413,584331255654ddcdf60195a6b930d85e43f3dcf8aa53d2bb31cfc3c4d25428ae,584331255654ddcdf60195a6b930d85e43f3dcf8aa53d2bb31cfc3c4d25428ae,revised,3,2026-10-03T01:22:16.289273+00:00,False,ko-codex-v1
dif1a0,A,d951b7abc996ee865a2de72c8f8ea26084d8840bd74e50142b69e244673c3ef1,1b69e26ef0449d091e07b7109f6ea6f0ae0e9ca01bded99c334b23a4db12d116,1b69e26ef0449d091e07b7109f6ea6f0ae0e9ca01bded99c334b23a4db12d116,revised,2,2026-10-03T01:55:19.700272+00:00,False,ko-codex-v1
dif1a0,B,a2201d3e49c128041ff6eac628de9925de73ce767d232814b3ff2248f535a756,a2201d3e49c128041ff6eac628de9925de73ce767d232814b3ff2248f535a756,a2201d3e49c128041ff6eac628de9925de73ce767d232814b3ff2248f535a756,pass,0,2026-10-03T06:31:01.144585+00:00,False,ko-codex-v1
dif742,A,9a10f2da01775b003490fb50513ad2433117a3f267cbfb53005de7f7e4a6ab08,3810e23612f99aedbb1b72988de0ffe17a69355e8857599e9c3f691842ab943c,3810e23612f99aedbb1b72988de0ffe17a69355e8857599e9c3f691842ab943c,revised,4,2026-10-02T23:26:03.420674+00:00,False,ko-codex-v1
dif742,B,60bed4299b294caa279b5866ad144329c6c1c510fce6fc8945c98d5b7916421d,5111021a019cefedea0d067b89b9bdf78a2f6286a9c818f5a0c3f1fa6b50b74a,5111021a019cefedea0d067b89b9bdf78a2f6286a9c818f5a0c3f1fa6b50b74a,revised,1,2026-10-02T23:29:20.304434+00:00,False,ko-codex-v1
dihmd2,A,b9d639b4f34a401e86ab048db8b656133f2f8cc5bce0c4e2bbc79762e2dcc1bf,d3999b462788cddc57a1a67946e70121cfdbe5529afa131a8ac6d2b872e2a702,d3999b462788cddc57a1a67946e70121cfdbe5529afa131a8ac6d2b872e2a702,revised,2,2026-10-02T22:32:43.584142+00:00,False,ko-codex-v1
dihmd2,B,8708b0377f3b2612d899c5dd3cb243e567d6708feaaf882e24ddd85c5b559d88,3893b36389f71af94018521192555bda7694c708d936cb82e6361382cfa492ed,3893b36389f71af94018521192555bda7694c708d936cb82e6361382cfa492ed,revised,4,2026-10-03T07:07:14.538112+00:00,False,ko-codex-v1
dim17e,A,6642c78d2aa0cad4b0546e47291afe67c13fe37d29e80b1fe081e22006af026d,d2cd16ae6a2cf094828eed2fcb18d83e6eb618a53f412869e309f773538b2fc8,d2cd16ae6a2cf094828eed2fcb18d83e6eb618a53f412869e309f773538b2fc8,revised,2,2026-10-03T02:29:52.093908+00:00,False,ko-codex-v1
dim17e,B,fe5cb0a6d6f48ff3a3da4324c56b7a303ec962fd8fc755fbf6fc66a893570217,dd247babdd8b555cbae0472d550a2a6664d8b11c61d4901f05aa29dc78f8e05a,dd247babdd8b555cbae0472d550a2a6664d8b11c61d4901f05aa29dc78f8e05a,revised,3,2026-10-03T04:03:45.502165+00:00,False,ko-codex-v1
dimpww,A,c261964b4c30c50951da77d4f6500c832451257f7ceb95ce75f0b65951df70b6,9c64564e4492bb8bd433211409f1fc477e2e0e28ca6e38a019bb1816a1d8da93,9c64564e4492bb8bd433211409f1fc477e2e0e28ca6e38a019bb1816a1d8da93,revised,1,2026-10-03T05:53:22.598582+00:00,False,ko-codex-v1
dimpww,B,ced8d861ed49078dde16b31271136e92a1c47b8fd100a4555f8078d1988009ba,c86ceaef916734c77f1da84abd76fb97ac3f9014c783380bc7eb92e9e70d1c83,c86ceaef916734c77f1da84abd76fb97ac3f9014c783380bc7eb92e9e70d1c83,revised,1,2026-10-03T03:55:49.896580+00:00,False,ko-codex-v1
dino11,A,63902bfcd9f83964764ced8f29ca78b0c515cb4bcba6ba15bd25ef56c68fbf41,f7227fd8c1bc70dff79765354eec2bd504ccd7fb44734e769dd6054279f4ac16,f7227fd8c1bc70dff79765354eec2bd504ccd7fb44734e769dd6054279f4ac16,revised,6,2026-10-02T22:06:53.874829+00:00,False,ko-codex-v1
dino11,B,d58393faee08d7b2bc4263880ddb68d239c29fd0786dbcc28e252ef65c63d1ac,10c8cca0eb41ccc836c88c9c3eb263397c87eb1cb2dd0a617a1417f2a92b67da,10c8cca0eb41ccc836c88c9c3eb263397c87eb1cb2dd0a617a1417f2a92b67da,revised,5,2026-10-03T06:23:25.257462+00:00,False,ko-codex-v1
dipt2j,A,4a39ee80afc5f8cc2653d011bc7e42730c7e35ab3563e057f6a1ee02c6e32544,259e77e4fddea911ad9473818d0ccb598dc4e863603f20e6afa6ac7b69a25425,259e77e4fddea911ad9473818d0ccb598dc4e863603f20e6afa6ac7b69a25425,revised,3,2026-10-03T04:01:01.578806+00:00,False,ko-codex-v1
dipt2j,B,eb5161c6f4016a7968bfb1be6dc51f54185bed59a1a02917ff2173cf27055252,eb5161c6f4016a7968bfb1be6dc51f54185bed59a1a02917ff2173cf27055252,eb5161c6f4016a7968bfb1be6dc51f54185bed59a1a02917ff2173cf27055252,pass,0,2026-10-03T02:09:29.764192+00:00,False,ko-codex-v1
dj09hb,A,36501b88767047da1ad92d839d3d1e5bd4cebb2c18697d11f951fb6e41691d68,eb653bd5e7155687bb27cb58db778e23f3bdcf00e931eb0a1edf108c0b794a27,eb653bd5e7155687bb27cb58db778e23f3bdcf00e931eb0a1edf108c0b794a27,revised,5,2026-10-03T11:05:32.028656+00:00,False,ko-codex-v1
dj09hb,B,56e043ea7f58f82b1a5649f8eb354427d6391791fff8797e9bec646a855af2ee,13bac8df11fdd5be5d08064005678f01effbb35d0560d263e29b6d618296cac5,13bac8df11fdd5be5d08064005678f01effbb35d0560d263e29b6d618296cac5,revised,2,2026-10-03T07:20:09.751076+00:00,False,ko-codex-v1
dj8ole,A,03625d109dccd561ce9cbb8aeb17ba9a8c8eb5a7368518672ae4d59bf15e142e,03625d109dccd561ce9cbb8aeb17ba9a8c8eb5a7368518672ae4d59bf15e142e,03625d109dccd561ce9cbb8aeb17ba9a8c8eb5a7368518672ae4d59bf15e142e,pass,0,2026-10-03T01:33:05.036786+00:00,False,ko-codex-v1
dj8ole,B,2c4e68e7e9bc8ea54f7d89b0427a4791328ea7601598a32a322da0d312ed8282,72725f70d1e646f99af0313712a6e7280111eb0ebd02a583113443384e48d0b4,72725f70d1e646f99af0313712a6e7280111eb0ebd02a583113443384e48d0b4,revised,1,2026-10-02T23:09:55.410824+00:00,False,ko-codex-v1
dj8pqg,A,c368420c264826da20dee6d7fddca623fc0dbd98bf1bafe119f0d650d196c5f1,fcf9a834749858ddc38270a8ab5d08eb5fdf3b04b97193e18f514e48a2d8f1d1,fcf9a834749858ddc38270a8ab5d08eb5fdf3b04b97193e18f514e48a2d8f1d1,revised,8,2026-10-03T00:08:07.773491+00:00,False,ko-codex-v1
dj8pqg,B,1450fc0940c298296630c501fe63c39daf0ba32b4b26d0fceb3c470f233e6493,ce6d6e83a4d8a8fca0d59b964969062b71d128d150d595046e8951c9a9f3ca0c,ce6d6e83a4d8a8fca0d59b964969062b71d128d150d595046e8951c9a9f3ca0c,revised,2,2026-10-03T02:04:03.959548+00:00,False,ko-codex-v1
dja80y,A,04cfb8aa1a2a9d1d8128abbd3b96a0bd2aac72d76bb8266e87ec14784f0c0d95,29e47da053bb9efb38f3f28520a8711a35b865adb9aa0834de0dc5fc9599932d,29e47da053bb9efb38f3f28520a8711a35b865adb9aa0834de0dc5fc9599932d,revised,2,2026-10-03T03:38:20.609119+00:00,False,ko-codex-v1
dja80y,B,813220f9c38591e1a0bd5ee83fc4151b8a6b632e7776732c8359722f1c4d089d,497db454ab36136b56c086134514ebb5c17977804872460385e2d97e75f83354,497db454ab36136b56c086134514ebb5c17977804872460385e2d97e75f83354,revised,3,2026-10-03T11:48:12.706327+00:00,False,ko-codex-v1
djmoxq,A,5c63d89b3d9ed5193553e71146321674a74da1e097e7af0bbfb42ec598c7f472,b35af7a04731391d1f29f30d9f8af95f9634b6c2884692a92d01b2b4ab971fda,b35af7a04731391d1f29f30d9f8af95f9634b6c2884692a92d01b2b4ab971fda,revised,3,2026-10-02T21:43:23.799606+00:00,False,ko-codex-v1
djmoxq,B,744e6dbc440684afd26725b76416f37e09205a7ba07101fad4569ae3aed0bcf3,c7dc898b2b9592005390f3988eb3a3af9d8bc7f66e288d400916df346983ecbd,c7dc898b2b9592005390f3988eb3a3af9d8bc7f66e288d400916df346983ecbd,revised,3,2026-10-03T05:57:43.026690+00:00,False,ko-codex-v1
djr6ul,A,358be46d3a65e4250a5329b134212761aec5c7eed44083c879954132b6494066,358be46d3a65e4250a5329b134212761aec5c7eed44083c879954132b6494066,358be46d3a65e4250a5329b134212761aec5c7eed44083c879954132b6494066,pass,0,2026-10-02T21:23:53.694681+00:00,False,ko-codex-v1
djr6ul,B,444cd7b72a4f380f77791084194fdab97dddd5fa09f68935a5c93fa62d7ba480,58a6a3d9ad8ce8ca3d2de3d004566db2e8a396310f65db2cb0e44a2fd921d63c,58a6a3d9ad8ce8ca3d2de3d004566db2e8a396310f65db2cb0e44a2fd921d63c,revised,3,2026-10-03T11:33:40.660533+00:00,False,ko-codex-v1
dk4r2u,A,829648edac3ddbb9a4a1f0798a35eff65a61c7e814f67144064a2c386b074c30,5ddb7636fbe56c2e9f255e8f7f0812de9b058d85533f8dbafa823bccb213887b,5ddb7636fbe56c2e9f255e8f7f0812de9b058d85533f8dbafa823bccb213887b,revised,2,2026-10-03T00:33:35.035913+00:00,False,ko-codex-v1
dk4r2u,B,1f04369f9355b3b8600c164264f5a19fc3bc79744a1fd678573e612a9aae00d2,619ef9c4c75f86032538c0fe3283f195aa669054bffe440a1074e6971ca66ee4,619ef9c4c75f86032538c0fe3283f195aa669054bffe440a1074e6971ca66ee4,revised,3,2026-10-02T22:21:51.591283+00:00,False,ko-codex-v1
dk7wxk,A,c702c260991878192c7a4f383f47255645cb747fc3caae2dcf4a30a5a227a176,3638a40be2e623b0f6d243ed07276142f4b0feb4985645475ff0800b3834c255,3638a40be2e623b0f6d243ed07276142f4b0feb4985645475ff0800b3834c255,revised,2,2026-10-02T21:31:45.246885+00:00,False,ko-codex-v1
dk7wxk,B,2d3f0d262bc2a31c6cf6cf3334f38acced1b872ab97c7c326770843fd177bcf3,c686a0ef11d184652d9b49defaac934529170282eee0529f487c22bdb52158fe,c686a0ef11d184652d9b49defaac934529170282eee0529f487c22bdb52158fe,revised,2,2026-10-03T08:40:19.712629+00:00,False,ko-codex-v1
dkc159,A,8c3e8b585e7af35a64ef8eeb20d747cc392f2c43ccc383be7df05aab1d75fe3c,85a51f025df7cc7a0a4e4c86ebe878199db528cfbef3d74fec0637342c535277,85a51f025df7cc7a0a4e4c86ebe878199db528cfbef3d74fec0637342c535277,revised,3,2026-10-03T05:19:12.611552+00:00,False,ko-codex-v1
dkc159,B,c57dc1582dd348c5101ffeb82a06dd86a246e6dd4e886f81b810aee9a09abd1f,dd0a6efe0ccc4e88d131db3238f5bafc84eff47c26bafb2b2ff3a377e826fb15,dd0a6efe0ccc4e88d131db3238f5bafc84eff47c26bafb2b2ff3a377e826fb15,revised,4,2026-10-03T07:52:12.912302+00:00,False,ko-codex-v1
dkd1xf,A,d7af3041a935cdae43e4f7041722e6cc08cc73b4d6b6507ffcdae9bd844ba1d3,dd96ede3f244797da5165204b465d8259a05cfb37eb74a02841e8e4839a09639,dd96ede3f244797da5165204b465d8259a05cfb37eb74a02841e8e4839a09639,revised,4,2026-10-03T07:01:51.185230+00:00,False,ko-codex-v1
dkd1xf,B,2d6008a2feb3ec9103645fb290444eb69dc0031638a61140e5bf23c5d62e21b1,d417ca3dfc5dc8eeb794063bcadfaf20b1697b3038e0a4dbb0d6d3047ecb56b3,d417ca3dfc5dc8eeb794063bcadfaf20b1697b3038e0a4dbb0d6d3047ecb56b3,revised,5,2026-10-03T01:44:35.740088+00:00,False,ko-codex-v1
dknt2a,A,bbff0fa9ff298e9f63b8490c2fcd529a92abf7473bdc0c5df1494bfbd7a6e969,767c744c63d65ea568b9f92b019a30076c518a1a6898647b0832d2953d67efef,767c744c63d65ea568b9f92b019a30076c518a1a6898647b0832d2953d67efef,revised,4,2026-10-03T11:11:22.187079+00:00,False,ko-codex-v1
dknt2a,B,618c17c5dfc17d42fddbe813332f98aebb2bbfffebae82afe849d18d122a0fe4,076bf0451e3b0e618b0eb809a380c5e9634d258fe0ed5cadf5c9478cbf0dda9e,076bf0451e3b0e618b0eb809a380c5e9634d258fe0ed5cadf5c9478cbf0dda9e,revised,1,2026-10-03T03:32:50.209148+00:00,False,ko-codex-v1
dkv8me,A,c159356597211d29c0ac847e3f7809812d5652263123d844e2fe363f5c589ed2,ad0c07afc7b6969f52e1f5da71d7d68352eb4df278437e009961e1872bb4d1bc,ad0c07afc7b6969f52e1f5da71d7d68352eb4df278437e009961e1872bb4d1bc,revised,6,2026-10-02T21:04:29.441518+00:00,False,ko-codex-v1
dkv8me,B,fd1d15535e0d98093160095054288631524ee2441d3192b997a63c29cfb34053,56ce9da08a5b62d222b05fac577f7d99976be35c1e1a5cce759aaa8a46fb22d9,56ce9da08a5b62d222b05fac577f7d99976be35c1e1a5cce759aaa8a46fb22d9,revised,4,2026-10-02T21:58:01.054353+00:00,False,ko-codex-v1
dl0c80,A,4fd2b82de927a491e7cc8a7e1f528fad414cd96cd52b4830c8dc57b84bf30206,56314ffa554e22476a8854cb9f7f6283f5fc65943b5bd3b56dca8e1ed99bd3db,56314ffa554e22476a8854cb9f7f6283f5fc65943b5bd3b56dca8e1ed99bd3db,revised,3,2026-10-02T21:39:56.861676+00:00,False,ko-codex-v1
dl0c80,B,7f7d2d34e02873bc3b65cdeab038000e22cf29d6f619a6915acf39160d1cf3e5,f2f2614267096ca9c12fc0bde9a809f3ae76bcbc5f6fc8d382632c5d2f162f14,f2f2614267096ca9c12fc0bde9a809f3ae76bcbc5f6fc8d382632c5d2f162f14,revised,3,2026-10-03T04:49:14.172357+00:00,False,ko-codex-v1
dl6ghn,A,cd36e3620e724c41d5e1a6faa9996e09e236e2461350f2e411ad796e45b63b25,38a5bb151065cede63014b8cea5f539af805b3222dfe79f5c2caca1ddb4a304a,38a5bb151065cede63014b8cea5f539af805b3222dfe79f5c2caca1ddb4a304a,revised,2,2026-10-02T21:29:44.363580+00:00,False,ko-codex-v1
dl6ghn,B,6f8fd6c4cbbc0415c83d9d08f0bc2def675e7f56e6a9148a6e8991b6aa93952c,046fb2a3b60039dbde08ed88a0e0e7d980ac30ad415816715b7d8ab29023df33,046fb2a3b60039dbde08ed88a0e0e7d980ac30ad415816715b7d8ab29023df33,revised,3,2026-10-02T22:23:49.254613+00:00,False,ko-codex-v1
dl6zob,A,e5a88c4cac7108d664fe916d9ad0f3d2b599dfccf35a70b686e7a47ded1dcfa2,17080865db37245024b06706ee6136cdada3ab9f884af7d33a52a7ddc5249dd8,17080865db37245024b06706ee6136cdada3ab9f884af7d33a52a7ddc5249dd8,revised,5,2026-10-03T01:59:29.746140+00:00,False,ko-codex-v1
dl6zob,B,13fe0049583c77269e01f482783515e7baba14bc5c41ded12bcb2406cb23ecb8,a9ff78e60dfd3781e52d398c4b84ee51a27b5ebb5eba07f237ca3986df357026,a9ff78e60dfd3781e52d398c4b84ee51a27b5ebb5eba07f237ca3986df357026,revised,4,2026-10-03T01:25:54.747057+00:00,False,ko-codex-v1
dl909p,A,36ea58b1a8e47d5dbe22758701845f10fd398284084884b3f2be23379fbce450,b8a31fb87f1c75c4e20e7ab6166e3022f1e0dc28eb0a66efadfdf46ee007d939,b8a31fb87f1c75c4e20e7ab6166e3022f1e0dc28eb0a66efadfdf46ee007d939,revised,5,2026-10-03T00:47:12.354573+00:00,False,ko-codex-v1
dl909p,B,316e2cf2fd0395053f39837e07beea103a9a050e5f24919f432897915cb6134e,c6eeefb5197ecb3e0ceb4f194e4731bd1d70aa2493d9e2ec009e11030a22c24d,c6eeefb5197ecb3e0ceb4f194e4731bd1d70aa2493d9e2ec009e11030a22c24d,revised,3,2026-10-03T06:31:54.973221+00:00,False,ko-codex-v1
dlch6f,A,26adfc02362ac1498ccf56e8309bc9af2937fc2ba90bfb48bfa5cc0f5d45b113,eab8db3e31d1ccef40cfb8ca7ce5fb7f60571c4e43b5edb0ce1d6531251a983b,eab8db3e31d1ccef40cfb8ca7ce5fb7f60571c4e43b5edb0ce1d6531251a983b,revised,5,2026-10-03T12:09:27.661585+00:00,False,ko-codex-v1
dlch6f,B,e8edb44daa3fe794792b34c016ac6efdf7f5393613754978c3fa8b66c7b28952,65293901f3d9a9b03bd117ecfca02b27992744b3adc8395b6d1a49f4359cc596,65293901f3d9a9b03bd117ecfca02b27992744b3adc8395b6d1a49f4359cc596,revised,2,2026-10-03T12:30:51.381803+00:00,False,ko-codex-v1
dlfakj,A,1562a24fe0bf42aabddf37c855171cd72db19daebd7b069ea3cb75760470bc32,1562a24fe0bf42aabddf37c855171cd72db19daebd7b069ea3cb75760470bc32,1562a24fe0bf42aabddf37c855171cd72db19daebd7b069ea3cb75760470bc32,pass,0,2026-10-03T01:23:54.988091+00:00,False,ko-codex-v1
dlfakj,B,a32a446f350fcb1efef21b5594a67603459574f5722a6924a814bf46f3e1f03c,2f855fbaa1038e6f74cb92f2d144a506e4cb3665e88e4062753fb42517bf7eb1,2f855fbaa1038e6f74cb92f2d144a506e4cb3665e88e4062753fb42517bf7eb1,revised,4,2026-10-03T08:48:15.143738+00:00,False,ko-codex-v1
dlfuvn,A,48c0892f791fb580b2f397ca2fc9941ed39ddae9de08de9b33eb533ae976e551,2e1dd7fec308896bfd2216a19d232b56f1ef46bd8c0ebeb76b330dd4fdaa0171,2e1dd7fec308896bfd2216a19d232b56f1ef46bd8c0ebeb76b330dd4fdaa0171,revised,2,2026-10-03T11:54:13.357111+00:00,False,ko-codex-v1
dlfuvn,B,15907e4869ef3198848ff26d2b4e27fc8c06438575884f61b20d6a3f77dda839,b85f9305e3fec66f7c7bcbe83a5a4ef76dae3acf70f61fe3718fe4a7b38d8c2b,b85f9305e3fec66f7c7bcbe83a5a4ef76dae3acf70f61fe3718fe4a7b38d8c2b,revised,1,2026-10-03T08:49:17.853925+00:00,False,ko-codex-v1
dlhqgu,A,ecaa00c21883eade568b38a580d568a8a2b57cc2c3a6a153d98bb2a93aa2a096,3a7b18a54417558f39bb6667917bf5897fa52ada8e0dcf1d3d1a4855ae1d0cf9,3a7b18a54417558f39bb6667917bf5897fa52ada8e0dcf1d3d1a4855ae1d0cf9,revised,3,2026-10-03T04:07:43.284101+00:00,False,ko-codex-v1
dlhqgu,B,8e7ed42b5a02b5cb53310f1a1bd9e3d3fbb15f601325b484c4ffd292da522b7b,c1c973ec73ac6246e5a90d241ebbd7f3c3f2ee8c9da5fc7f4fc2eadb087931af,c1c973ec73ac6246e5a90d241ebbd7f3c3f2ee8c9da5fc7f4fc2eadb087931af,revised,2,2026-10-03T03:26:59.150911+00:00,False,ko-codex-v1
dlljgo,A,c13bb56de4ff59a50c04ced28de12507bad3354ebeac4cb66530886726694335,238865fac500346459e4efaea9cbade71d838fa25f71ff464a800753a68fe060,238865fac500346459e4efaea9cbade71d838fa25f71ff464a800753a68fe060,revised,5,2026-10-03T12:08:47.109062+00:00,False,ko-codex-v1
dlljgo,B,d254943720dd3662d13341d636189464a155a9568a1a7fe980a9f6f188ff47a1,5d23936e115844f20fead1b14acbd613e9ddb600485fd1459b7633319fece713,5d23936e115844f20fead1b14acbd613e9ddb600485fd1459b7633319fece713,revised,3,2026-10-02T22:29:30.646294+00:00,False,ko-codex-v1
dlmhe0,A,cf1ccd8df117214087619eb1723fd6d4fc5cd64e92c8d7c61fc6ca56992e9098,dc5fdd96670c392764a5feb02e3aa633307c15657819ab52d3a52d2396b5f198,dc5fdd96670c392764a5feb02e3aa633307c15657819ab52d3a52d2396b5f198,revised,1,2026-10-03T05:29:10.229408+00:00,False,ko-codex-v1
dlmhe0,B,f8bb885b3ad60f95e5ea43a3b533e501e35c27daa8363a248791f393106d45d1,9761395b98ce5d4c8cdc5f38c8dac162ab6227344994f6a5101d16f44f75ae37,9761395b98ce5d4c8cdc5f38c8dac162ab6227344994f6a5101d16f44f75ae37,revised,3,2026-10-03T11:01:51.395260+00:00,False,ko-codex-v1
dmb6x0,A,25d1eabefe6f5207723b75e4183c987fa03a78c8b96b709927e8b2903b3cdd76,b00b53f2f454fb6958c836d2514bbbae501e8ab1e652061d940e211fe1204abb,b00b53f2f454fb6958c836d2514bbbae501e8ab1e652061d940e211fe1204abb,revised,3,2026-10-03T08:22:55.118777+00:00,False,ko-codex-v1
dmb6x0,B,4c448442581b89cf968e4e4c917a8e4917ae18ccf17a0fcb8c0af06546c4d75f,5ba484e2351c01a9ec84aa86a2b625863127fb3bcfdcfb760a97557e81d4f286,5ba484e2351c01a9ec84aa86a2b625863127fb3bcfdcfb760a97557e81d4f286,revised,2,2026-10-02T23:31:17.094756+00:00,False,ko-codex-v1
dmbz1c,A,047886e4e717c253f7072ad18e0401952d089052da3a06389cdb87936331d46d,acf5c846609e6a8575384cba3ad0f4008c3692906388d4b180e06b4dc802043a,acf5c846609e6a8575384cba3ad0f4008c3692906388d4b180e06b4dc802043a,revised,2,2026-10-03T00:23:31.228197+00:00,False,ko-codex-v1
dmbz1c,B,c2a8afc515d3a6d7497dea867c7b29d60404d8325d0b69d275b9b6f0c4a55082,c2a8afc515d3a6d7497dea867c7b29d60404d8325d0b69d275b9b6f0c4a55082,c2a8afc515d3a6d7497dea867c7b29d60404d8325d0b69d275b9b6f0c4a55082,pass,0,2026-10-03T05:52:11.779526+00:00,False,ko-codex-v1
dmdgq0,A,8e9739ae19e845c7c47c4ed14f18f44765182c8fcfd6eca424e97d602d5fb6ac,a4fae609338f317660bdefa2c2abae5fb7c4dbd33da717d5514378b549027b98,a4fae609338f317660bdefa2c2abae5fb7c4dbd33da717d5514378b549027b98,revised,1,2026-10-03T05:16:07.265699+00:00,False,ko-codex-v1
dmdgq0,B,65bbd746ac30234c0d10e66b3e831567fb01eb3d12d6334c4038edd888cf764c,b17857fe864a97f17e3165b2bfb96023a40e6c0ad87445673c748147c16fdd4f,b17857fe864a97f17e3165b2bfb96023a40e6c0ad87445673c748147c16fdd4f,revised,4,2026-10-03T03:38:33.414654+00:00,False,ko-codex-v1
dmkdp4,A,9ac075499cd8c7e10c79b0e0ea07d58c299022453caca5d478e4df1e8aa62f78,0fc7624ee5a950e1daf088a4db74ae421ff85c9a58c3eb25f3203bd9303375f5,0fc7624ee5a950e1daf088a4db74ae421ff85c9a58c3eb25f3203bd9303375f5,revised,1,2026-10-03T11:27:50.746270+00:00,False,ko-codex-v1
dmkdp4,B,2498c4d082cd5c4f4acc4c703de0a846c6bdc85580eb8946da4d7817697d10fd,2498c4d082cd5c4f4acc4c703de0a846c6bdc85580eb8946da4d7817697d10fd,2498c4d082cd5c4f4acc4c703de0a846c6bdc85580eb8946da4d7817697d10fd,pass,0,2026-10-03T01:54:25.812223+00:00,False,ko-codex-v1
dmlw0i,A,cbf5efce8ef127a63b47f6ac2e67efb6ecc96a34385040d484ec7b9e7f3bae1e,93a1340709f6ddb66340a4147e2da4dee3e90bf4493a348db8d97e384b085200,93a1340709f6ddb66340a4147e2da4dee3e90bf4493a348db8d97e384b085200,revised,2,2026-10-03T00:38:10.985877+00:00,False,ko-codex-v1
dmlw0i,B,8d0cc203d3652039eb8744bf7e55e17ebb6cfff3f1e79b7398ed3135021b1930,8d0cc203d3652039eb8744bf7e55e17ebb6cfff3f1e79b7398ed3135021b1930,8d0cc203d3652039eb8744bf7e55e17ebb6cfff3f1e79b7398ed3135021b1930,pass,0,2026-10-03T00:17:02.165858+00:00,False,ko-codex-v1
dmras9,A,f05c6fb5f53766569b98ca4f74a83c54739d375c8ee4ef78e1795eaa7cbce3a9,490b36ee4642ce1304fc80cf0a7318ea8a3c77fdb671b2c9cdb5b17820c0161b,490b36ee4642ce1304fc80cf0a7318ea8a3c77fdb671b2c9cdb5b17820c0161b,revised,3,2026-10-03T04:32:44.134642+00:00,False,ko-codex-v1
dmras9,B,789694e0a1dd8cc21462829bf41ad5a76457fdd617c89bfc49fc01822842d4af,789694e0a1dd8cc21462829bf41ad5a76457fdd617c89bfc49fc01822842d4af,789694e0a1dd8cc21462829bf41ad5a76457fdd617c89bfc49fc01822842d4af,pass,0,2026-10-03T06:52:08.213017+00:00,False,ko-codex-v1
dmuqix,A,50f9da3f9b3234a634390086176da044322595d35ee61a3eb414fb437d834c9d,c659863131814a16e7055e09222a70b2115914854e3bfca73090701b67a11da9,c659863131814a16e7055e09222a70b2115914854e3bfca73090701b67a11da9,revised,3,2026-10-03T06:12:52.464188+00:00,False,ko-codex-v1
dmuqix,B,7d393e70d01cab0f0edf4841a78d562c9bea32b274c71a83a823d9982efe4b1f,2e09561df9c304ba250ba387f9d57d7a770f875244322d63f3f782ff35c329ca,2e09561df9c304ba250ba387f9d57d7a770f875244322d63f3f782ff35c329ca,revised,3,2026-10-03T06:04:25.537000+00:00,False,ko-codex-v1
dn4w68,A,5e67ac029476e9e4cef88381f23ff3d23f8c10f96e7561ae82207a54d4c74ebe,5e67ac029476e9e4cef88381f23ff3d23f8c10f96e7561ae82207a54d4c74ebe,5e67ac029476e9e4cef88381f23ff3d23f8c10f96e7561ae82207a54d4c74ebe,pass,0,2026-10-02T21:20:03.301272+00:00,False,ko-codex-v1
dn4w68,B,714a655740c47a83ae5a412645606e6168a8fd9e08a450f7ad4a41bfcca884b7,714a655740c47a83ae5a412645606e6168a8fd9e08a450f7ad4a41bfcca884b7,714a655740c47a83ae5a412645606e6168a8fd9e08a450f7ad4a41bfcca884b7,pass,0,2026-10-03T05:22:28.368072+00:00,False,ko-codex-v1
dn58hy,A,4bee0cc746f9883e20c7733d1685c93f05d7eea587e69c7f93a3f93c659d858d,b31294cf1775bb0640b9efed010a59d0c15936da50cfaaf195a5e3e17046c4db,b31294cf1775bb0640b9efed010a59d0c15936da50cfaaf195a5e3e17046c4db,revised,4,2026-10-03T12:34:50.706437+00:00,False,ko-codex-v1
dn58hy,B,46a18468adb4adee86585339f9b72f460419408a7df5efc460107a066618749d,3c188fa3ad1e4184c4dd5547402c175517b27232a13a6f8a0a64fada3f87866d,3c188fa3ad1e4184c4dd5547402c175517b27232a13a6f8a0a64fada3f87866d,revised,1,2026-10-02T21:56:58.267830+00:00,False,ko-codex-v1
dnciab,A,27160cead17b69f5da075edb7f83c652ded9a41f068b83b2bd2c610761cfad29,2aeda8b88215b59dd2b3757f20ab24c6f9491365a7f1461d62fc2aec6b1af414,2aeda8b88215b59dd2b3757f20ab24c6f9491365a7f1461d62fc2aec6b1af414,revised,4,2026-10-03T05:07:06.802679+00:00,False,ko-codex-v1
dnciab,B,5538f5fedefd1898fb21c246c923968ab0a92564ecf75a62a751cd5f266b9048,4169ba9886375d3d8554c716a28f55e6901be4c496f8e19fdea77b914ad177f8,4169ba9886375d3d8554c716a28f55e6901be4c496f8e19fdea77b914ad177f8,revised,3,2026-10-03T08:31:56.942403+00:00,False,ko-codex-v1
dncyrc,A,7b380af955d453db3eaf1ce3ef517741f9d2d0fdb931b80283544f17b77bb347,95df6acc680c0dea8243f29dc78bfe06ff60a07438a282b99d62a9ad3f3f6b01,95df6acc680c0dea8243f29dc78bfe06ff60a07438a282b99d62a9ad3f3f6b01,revised,3,2026-10-03T08:29:08.671632+00:00,False,ko-codex-v1
dncyrc,B,3043756ca3add417639f5cd6164cca2988d8b1d59659894ee2dbfde59b2b4217,d029b181a811b93901e844fd8537a0289deb12231c9f19ae75a48bb10b307ce7,d029b181a811b93901e844fd8537a0289deb12231c9f19ae75a48bb10b307ce7,revised,2,2026-10-03T12:16:51.893563+00:00,False,ko-codex-v1
dni02u,A,6752f05141eb4cabd9d4c1ff7c5a7d04a78d995dea17abd09066a48d4302804b,0feccc23e98fc4d325297e7cf6bddf3e08128908675087bd836f4151ebee9b38,0feccc23e98fc4d325297e7cf6bddf3e08128908675087bd836f4151ebee9b38,revised,4,2026-10-02T22:40:41.244800+00:00,False,ko-codex-v1
dni02u,B,a6b656ba62b0406b711c76fca4928d2869401f3675222501952efcc09baafab2,a6b656ba62b0406b711c76fca4928d2869401f3675222501952efcc09baafab2,a6b656ba62b0406b711c76fca4928d2869401f3675222501952efcc09baafab2,pass,0,2026-10-02T21:20:18.982401+00:00,False,ko-codex-v1
dnot8q,A,ecec4539e0ac2451413ff66ae5e3847faa036e30a7c84be31b5c097490e49638,ae69011e9b8a569288d43ea0a237be2149a2365eaf19220d1e8ea942b0bb2f0b,ae69011e9b8a569288d43ea0a237be2149a2365eaf19220d1e8ea942b0bb2f0b,revised,3,2026-10-03T02:50:57.040853+00:00,False,ko-codex-v1
dnot8q,B,076d9d26ee200b4d42b1dfb8e9b50feaa89c2e4a2e380e63f392257033aad1a2,5ebbb3db5f7e94f2ca3813a40846108d0771f15d12934b9fcb2de8c3651ff10d,5ebbb3db5f7e94f2ca3813a40846108d0771f15d12934b9fcb2de8c3651ff10d,revised,2,2026-10-03T02:57:01.535253+00:00,False,ko-codex-v1
dnqemq,A,ef2ad9ffc014211e22cf379d88285ed50866a6e10465614475a6f35291d1920f,ef2ad9ffc014211e22cf379d88285ed50866a6e10465614475a6f35291d1920f,ef2ad9ffc014211e22cf379d88285ed50866a6e10465614475a6f35291d1920f,pass,0,2026-10-03T04:11:14.837750+00:00,False,ko-codex-v1
dnqemq,B,d5ead79d369715a419d98e2e00f51fe8a624fcc8468d080b60a8eabc5d676da6,d5ead79d369715a419d98e2e00f51fe8a624fcc8468d080b60a8eabc5d676da6,d5ead79d369715a419d98e2e00f51fe8a624fcc8468d080b60a8eabc5d676da6,pass,0,2026-10-02T21:35:34.094639+00:00,False,ko-codex-v1
dntdse,A,af9e2af217688306ab5ce06f94bcd0064a8534d38cdbf2faff2c4a68935ad3bb,84ed931120388e9109431789cb89ac3ed79139b773bfd01be65de5561353e6df,84ed931120388e9109431789cb89ac3ed79139b773bfd01be65de5561353e6df,revised,6,2026-10-03T02:39:02.781823+00:00,False,ko-codex-v1
dntdse,B,31e4a17f1ef82e3245afd4fe6415bdba23f305f32d068f2429380f43ed8e6268,0c918665c9737731fe59f2b12d02769b329aeae314da5386ffb7cce40c2930f8,0c918665c9737731fe59f2b12d02769b329aeae314da5386ffb7cce40c2930f8,revised,4,2026-10-03T11:26:27.594290+00:00,False,ko-codex-v1
dnwu2x,A,33ab3573dff5707cfbc619e4ba7a5df83fc284b380eb764296fc5cbb5fe37319,040d30565af0487cb0dc506eecf1aa07174e519b5f726ed10e0569eed60b98b8,040d30565af0487cb0dc506eecf1aa07174e519b5f726ed10e0569eed60b98b8,revised,2,2026-10-02T23:21:35.288130+00:00,False,ko-codex-v1
dnwu2x,B,5423f9122642253c778e9a6b27a0ffafaec87b278258bc7b04f01cf9c384b061,ae3d5557f4e1beb904081c24adc0c133712fb52d323cc08fffd1035cbdad9ac8,ae3d5557f4e1beb904081c24adc0c133712fb52d323cc08fffd1035cbdad9ac8,revised,5,2026-10-02T23:20:29.760520+00:00,False,ko-codex-v1
dnyzhj,A,431ea2dd12a3eaf81b627dd761d01716d1a936a665692f67d3f1052a6c5d0055,868479dd69db047d95a9e09e355b73d05f2eae673eaac32cc254b6b14af31e45,868479dd69db047d95a9e09e355b73d05f2eae673eaac32cc254b6b14af31e45,revised,3,2026-10-02T23:57:38.182924+00:00,False,ko-codex-v1
dnyzhj,B,ae177e13127613f87d9955f693a430420c597b45f1c02f46f1b4d3282adc1426,a84c28fb8639450286fdad83d3b329502b92ca99f595e41e0b758b6bd3ee0a58,a84c28fb8639450286fdad83d3b329502b92ca99f595e41e0b758b6bd3ee0a58,revised,4,2026-10-03T08:08:56.095467+00:00,False,ko-codex-v1
dnz8bz,A,b55ca5066708a060fc0512e738e263e3473c15094d404d28135fe009b9ea84b0,03c11bce600122559c8b17c08d7e82f06a50dfc74c551b27df99d304f30e0ecc,03c11bce600122559c8b17c08d7e82f06a50dfc74c551b27df99d304f30e0ecc,revised,3,2026-10-02T23:44:29.153471+00:00,False,ko-codex-v1
dnz8bz,B,a6646207b8c88f89b845448674f32a5add4a99f6209d437438c45af07e7effa6,b7fdbf1bdb4b32000de7dd8999e057fb41382bd57b1bc07b56b997307f37e797,b7fdbf1bdb4b32000de7dd8999e057fb41382bd57b1bc07b56b997307f37e797,revised,4,2026-10-02T21:23:16.724810+00:00,False,ko-codex-v1
dohhny,A,843ee144b5da449c97714f346f8317dd9982618ea4cb7e11eb3f32a526868553,212b78824427db6fcd8c6e3724b785d6037fd6ced5a35d966ec8282795e03da0,212b78824427db6fcd8c6e3724b785d6037fd6ced5a35d966ec8282795e03da0,revised,4,2026-10-03T06:42:29.528092+00:00,False,ko-codex-v1
dohhny,B,61c6b0bbac8c43b2e6a85ab83e3821015fe98ec4898b874a212abf29d575197b,35bd1b1ca44c02b7be2fac65a7e380f9b751f5931ab1f16dc12b5e60045b1211,35bd1b1ca44c02b7be2fac65a7e380f9b751f5931ab1f16dc12b5e60045b1211,revised,4,2026-10-03T00:41:15.158646+00:00,False,ko-codex-v1
dok80d,A,38a3c9120f59a1f92d64610685d62e9fbd567315be6bd639cfaef8dd53d02bd2,213d58e6647bad5a524fe4994269ccc262ffddb7d5cbb4bad7d30dd5dbac7c7e,213d58e6647bad5a524fe4994269ccc262ffddb7d5cbb4bad7d30dd5dbac7c7e,revised,1,2026-10-03T05:43:33.973554+00:00,False,ko-codex-v1
dok80d,B,7881703ffa70b73baed01ff05c51ee4796f29fee4b6458a6a4a4b658ebe06d14,623b9c5bac14a500b219a987408bed3c3e31e2e566b4c58cca31fc41171f4051,623b9c5bac14a500b219a987408bed3c3e31e2e566b4c58cca31fc41171f4051,revised,4,2026-10-02T21:26:45.504410+00:00,False,ko-codex-v1
don189,A,92416681fde4ff68145b5cbb5bd3eb72cb54cba041700c75feb8303d07c333de,c94e1f98e286960952df22a849263275aa413e2e73420ca607944151c66876c7,c94e1f98e286960952df22a849263275aa413e2e73420ca607944151c66876c7,revised,2,2026-10-03T05:11:23.543610+00:00,False,ko-codex-v1
don189,B,622740cd7bccc4290b48ce1c9cab236ee490432ce836abdb12898dbcabfb2602,622740cd7bccc4290b48ce1c9cab236ee490432ce836abdb12898dbcabfb2602,622740cd7bccc4290b48ce1c9cab236ee490432ce836abdb12898dbcabfb2602,pass,0,2026-10-02T22:03:15.715712+00:00,False,ko-codex-v1
doyi6h,A,98351e23e1b47e08be46aa5dda533745fb0e354ae808f65daa1ccb5afc399510,9f1125daff5a4f6d975dc2a1a2abdfc793f7191c0a95bff1957abed3c5c20c79,9f1125daff5a4f6d975dc2a1a2abdfc793f7191c0a95bff1957abed3c5c20c79,revised,3,2026-10-02T21:16:21.674898+00:00,False,ko-codex-v1
doyi6h,B,d0f72cc99848274baeebd0e8f066f4eea73cb1cb6636f377fd08093f1efcad2d,9406c020c7e21c46b482aa4b73a7bbdc6dcadf9d94c13d676e9b77aae2009b78,9406c020c7e21c46b482aa4b73a7bbdc6dcadf9d94c13d676e9b77aae2009b78,revised,3,2026-10-03T05:31:14.163688+00:00,False,ko-codex-v1
dozihb,A,c58212c67d325ad222cffff02e4e0d931f089c71afe9e4ef702fd67b59901d50,1d17d04891a8eeaf18631b6fdc8b4b903b50b3e5c4c562b75906cd16a1dfee1e,1d17d04891a8eeaf18631b6fdc8b4b903b50b3e5c4c562b75906cd16a1dfee1e,revised,3,2026-10-02T22:35:30.846472+00:00,False,ko-codex-v1
dozihb,B,b577e3ef85a5634f97337fb3d3152f74bc973d13c7614f982d7d2a0b5fddaaa0,88f8acb960d6e07861ba7ff5d67bceb3eb78feaa5a6c8dd362ec47292aead069,88f8acb960d6e07861ba7ff5d67bceb3eb78feaa5a6c8dd362ec47292aead069,revised,6,2026-10-03T06:59:11.560726+00:00,False,ko-codex-v1
dp0qgr,A,410260f70f3a4a86989eabb18b21f6d0655f329a19c5a04487ec320011d52e4b,2be23fa5410c91cbb70fc9a190a0c754006cbb418d34826b280f92e03886190f,2be23fa5410c91cbb70fc9a190a0c754006cbb418d34826b280f92e03886190f,revised,1,2026-10-03T08:48:56.119022+00:00,False,ko-codex-v1
dp0qgr,B,85954d1b9c32ad2a746726dfc035d7b14c9c7c58584892338e5666db355a4770,5350fba54b312677f9cb18472a6003190152d088fce3530305427a8fcc0d65e5,5350fba54b312677f9cb18472a6003190152d088fce3530305427a8fcc0d65e5,revised,4,2026-10-03T05:44:40.121124+00:00,False,ko-codex-v1
dp1tho,A,b65e0ed74ee0895f8ae3d2b670fd528bbc9de9275b9dfe89f8cdb92c41cb9d0b,63c4931cc7368f72ca814f6f74b1cee234cf20e8e66f35681dd20fa7078eb690,63c4931cc7368f72ca814f6f74b1cee234cf20e8e66f35681dd20fa7078eb690,revised,3,2026-10-02T23:56:27.078504+00:00,False,ko-codex-v1
dp1tho,B,c57c88662acf717c5d32c52e0e0efa451242c693e496e40103e061f82bba996f,9ec6b8b291b3779753d690b9e01e137207ddeae1f6c6a59511df5532f0a662b4,9ec6b8b291b3779753d690b9e01e137207ddeae1f6c6a59511df5532f0a662b4,revised,2,2026-10-03T08:49:51.420187+00:00,False,ko-codex-v1
dp35d8,A,0ecf62f5ecd4096d26b612026dfb376478e15e8eb12343988dbea90e0b98472a,bdeb62ec3ee6fda520fca0907f7b47691d9ee360eaf712e0e078183d3a19b8a3,bdeb62ec3ee6fda520fca0907f7b47691d9ee360eaf712e0e078183d3a19b8a3,revised,5,2026-10-03T06:45:59.253864+00:00,False,ko-codex-v1
dp35d8,B,2d652f5ba99ea464f025d3e8cfda449b334f798b5515d19a0467e6dbb66fefbf,fbd8987bc28794c0adecd27277d470b1aa63ee67be249205c7a3dc17c527b679,fbd8987bc28794c0adecd27277d470b1aa63ee67be249205c7a3dc17c527b679,revised,1,2026-10-02T22:22:15.852534+00:00,False,ko-codex-v1
dp5iy2,A,69a6a045d2db8728e6925a5f4f2bf5f4575b96c5925503b4fb326acff94f7f66,017c045797b4b5e63d64d2c7a0164dab1aedc588b1b457e54137d9c3ae8a1acf,017c045797b4b5e63d64d2c7a0164dab1aedc588b1b457e54137d9c3ae8a1acf,revised,3,2026-10-03T06:08:46.465956+00:00,False,ko-codex-v1
dp5iy2,B,b7244ebf1f61bdf157f0ef291d61c8f4c453f8927ff7789c8e93d9f284ebd6a3,b7244ebf1f61bdf157f0ef291d61c8f4c453f8927ff7789c8e93d9f284ebd6a3,b7244ebf1f61bdf157f0ef291d61c8f4c453f8927ff7789c8e93d9f284ebd6a3,pass,0,2026-10-02T22:19:35.123449+00:00,False,ko-codex-v1
dpeg2e,A,1630b32f72963cf4ce0cf3592bd154c7525e2b1f674ace3fb2dd3fcdd1795e0a,55ea58c95a5a19730edf2733914e1fd8686fcc88b204fb2ab1518cb4c78197bf,55ea58c95a5a19730edf2733914e1fd8686fcc88b204fb2ab1518cb4c78197bf,revised,1,2026-10-03T07:44:48.606661+00:00,False,ko-codex-v1
dpeg2e,B,f60ccb41d3cbce9b74fff33c4d62651ea0aad5168b096320554fa416154a356a,5e240da2ca7d70b6f5d0d0f3ae5de2199f5871740f0bdec1312b47632d4af19a,5e240da2ca7d70b6f5d0d0f3ae5de2199f5871740f0bdec1312b47632d4af19a,revised,3,2026-10-03T05:16:48.423740+00:00,False,ko-codex-v1
dpo97a,A,5d61a77fd2ed9bc207384a35b1bd69824fbed158aa30581ff05959efa11a490a,d9f11e8179f743121e1c646053dfd71acea10d6e52ba9ae71012179659a1a7fc,d9f11e8179f743121e1c646053dfd71acea10d6e52ba9ae71012179659a1a7fc,revised,3,2026-10-02T21:17:09.807393+00:00,False,ko-codex-v1
dpo97a,B,f681a33efdae41eb8d444801e0b18479237a6c8a17e362a93ffa7cd47931c4ea,f681a33efdae41eb8d444801e0b18479237a6c8a17e362a93ffa7cd47931c4ea,f681a33efdae41eb8d444801e0b18479237a6c8a17e362a93ffa7cd47931c4ea,pass,0,2026-10-02T23:22:35.134051+00:00,False,ko-codex-v1
dpoen7,A,118d69c2fd5d4a17da40026641fe8ed9088f27c01f76277c8f904d6354d263a6,118d69c2fd5d4a17da40026641fe8ed9088f27c01f76277c8f904d6354d263a6,118d69c2fd5d4a17da40026641fe8ed9088f27c01f76277c8f904d6354d263a6,pass,0,2026-10-03T08:30:25.679320+00:00,False,ko-codex-v1
dpoen7,B,d635824ed63c2987594b55c0ab468b490a75b8be1ef3d03b74140d7bef9e72a6,d635824ed63c2987594b55c0ab468b490a75b8be1ef3d03b74140d7bef9e72a6,d635824ed63c2987594b55c0ab468b490a75b8be1ef3d03b74140d7bef9e72a6,pass,0,2026-10-03T06:27:41.348498+00:00,False,ko-codex-v1
dpp1jx,A,96a8dded0e40b1f56b332bc37825be2f1f0a6a36b9ab522fac8866e44b9623d7,a8c7538f746d3b8c54b24f0b2426048cb2dc6ae9fc9acfa3800a661c3c1a8f9b,a8c7538f746d3b8c54b24f0b2426048cb2dc6ae9fc9acfa3800a661c3c1a8f9b,revised,1,2026-10-03T03:07:37.542567+00:00,False,ko-codex-v1
dpp1jx,B,b1b801d42a5a0532c181e259b0c33f6dc057385243d42afa1a83b919a1950d20,b1b801d42a5a0532c181e259b0c33f6dc057385243d42afa1a83b919a1950d20,b1b801d42a5a0532c181e259b0c33f6dc057385243d42afa1a83b919a1950d20,pass,0,2026-10-03T08:55:29.674833+00:00,False,ko-codex-v1
dpppvj,A,ed479e51b35b50926bb5a3426361fee980257434fbb78603ea418fe03d1b854c,eaf21935d5bcd9af92d1df73c6208cbf117d21053d9eebebe1118164048a53f0,eaf21935d5bcd9af92d1df73c6208cbf117d21053d9eebebe1118164048a53f0,revised,2,2026-10-03T07:05:55.709450+00:00,False,ko-codex-v1
dpppvj,B,b49f20d86148ddfda470a2de757e3b443dd9124aeddb21060ed9f53b7757de8b,b49f20d86148ddfda470a2de757e3b443dd9124aeddb21060ed9f53b7757de8b,b49f20d86148ddfda470a2de757e3b443dd9124aeddb21060ed9f53b7757de8b,pass,0,2026-10-02T21:42:29.363835+00:00,False,ko-codex-v1
dpq0c9,A,fe8526cce85f6faf55c987cbb05a8b4cb1063d24d54b031ea90c5622f83fffe5,eeaaccedcb03b32d7df9603dcfcd00e90f6e694d1d8faaf13a5f311f68ba96b9,eeaaccedcb03b32d7df9603dcfcd00e90f6e694d1d8faaf13a5f311f68ba96b9,revised,3,2026-10-03T06:38:08.651248+00:00,False,ko-codex-v1
dpq0c9,B,30bf523b6f77c2e7d2e9af874e02f5be97061e6ddd955f72a1a5ebb944108658,f343db6927f8c09a9ae8c3d5cb85215ec81d213a232445603e1f9cadccbee469,f343db6927f8c09a9ae8c3d5cb85215ec81d213a232445603e1f9cadccbee469,revised,2,2026-10-03T06:50:22.511307+00:00,False,ko-codex-v1
dpxm1b,A,6118417e4e721ed7a31cb5b2c68d6e81055aee6343baf08628004e1408f44b6a,6118417e4e721ed7a31cb5b2c68d6e81055aee6343baf08628004e1408f44b6a,6118417e4e721ed7a31cb5b2c68d6e81055aee6343baf08628004e1408f44b6a,pass,0,2026-10-03T03:04:16.301004+00:00,False,ko-codex-v1
dpxm1b,B,649725691939fb5629ad6ac12a6f705c3f3b9670c008536f94da79e24fa3e65d,649725691939fb5629ad6ac12a6f705c3f3b9670c008536f94da79e24fa3e65d,649725691939fb5629ad6ac12a6f705c3f3b9670c008536f94da79e24fa3e65d,pass,0,2026-10-02T21:50:30.679894+00:00,False,ko-codex-v1
dq1lfs,A,d7d876a212b5247954293d4f72ce38b7255fd82a66af242aeaff667e37a56bf0,6f080c8aee1369956cfde49cecae64515a584e34bd181af743f12b2edb87f486,6f080c8aee1369956cfde49cecae64515a584e34bd181af743f12b2edb87f486,revised,3,2026-10-02T23:38:21.229903+00:00,False,ko-codex-v1
dq1lfs,B,ae46559cbebca6215f52038b219b45044bb49b0db5b9ee8e595aaa7ca90598d3,819575e24d3e95ed92d356d1afe244afb23557e9d0ca0bde427734d848be7506,819575e24d3e95ed92d356d1afe244afb23557e9d0ca0bde427734d848be7506,revised,3,2026-10-02T22:54:57.428893+00:00,False,ko-codex-v1
dqe31x,A,7e8e62c8c3d746efcc8f0bc4029bc6072de31e769ff6ef07491259b2906f589f,73669ba7ee4bcd810ffa53edfdff335a54d858637dfc87e57ba16fd4d0f60164,73669ba7ee4bcd810ffa53edfdff335a54d858637dfc87e57ba16fd4d0f60164,revised,1,2026-10-03T12:19:40.082586+00:00,False,ko-codex-v1
dqe31x,B,6d9b03978ee446bd7c4ed4ecd6dc2916b89ad335fce4deb9d7f42b8b21bb3f17,349723c9f7670d863863521661804af1869850c1f79759482bc1dad9e38e32b7,349723c9f7670d863863521661804af1869850c1f79759482bc1dad9e38e32b7,revised,3,2026-10-03T04:41:26.230350+00:00,False,ko-codex-v1
dqiq6a,A,be20842a12859327325e22ead117f0b6c614cd77672d3863381dbf471b01f91d,7f131d2bf675f2ecc87293a556da4495528d19ccf3b7ee2017dc1e7c25bb235b,7f131d2bf675f2ecc87293a556da4495528d19ccf3b7ee2017dc1e7c25bb235b,revised,2,2026-10-03T05:44:18.153279+00:00,False,ko-codex-v1
dqiq6a,B,2ab0002a5ec4ff20f96acc0ecf2b24bf3f8ccf6cef57c185949c8f79228dbbf5,3cf8a5682d4f69a67375c020c9e1d3a425a80f2b9c24be6e0b9b220b2eb83a4c,3cf8a5682d4f69a67375c020c9e1d3a425a80f2b9c24be6e0b9b220b2eb83a4c,revised,4,2026-10-03T12:33:17.802042+00:00,False,ko-codex-v1
dql59g,A,3a827f9a80f850c2317cf427dc389f78b287b74df257c3def4ec83d9a09ef493,ba4219f61b8c3e48ec1edc8fc36dd085103d9b4233b7d813dd633642ef054612,ba4219f61b8c3e48ec1edc8fc36dd085103d9b4233b7d813dd633642ef054612,revised,5,2026-10-03T04:15:41.645135+00:00,False,ko-codex-v1
dql59g,B,42bb95c3602cffcadf0e4868f8cc03724a8fba922efa7ede63f27ba901cefcf6,f229c43c6638f3a1208263d66240963a59b107e98490f7988d565947384db6b9,f229c43c6638f3a1208263d66240963a59b107e98490f7988d565947384db6b9,revised,3,2026-10-03T12:18:09.032211+00:00,False,ko-codex-v1
dqoia0,A,5e1338c936df1572ac53cd86cbff38ecca285a3b9d032731c2da8efec93940a6,f6e4a3f07ba0226fb205bc02fe5e922d0e619bf50685f1081e8636e1bfc09e9b,f6e4a3f07ba0226fb205bc02fe5e922d0e619bf50685f1081e8636e1bfc09e9b,revised,3,2026-10-03T06:21:37.629353+00:00,False,ko-codex-v1
dqoia0,B,fd1c027a2903a1bf770cda94b1287f4d8d6a9149bd26a52ada5d514826d4b5c3,9a406e5979f01cb51d7deb527db71debe6b6ede5827acfac62b813ab28873dbd,9a406e5979f01cb51d7deb527db71debe6b6ede5827acfac62b813ab28873dbd,revised,4,2026-10-03T00:53:28.656959+00:00,False,ko-codex-v1
dr2wpn,A,926f63b999c963285a9516be06383ca187c00371382da33309847c80dd861ea8,6034653009847e554d0e257412748d3d4c144b304abcd6439078fa27640a7724,6034653009847e554d0e257412748d3d4c144b304abcd6439078fa27640a7724,revised,4,2026-10-02T23:35:06.708421+00:00,False,ko-codex-v1
dr2wpn,B,b6d967b53e860c7cca3c1b4251b2663608289c098726d404c15ad644d161228c,22769d56ccd2cd89874e03800156669bf5ff3b3a91085545cc1a709b59d1187c,22769d56ccd2cd89874e03800156669bf5ff3b3a91085545cc1a709b59d1187c,revised,1,2026-10-03T08:18:46.271851+00:00,False,ko-codex-v1
dr48mt,A,d2f4366e643f83ce746fd84fd506ffc59879cf650337712d54746dd7e4cffb7f,0115468a869abf5b5e844bf87fe28e14fd34feef19daeb87ec1333e505faa941,0115468a869abf5b5e844bf87fe28e14fd34feef19daeb87ec1333e505faa941,revised,3,2026-10-03T02:52:28.094596+00:00,False,ko-codex-v1
dr48mt,B,228d921b476919139a7c023a641ce2e5cb7e4756b9e61f6bf5945434582e967f,f38bd3b606ccd0835883cf0ab9d867279cf77ba033318551c1b6a64aba5db040,f38bd3b606ccd0835883cf0ab9d867279cf77ba033318551c1b6a64aba5db040,revised,4,2026-10-02T22:49:10.285461+00:00,False,ko-codex-v1
dr4hzp,A,dd01d5277f7bded48443c53b34ebe612abda920fcc2c71a5789b8ff78cb6efa2,36b56fd1868fccd9e5a7734ac16007c05ecaf6aace4fe79a2db273b33d094b91,36b56fd1868fccd9e5a7734ac16007c05ecaf6aace4fe79a2db273b33d094b91,revised,3,2026-10-03T08:32:25.630781+00:00,False,ko-codex-v1
dr4hzp,B,9bddc3093c76630de91781956d5c07b7681f24de2b006ebdfb2b4675ab200e4a,a184a96e834210525e4517f71b5e18e092d6582214254d0e803fbdcacd312740,a184a96e834210525e4517f71b5e18e092d6582214254d0e803fbdcacd312740,revised,1,2026-10-03T00:14:04.132161+00:00,False,ko-codex-v1
dr71ud,A,f3910112601fa7278bead5c91549d8b6dd1fa0d1c284db6e3ae3e0297dcda1eb,8a3ab7cf487c197868caa84f6a3820690c74d05a5d1925771268960fea732c3e,8a3ab7cf487c197868caa84f6a3820690c74d05a5d1925771268960fea732c3e,revised,2,2026-10-02T22:45:32.100691+00:00,False,ko-codex-v1
dr71ud,B,852c9f0ec6aec99cf1a276275d21393f05a36b1ea755ca9ccc3b20d79065b2da,6f43f56cb39e800af4b68dd8394c10df3e2618910ae20134df416e1f3e72d5bb,6f43f56cb39e800af4b68dd8394c10df3e2618910ae20134df416e1f3e72d5bb,revised,1,2026-10-02T22:26:01.509295+00:00,False,ko-codex-v1
dr7ioo,A,9ffb2e9b1ee17af90646ffd94876e18e5e2c8a13ce01e4a3407469c736cc2c10,3c1ec995c8aaa0f1728f02b6cc15ead3dc627c490058adaa8c7acd6acc999c5e,3c1ec995c8aaa0f1728f02b6cc15ead3dc627c490058adaa8c7acd6acc999c5e,revised,2,2026-10-03T07:07:13.357565+00:00,False,ko-codex-v1
dr7ioo,B,fe4f740c5f5e05dedb5648217bbb355432f15c453c93aa771e2b004008b6055f,cbdabd5ad533abd69f61796e134e07bc68d126de3a226e1617c1d148be227a91,cbdabd5ad533abd69f61796e134e07bc68d126de3a226e1617c1d148be227a91,revised,3,2026-10-03T00:06:46.404170+00:00,False,ko-codex-v1
drdykq,A,9cf463651058331611080cdc32c811c894fa919cd298e6c961d0fc334bc068c6,cd3653499fb24ec57de8f38753f2d7168e9459345c1a4e87c1e4ac6e6c02dba9,cd3653499fb24ec57de8f38753f2d7168e9459345c1a4e87c1e4ac6e6c02dba9,revised,4,2026-10-03T11:27:26.434231+00:00,False,ko-codex-v1
drdykq,B,4b27890326617a38c3766ce54692e7891a5f2c3bb6f6706efff38e111a764813,c51f7ab29c2971beef24fc1fb84fab7388ad0f84d2c4a1c4c97fddd00945d301,c51f7ab29c2971beef24fc1fb84fab7388ad0f84d2c4a1c4c97fddd00945d301,revised,2,2026-10-02T21:40:34.631294+00:00,False,ko-codex-v1
drfyuo,A,208978ba986989393bc8fff73ef9d8b414b773cfef10210dca548c5fc62510ee,85413f8109ab1bf615836337fdef85b4116ef1c5ae3a3d7dc6e5ff0bf2784f7f,85413f8109ab1bf615836337fdef85b4116ef1c5ae3a3d7dc6e5ff0bf2784f7f,revised,2,2026-10-03T03:02:54.881091+00:00,False,ko-codex-v1
drfyuo,B,acf85295c96cbc3ee8d135917cb43bf7a97a86a310d27d6ef229088cf9f35ada,acf85295c96cbc3ee8d135917cb43bf7a97a86a310d27d6ef229088cf9f35ada,acf85295c96cbc3ee8d135917cb43bf7a97a86a310d27d6ef229088cf9f35ada,pass,0,2026-10-03T00:04:37.931613+00:00,False,ko-codex-v1
drw1sf,A,3e917ab8d015d288444f8d4fb59d0d49c891b4ac6e66dfa2313a5533f310d7c6,3e917ab8d015d288444f8d4fb59d0d49c891b4ac6e66dfa2313a5533f310d7c6,3e917ab8d015d288444f8d4fb59d0d49c891b4ac6e66dfa2313a5533f310d7c6,pass,0,2026-10-02T22:51:53.282162+00:00,False,ko-codex-v1
drw1sf,B,577958008d40210f38a991146f75481bae74251005e6be8c92e0a07ed205e28c,aaa99ea92a0050ded19a2b515c9eaf2b9261df3ed293ffb5343f1e42241df60c,aaa99ea92a0050ded19a2b515c9eaf2b9261df3ed293ffb5343f1e42241df60c,revised,2,2026-10-03T00:39:25.086939+00:00,False,ko-codex-v1
dry6i1,A,7ef2e86fa068aeb43cd1e9f9f572050e6d32378c4712bf0605e2a20393c1ae10,f1319537303c3f19763778b2be0b5ae3f7f98e92e204a84ddab8c2fec2d26a33,f1319537303c3f19763778b2be0b5ae3f7f98e92e204a84ddab8c2fec2d26a33,revised,2,2026-10-03T02:47:20.448163+00:00,False,ko-codex-v1
dry6i1,B,a5c3975ab834871d08673af83de12dc9c43e98b59ee8ff5c9e3667763a767068,a5c3975ab834871d08673af83de12dc9c43e98b59ee8ff5c9e3667763a767068,a5c3975ab834871d08673af83de12dc9c43e98b59ee8ff5c9e3667763a767068,pass,0,2026-10-03T11:10:10.192891+00:00,False,ko-codex-v1
ds3lot,A,593ba155bfdb166ae6f1e178838a2da6e236b3707f5ae0a09d08f40bce485284,4b53e3ea71f8c4a731dfebc41506e86290fd0346e12cae6ad3ef5d5365f1271c,4b53e3ea71f8c4a731dfebc41506e86290fd0346e12cae6ad3ef5d5365f1271c,revised,7,2026-10-03T05:41:13.109003+00:00,False,ko-codex-v1
ds3lot,B,0bcc9732593e58243ca5794380cc505aee0faf2cc4afc21412da2133b045a1f2,de1f0f566d03cad6cd015002673a456ea37047dc4103435790db4f5ce1794625,de1f0f566d03cad6cd015002673a456ea37047dc4103435790db4f5ce1794625,revised,1,2026-10-03T00:16:16.714744+00:00,False,ko-codex-v1
ds70fq,A,3e07f2552b5954d82f8055cfb2ad72a67bf9bd30dc42602ef115d23fecc85452,b8951af0c55f1b533f3c046b9433a1e2935ce43bad73be4cd40d21a60eea066b,b8951af0c55f1b533f3c046b9433a1e2935ce43bad73be4cd40d21a60eea066b,revised,3,2026-10-03T11:21:41.401021+00:00,False,ko-codex-v1
ds70fq,B,7c9a362d6c1769a4dc154c4113f832a43c8447cd60ff4504d15fed54b1110f92,2853855bae3c50cb2780ee7dbb85a19845ab729f78459c9b1df255ecfcf3e460,2853855bae3c50cb2780ee7dbb85a19845ab729f78459c9b1df255ecfcf3e460,revised,2,2026-10-03T07:09:22.369810+00:00,False,ko-codex-v1
dsb6ro,A,5614cd941787d9427eaa8b0d0beba15680ca6831c3ae126a98ee7d0d8fe8a866,fa2232b96759e56805f14316dd78d3bb8927cfcaa02e0eaeb60a67f9df45e516,fa2232b96759e56805f14316dd78d3bb8927cfcaa02e0eaeb60a67f9df45e516,revised,3,2026-10-03T05:03:49.350170+00:00,False,ko-codex-v1
dsb6ro,B,136f23cb24cb9e823f820f08efb8e5e641f38e692620b03a55d29e62007e873b,136f23cb24cb9e823f820f08efb8e5e641f38e692620b03a55d29e62007e873b,136f23cb24cb9e823f820f08efb8e5e641f38e692620b03a55d29e62007e873b,pass,0,2026-10-03T01:18:42.303970+00:00,False,ko-codex-v1
dsc5xp,A,1deba2e2a84c433973452c42948cb02e526b66fca39531006682a6f7291c6711,4d0c2186755de5173edb470a13392b10c55bd5bdde4285ecb40ed0605579f1d0,4d0c2186755de5173edb470a13392b10c55bd5bdde4285ecb40ed0605579f1d0,revised,4,2026-10-03T02:31:56.675817+00:00,False,ko-codex-v1
dsc5xp,B,6c5b5e17ef9c129ef41f70062f7a0b4f0506a0806b2c8a7a99d89c6b70efa2e2,af59b1d4477407a192ccd9b9c30e1a074e23c901d939e9d8074c86016a5dcabe,af59b1d4477407a192ccd9b9c30e1a074e23c901d939e9d8074c86016a5dcabe,revised,4,2026-10-03T06:30:11.052121+00:00,False,ko-codex-v1
dso8n2,A,6d6a502b69578969f2d056ebd39af9c83cb3866946694c9a578f0e350af6028a,5ffb379cd002fb9bc446ef857fbd2fb652293392b23b254a43b5f202b7d526b3,5ffb379cd002fb9bc446ef857fbd2fb652293392b23b254a43b5f202b7d526b3,revised,2,2026-10-03T01:34:54.003992+00:00,False,ko-codex-v1
dso8n2,B,e091286d8a12d816d307a7a98139e3da415f372be82c9e444d2d3553eb41be9b,dc2d2c1ff7bc8ad8964507fce67da3966f39f5e1b74bd74bf7a10dee98f1fda9,dc2d2c1ff7bc8ad8964507fce67da3966f39f5e1b74bd74bf7a10dee98f1fda9,revised,2,2026-10-03T00:22:07.812297+00:00,False,ko-codex-v1
dsp30c,A,3b205966bcaa1f3a543110f7d1d00d410db820572b6cab7ad2cd6d59157eaaef,7d333702b608e6f00f9263d45f8a4cf28c39cd477d23dbf84545fc62999e3437,7d333702b608e6f00f9263d45f8a4cf28c39cd477d23dbf84545fc62999e3437,revised,5,2026-10-02T21:32:59.429599+00:00,False,ko-codex-v1
dsp30c,B,6d699e299e0f1a257cf9de8a1d388764b4eb168d7c6ddb5f2474b70f28d8cb7c,c13338bbce97e4a0989da9c652a01d1393e092b4071b4d785b12d9e238e845e8,c13338bbce97e4a0989da9c652a01d1393e092b4071b4d785b12d9e238e845e8,revised,1,2026-10-03T02:23:55.257553+00:00,False,ko-codex-v1
dspis8,A,9f6b1557f10b68d8a84013622e9ea609dad342e3d101b8ec61673a416246eb50,718384caad65b6c871b3ee4a8880f963ee0526569399a3dbcdba961f853b96da,718384caad65b6c871b3ee4a8880f963ee0526569399a3dbcdba961f853b96da,revised,2,2026-10-03T04:38:55.034539+00:00,False,ko-codex-v1
dspis8,B,92d9651c299a7a890b21ddfbf27733e45ff2cf70e56ef8d2f7f53f3112612419,92d9651c299a7a890b21ddfbf27733e45ff2cf70e56ef8d2f7f53f3112612419,92d9651c299a7a890b21ddfbf27733e45ff2cf70e56ef8d2f7f53f3112612419,pass,0,2026-10-03T01:03:19.762779+00:00,False,ko-codex-v1
dsvi6j,A,e844d74531a226fdcb215fce3b8d44330b5ca3aed2dacdac3530d43a59ec7b32,e844d74531a226fdcb215fce3b8d44330b5ca3aed2dacdac3530d43a59ec7b32,e844d74531a226fdcb215fce3b8d44330b5ca3aed2dacdac3530d43a59ec7b32,pass,0,2026-10-03T03:45:59.464107+00:00,False,ko-codex-v1
dsvi6j,B,1e65cf8c71ab2859ec0dc14a41b52b44079a335beb2977fd3df91ed3e0bb7253,b690c8f91390a0e9ec2239d32314ec7c3dda1735b42ab27dee8bc1df13292f73,b690c8f91390a0e9ec2239d32314ec7c3dda1735b42ab27dee8bc1df13292f73,revised,1,2026-10-02T23:44:50.226474+00:00,False,ko-codex-v1
dt5eaj,A,54589982d5943ab23415f9a7a943ecf4f16856c2ecd3f53f2fde6f79e2196c3a,f7846d012da7b9ae33fea85373e3fc5dfdd8ffb9accaa5d401978c839286258c,f7846d012da7b9ae33fea85373e3fc5dfdd8ffb9accaa5d401978c839286258c,unresolved,4,2026-10-03T07:50:34.086343+00:00,False,ko-codex-v1
dt5eaj,B,e3d8dec0a27f8e0418b0c0d0b699c40cf13e0c9a1135835a10148807a41f5381,2d3f734f50ce756555cbe80bb3e54c3bce9c9da0b91ddfc0597c0451adf4f8d8,2d3f734f50ce756555cbe80bb3e54c3bce9c9da0b91ddfc0597c0451adf4f8d8,revised,3,2026-10-03T07:15:16.197516+00:00,False,ko-codex-v1
dt91zb,A,5272cec1c4ec2cc0742c8d20b92fb4c0d77b0467a9d5cd5a10c877afe9091f22,a5d788ebd5529d28937875804a28ab8c0f5df2de298ce0fd9db8706ef86cd378,a5d788ebd5529d28937875804a28ab8c0f5df2de298ce0fd9db8706ef86cd378,revised,5,2026-10-03T01:10:32.298725+00:00,False,ko-codex-v1
dt91zb,B,1c6fccf741c6a2e276ee9ff219b1906934f781fc585ba4a0629f27d657845d6e,0efdda2ffe81c60cbc4565e98c77d14ff22824b45549da5b41e1f24b651a5b0a,0efdda2ffe81c60cbc4565e98c77d14ff22824b45549da5b41e1f24b651a5b0a,revised,3,2026-10-03T13:20:29.993362+00:00,False,ko-codex-v1
dtag51,A,2d0807fbd25428109981234d438cf6a60a3cf5ef911bc8a52b994861a3e945f7,9f82d6616a92c7623ce0681fe81a2cc28a68db253a00f13b6c4dd7588bf9a1fb,9f82d6616a92c7623ce0681fe81a2cc28a68db253a00f13b6c4dd7588bf9a1fb,revised,3,2026-10-03T10:58:25.932522+00:00,False,ko-codex-v1
dtag51,B,1926e0e26eb95b3b22e7053d9f8bcdbcd5a12a9467076ad67eb24839ba09e545,525a8853ac0b51ac550ef54af687a4a774e79e3f4de08e7ee62f3203cba59af4,525a8853ac0b51ac550ef54af687a4a774e79e3f4de08e7ee62f3203cba59af4,revised,1,2026-10-03T04:53:49.249709+00:00,False,ko-codex-v1
dtfi3p,A,0fbcbec725d5507b483a9343ef39ad7da3affb509c6e7f4979d4c72fe600e908,0fbcbec725d5507b483a9343ef39ad7da3affb509c6e7f4979d4c72fe600e908,0fbcbec725d5507b483a9343ef39ad7da3affb509c6e7f4979d4c72fe600e908,pass,0,2026-10-03T00:50:11.485100+00:00,False,ko-codex-v1
dtfi3p,B,30c8ecdf0877df4a3201f55b33ac40ca75141e9bdc864391f5f731d2b1779914,875aa328cbfbcbda9f191eac428001c6a358f1de4828bdb1bb185c86d833c161,875aa328cbfbcbda9f191eac428001c6a358f1de4828bdb1bb185c86d833c161,revised,3,2026-10-02T22:13:07.845210+00:00,False,ko-codex-v1
dtkeu9,A,121aece51fa21df6563b3d036693bae09e0d2e505172adaa3bd6a197e1e7566f,acd16c5f07d22c9521e22fcf3fe1d8f2531ec407069c99b66b3c4d5131182f88,acd16c5f07d22c9521e22fcf3fe1d8f2531ec407069c99b66b3c4d5131182f88,revised,2,2026-10-03T03:17:10.459623+00:00,False,ko-codex-v1
dtkeu9,B,45b7e8dd9499f1ca3c5bd29858c01200e2f168eecfc9ef39577efb8013d38720,45b7e8dd9499f1ca3c5bd29858c01200e2f168eecfc9ef39577efb8013d38720,45b7e8dd9499f1ca3c5bd29858c01200e2f168eecfc9ef39577efb8013d38720,pass,0,2026-10-03T06:50:27.512960+00:00,False,ko-codex-v1
dtlfke,A,9e814c81e43f464168b0b3cc70f6bef7e5412a51524422e8111512c0804adeff,70bcfb7b0fc11910f8aec7ecb2d578b270d1f2c0fb251540fe24edf3e034f59e,70bcfb7b0fc11910f8aec7ecb2d578b270d1f2c0fb251540fe24edf3e034f59e,revised,4,2026-10-03T10:57:37.321773+00:00,False,ko-codex-v1
dtlfke,B,4e18acef5a36bba5fa22cdc1f26015126356dc0c6ac95c16f34f7e5e14f944ab,116521417af0913f5e205cdde9e5f3e10c13cfe0acae46ed94ea6074d07eead7,116521417af0913f5e205cdde9e5f3e10c13cfe0acae46ed94ea6074d07eead7,revised,5,2026-10-03T00:25:54.333844+00:00,False,ko-codex-v1
dtqaz0,A,12dfb3faa89fee7d3424c8a234c18a9d5f98236ef09cfd0a9340fd0b775d88ef,12dfb3faa89fee7d3424c8a234c18a9d5f98236ef09cfd0a9340fd0b775d88ef,12dfb3faa89fee7d3424c8a234c18a9d5f98236ef09cfd0a9340fd0b775d88ef,pass,0,2026-10-03T05:25:44.679265+00:00,False,ko-codex-v1
dtqaz0,B,f053d1fe60c495b48e496fc3c7b9757d129ace58dc41a62d89bbf778bea3007e,20f38d33e6f88a02717450760f6a410a08d487a1161830976cd39d4988f8204b,20f38d33e6f88a02717450760f6a410a08d487a1161830976cd39d4988f8204b,revised,4,2026-10-03T11:53:47.495150+00:00,False,ko-codex-v1
dts1ef,A,208d5fb3fded0e208f6016b646f20e44fecae9c7344680c99d91147d40cb6aff,7853da5ec8506b6f374c0671d50799cf746fe8ce690150e7345fd1df35c0f733,7853da5ec8506b6f374c0671d50799cf746fe8ce690150e7345fd1df35c0f733,revised,4,2026-10-03T10:47:25.752926+00:00,False,ko-codex-v1
dts1ef,B,eb6a7ebf6566938180c427a16f1b0a6ea96626f3000e0a2db3224906256e6703,9f0501005f69fbd06964490e8350273b0408c34531e5ec81d0ae8762b8332fb1,9f0501005f69fbd06964490e8350273b0408c34531e5ec81d0ae8762b8332fb1,revised,1,2026-10-03T06:05:03.275123+00:00,False,ko-codex-v1
dts2h5,A,2ad4395759069713e8e64a869292a5bc5016f3c8731773a812c17ac618961ee9,fc8245c9c06343750e6bc94ea468d448e872b28cec5821b19450370bf04f3b9a,fc8245c9c06343750e6bc94ea468d448e872b28cec5821b19450370bf04f3b9a,revised,3,2026-10-03T00:28:18.366103+00:00,False,ko-codex-v1
dts2h5,B,8508ec89b9e652675abb38994dd406f31d8199f37c93425e0e53ff2da29fd391,c81c28a60ceeb1d7a7383930ed936fcaf7ef46d87a0232385c5174f6f77882e4,c81c28a60ceeb1d7a7383930ed936fcaf7ef46d87a0232385c5174f6f77882e4,revised,1,2026-10-02T22:37:32.454118+00:00,False,ko-codex-v1
dtssqb,A,959b61be9bf41f4a05fd6b4b4db8ad3f5ea77b0dd65c4f115b65e410dc0b192b,9214b8288b2f5398dd48316b3eb5107bab68b34d2b0b91e1f82669a333a7ee41,9214b8288b2f5398dd48316b3eb5107bab68b34d2b0b91e1f82669a333a7ee41,revised,3,2026-10-02T22:06:18.090824+00:00,False,ko-codex-v1
dtssqb,B,2ec1ea1cd2cd4e0f1c80c2f2f322bcfe8a9ff4ed66c4876e253e4709c908cbbd,620e711b1747b3ab4f6388a5fb1e1dc79efe8c678d939c7f68e8e3b15d70ae2c,620e711b1747b3ab4f6388a5fb1e1dc79efe8c678d939c7f68e8e3b15d70ae2c,revised,4,2026-10-02T21:19:39.192527+00:00,False,ko-codex-v1
dubks4,A,fba4f154f3a7a808bc915c4312aad46220ac57dd5da611f0fb542114a0732308,327a2407168301c2cf8416232291e55f3dfc9fb65f56cb5f9e322de72f147b53,327a2407168301c2cf8416232291e55f3dfc9fb65f56cb5f9e322de72f147b53,revised,3,2026-10-02T22:47:47.683748+00:00,False,ko-codex-v1
dubks4,B,1f1476480d99c52a488a28f7f526d7764a26912cd0e7eeff0f4f8b166f4aae43,0e1a9bcccc1926ced79c696f3bf6ef074c0537fdebee5273cbcbebecff4698ac,0e1a9bcccc1926ced79c696f3bf6ef074c0537fdebee5273cbcbebecff4698ac,revised,2,2026-10-03T00:46:44.201243+00:00,False,ko-codex-v1
ducv52,A,4f1b88dac56cd3a9db50ca6d46f3b896eea82d747ed6e6fa0eac98263f44c8f4,83eaf7caa87476bf57d06afa2b5679099fcad2ab4c7813ca0273c3d8233c42ee,83eaf7caa87476bf57d06afa2b5679099fcad2ab4c7813ca0273c3d8233c42ee,revised,6,2026-10-03T04:19:30.422610+00:00,False,ko-codex-v1
ducv52,B,a84e66ee84832bb1efd289549180bf40a94e664bbb111d52db0dbd7f713c25b7,ea04cdd6f2f0be6a10abc574bda455ba775c8c032c2111b255fd7d69103d4281,ea04cdd6f2f0be6a10abc574bda455ba775c8c032c2111b255fd7d69103d4281,revised,5,2026-10-03T00:31:23.182332+00:00,False,ko-codex-v1
dui8jq,A,53250d89a439e9a40ba60e4e1429cfd02278ddd05a48db542eaf9bf14c494ed0,53250d89a439e9a40ba60e4e1429cfd02278ddd05a48db542eaf9bf14c494ed0,53250d89a439e9a40ba60e4e1429cfd02278ddd05a48db542eaf9bf14c494ed0,pass,0,2026-10-03T01:06:33.333833+00:00,False,ko-codex-v1
dui8jq,B,36cbcf5e19dad0c876992e54955256d8ee8e7a074041955718a247a7ac274461,36cbcf5e19dad0c876992e54955256d8ee8e7a074041955718a247a7ac274461,36cbcf5e19dad0c876992e54955256d8ee8e7a074041955718a247a7ac274461,pass,0,2026-10-03T05:43:02.092979+00:00,False,ko-codex-v1
duzzu2,A,e0acb2035e61918c77ab13f796a6a127f7c5fc3770e07f215e8f10d7ac6ebc94,6874e167a6e5b0b3355449e511dc63b7d1f41eba8480a3c3781a0b525285c0e9,6874e167a6e5b0b3355449e511dc63b7d1f41eba8480a3c3781a0b525285c0e9,revised,1,2026-10-03T05:36:26.484885+00:00,False,ko-codex-v1
duzzu2,B,c9069a593afe68877d0872f5afbdd72bbd167572fe944b28430f23b7da4a5a49,5f0b33e1ac44f1b6c389152ace26bdd2ed3cd0bc57a1737e80ea23305b99136f,5f0b33e1ac44f1b6c389152ace26bdd2ed3cd0bc57a1737e80ea23305b99136f,revised,3,2026-10-03T08:44:35.514042+00:00,False,ko-codex-v1
dv313h,A,bbcefbe4b8efb9d4b5ec7fbb8937367ff1aa9ad1f0acec93fc53a42c1e225b80,bbcefbe4b8efb9d4b5ec7fbb8937367ff1aa9ad1f0acec93fc53a42c1e225b80,bbcefbe4b8efb9d4b5ec7fbb8937367ff1aa9ad1f0acec93fc53a42c1e225b80,pass,0,2026-10-03T08:31:25.388804+00:00,False,ko-codex-v1
dv313h,B,b53b91dd70cc72fef4e874cd92977a0661ecb51b2f8fc6d6d8fdd6b33579e4cc,5af64de630eb3f7d28a9458bca7a5eb089cbcb00ad4fa513a7118dbbc4f3bf91,5af64de630eb3f7d28a9458bca7a5eb089cbcb00ad4fa513a7118dbbc4f3bf91,revised,3,2026-10-02T21:27:43.992598+00:00,False,ko-codex-v1
dv3ngy,A,9ddd3ee74361578bc3fddb7ef9d769b870f9cea854ce40116cba212b75a06f9e,e47319900e95bf92ec779d65f59e0aadbe4dd389c376f572b2ec300b26523c1b,e47319900e95bf92ec779d65f59e0aadbe4dd389c376f572b2ec300b26523c1b,revised,3,2026-10-02T21:42:01.926808+00:00,False,ko-codex-v1
dv3ngy,B,3217019afe64a56fd629122d9efb1cf3d4eee9d8e49f4682b21ea3f5168bd204,3217019afe64a56fd629122d9efb1cf3d4eee9d8e49f4682b21ea3f5168bd204,3217019afe64a56fd629122d9efb1cf3d4eee9d8e49f4682b21ea3f5168bd204,pass,0,2026-10-02T23:29:28.817245+00:00,False,ko-codex-v1
dvb7i4,A,d767f9403389445d8c15f9587279d0bc969a92f8d4e6effccb04f7eebba83462,5b5a93b00a46ee8ec167f137f6aac8048204e122cf4df26fdac689c082a93d77,5b5a93b00a46ee8ec167f137f6aac8048204e122cf4df26fdac689c082a93d77,revised,2,2026-10-03T00:51:43.282765+00:00,False,ko-codex-v1
dvb7i4,B,f4ac6404286f002e209a82ce6cc019a04e8607eb0ba73a346e45c79ee2d40ae1,f4ac6404286f002e209a82ce6cc019a04e8607eb0ba73a346e45c79ee2d40ae1,f4ac6404286f002e209a82ce6cc019a04e8607eb0ba73a346e45c79ee2d40ae1,pass,0,2026-10-02T21:14:58.859250+00:00,False,ko-codex-v1
dveorg,A,494a1a12f6743b6964f9f0cb3c24a901c4659ec37174872cb5a46af1e5dca83e,90acb7f04916e8c4fb1dad10a36f73dcb35df7de939d105ef5c45f04f6c7df7a,90acb7f04916e8c4fb1dad10a36f73dcb35df7de939d105ef5c45f04f6c7df7a,revised,4,2026-10-03T01:03:48.177609+00:00,False,ko-codex-v1
dveorg,B,b49f20d86148ddfda470a2de757e3b443dd9124aeddb21060ed9f53b7757de8b,b49f20d86148ddfda470a2de757e3b443dd9124aeddb21060ed9f53b7757de8b,b49f20d86148ddfda470a2de757e3b443dd9124aeddb21060ed9f53b7757de8b,pass,0,2026-10-02T21:49:55.938593+00:00,False,ko-codex-v1
dvkxon,A,22de6384acf31e39deb54b56be68bfbb96a6e524fcb20507d8ce0e8dba1ba1f4,32f14cf3e87beb6a2d248ee41f7aa7bb39b9197755ccdac0d96ac10dd556b5a8,32f14cf3e87beb6a2d248ee41f7aa7bb39b9197755ccdac0d96ac10dd556b5a8,revised,4,2026-10-03T12:10:52.075294+00:00,False,ko-codex-v1
dvkxon,B,e8bec0b909fcd1ab50a692b7d7bb839dad631c99d3daf0df0aa95f4b3d624706,8d30a415ad16ccd3ca3f558192455c12c0039036d80a67f47bda931f5449ea02,8d30a415ad16ccd3ca3f558192455c12c0039036d80a67f47bda931f5449ea02,revised,1,2026-10-03T07:08:58.732494+00:00,False,ko-codex-v1
dvm6ka,A,7e8f95c00c3c62517ea161929bf1552b0a46059281ad63493ef405cb9486db3d,7e8f95c00c3c62517ea161929bf1552b0a46059281ad63493ef405cb9486db3d,7e8f95c00c3c62517ea161929bf1552b0a46059281ad63493ef405cb9486db3d,pass,0,2026-10-02T22:02:16.833435+00:00,False,ko-codex-v1
dvm6ka,B,39373815c8c342051b53787b9e8b1f91873738714c891aa170649fe411952729,57be650a2924b4a98fd8f2261d64db86896be0e48bbc0d61028692bb20c17348,57be650a2924b4a98fd8f2261d64db86896be0e48bbc0d61028692bb20c17348,revised,1,2026-10-03T08:19:14.976898+00:00,False,ko-codex-v1
dvru3p,A,971d611c2038366580a910ae548aa995afd76e099787f69f135b26d2498ad06d,533772691b5aa63c66a1f9a81f54f44affbb36e6ebe149067ef623d52e386c22,533772691b5aa63c66a1f9a81f54f44affbb36e6ebe149067ef623d52e386c22,revised,2,2026-10-03T04:07:00.412415+00:00,False,ko-codex-v1
dvru3p,B,a20c222ca0f6f1ee2a71fa152ec38ab1afa641f3948bb2788ff3f950743a9a5e,a20c222ca0f6f1ee2a71fa152ec38ab1afa641f3948bb2788ff3f950743a9a5e,a20c222ca0f6f1ee2a71fa152ec38ab1afa641f3948bb2788ff3f950743a9a5e,pass,0,2026-10-02T22:09:39.998916+00:00,False,ko-codex-v1
dvubja,A,0b101fdb345fae064c5e26e0bf13634b4ab6980168a966b40677cc6e42a4cfa3,72b784bf59d6cd82f1a8a47e2c47f45196137c7ae68f68da6f6586113c02911c,72b784bf59d6cd82f1a8a47e2c47f45196137c7ae68f68da6f6586113c02911c,revised,6,2026-10-03T06:31:31.811965+00:00,False,ko-codex-v1
dvubja,B,d9bfea5556cf62691c075c0f7ae1277ec1e91f2bcb90b5c79f348f57de0dfee5,bc9ca4020b7d47c48b903fba4f52adb80a68a900b4948f1f80f152edc8ddfee7,bc9ca4020b7d47c48b903fba4f52adb80a68a900b4948f1f80f152edc8ddfee7,revised,2,2026-10-03T05:23:36.604199+00:00,False,ko-codex-v1
dw1kdw,A,edbc06fd70b4ef7f2a2d106deb7507736d31844fab9d6e0b83a97701bbd26171,27146f0211dbeed8f6eddaa99b9752b0b22a829967bfa42509e20e1d1856025a,27146f0211dbeed8f6eddaa99b9752b0b22a829967bfa42509e20e1d1856025a,revised,3,2026-10-03T12:24:01.286905+00:00,False,ko-codex-v1
dw1kdw,B,0593ff76c7211b04869b500fc95b7d248ea959f81d26bf530d53641b63b6967e,0593ff76c7211b04869b500fc95b7d248ea959f81d26bf530d53641b63b6967e,0593ff76c7211b04869b500fc95b7d248ea959f81d26bf530d53641b63b6967e,pass,0,2026-10-02T22:54:56.117596+00:00,False,ko-codex-v1
dw5zmq,A,87ca5e31f5eb52f15993ab2c18603da69308dcafff3daea92227373c07fdb02e,ac47add75ecce9cde1de867cc2cf536def18a74bb60c6b547bbe0b9cf7fe8609,ac47add75ecce9cde1de867cc2cf536def18a74bb60c6b547bbe0b9cf7fe8609,revised,6,2026-10-03T03:54:50.036133+00:00,False,ko-codex-v1
dw5zmq,B,9d49c6711a0b266ac12b3d790f9d2aa82aafd62b0f0125e1fdcbaba1a727a76f,74c35aa84a4142737fcebff2c88365c268b5662245e90d441492d919860ced19,74c35aa84a4142737fcebff2c88365c268b5662245e90d441492d919860ced19,revised,3,2026-10-03T03:00:49.478806+00:00,False,ko-codex-v1
dwcmjp,A,33404336ee267733a5bcded2f4b736046624763519b34d8de5f083299f8dc069,cf3835b13751d33785c7da863e195156fb6a855298154dbb6730c4f875d44d35,cf3835b13751d33785c7da863e195156fb6a855298154dbb6730c4f875d44d35,revised,3,2026-10-02T22:47:10.782190+00:00,False,ko-codex-v1
dwcmjp,B,f20e19e180265fe4629aacbb2431bf1aa77b81a8c063d4980e310ef13e64b0dd,f20e19e180265fe4629aacbb2431bf1aa77b81a8c063d4980e310ef13e64b0dd,f20e19e180265fe4629aacbb2431bf1aa77b81a8c063d4980e310ef13e64b0dd,pass,0,2026-10-03T07:43:55.614584+00:00,False,ko-codex-v1
dwd44j,A,04afa3136330a1f3374663f1f8cda52023523183ba02205c31ebda9911c2eae3,fb147544b32ac0ab9802b7a7e8b2ba4c5648a422cef85df877977f50c2ad7ba9,fb147544b32ac0ab9802b7a7e8b2ba4c5648a422cef85df877977f50c2ad7ba9,revised,4,2026-10-03T05:18:36.446859+00:00,False,ko-codex-v1
dwd44j,B,517035e578c8f2403ca6be768b316b8b224213980e4e7b9985c25a8110a88970,517035e578c8f2403ca6be768b316b8b224213980e4e7b9985c25a8110a88970,517035e578c8f2403ca6be768b316b8b224213980e4e7b9985c25a8110a88970,pass,0,2026-10-03T01:52:45.981385+00:00,False,ko-codex-v1
dwg9lb,A,6eacca7219094029d4c7d4b7c895f422aad35239491d6270abffcac4721e78d1,9f914faf3728dff0a1029105d69acdc6f2764565a9feb3bccc13a2260d7c4efc,9f914faf3728dff0a1029105d69acdc6f2764565a9feb3bccc13a2260d7c4efc,revised,2,2026-10-02T22:06:45.534963+00:00,False,ko-codex-v1
dwg9lb,B,cc9f7d5cac76bf3ceb467a3cab0db5a13eed3e8e37ed83c8bc5f7c94111efed0,cc9f7d5cac76bf3ceb467a3cab0db5a13eed3e8e37ed83c8bc5f7c94111efed0,cc9f7d5cac76bf3ceb467a3cab0db5a13eed3e8e37ed83c8bc5f7c94111efed0,pass,0,2026-10-03T12:13:14.436906+00:00,False,ko-codex-v1
dwk2tm,A,aed5446a074d4cf376fa40c51fe682d9babc1b198ed821cfdfa020d35a1d2902,ad836263a126ec8a4293b47a85c2c4644687f26dd8c6b1d5f8395ff71d83315f,ad836263a126ec8a4293b47a85c2c4644687f26dd8c6b1d5f8395ff71d83315f,revised,4,2026-10-03T01:32:47.594375+00:00,False,ko-codex-v1
dwk2tm,B,284870af61669bb365bb4fb3059aadccea0f4f5468fec772ea43b81bd8c3be49,d2d314ec3a3feca1c087ff050082ff64a63155f79a0e8662a5c59cd09342dd9d,d2d314ec3a3feca1c087ff050082ff64a63155f79a0e8662a5c59cd09342dd9d,revised,3,2026-10-02T21:57:30.956543+00:00,False,ko-codex-v1
dwm1kt,A,4bf9e49c3744705e174016e3279eaf3e50b6ecc316e09bd61c2053478498b613,4bf9e49c3744705e174016e3279eaf3e50b6ecc316e09bd61c2053478498b613,4bf9e49c3744705e174016e3279eaf3e50b6ecc316e09bd61c2053478498b613,pass,0,2026-10-03T00:52:54.423667+00:00,False,ko-codex-v1
dwm1kt,B,1bfa5866ff400afc954b6e1d1bbfac2996a4f0c59596405b97c367f692aa46da,cd299486516100562071985886b9dcf42965f16467b5dbe4c97dceaeb4ead639,cd299486516100562071985886b9dcf42965f16467b5dbe4c97dceaeb4ead639,revised,2,2026-10-03T00:43:00.060911+00:00,False,ko-codex-v1
dwvsgp,A,cfd6c84a37eebc6f5bdf354587a929b15c844ae4e21710172406ca870347fe53,fc37ee09e56299a01946cfc100da0e50330bbd7eed3614961a44de1ea6643ad7,fc37ee09e56299a01946cfc100da0e50330bbd7eed3614961a44de1ea6643ad7,revised,2,2026-10-02T23:30:51.142200+00:00,False,ko-codex-v1
dwvsgp,B,fd67fe0c0d5091d7a3cd9a398115db3abf55e6b376b8f6a95663f0859bdc8a5b,f0a23e338e75fd8f78adf2529842be939edcff640ace42431e758d7c28f0a1c9,f0a23e338e75fd8f78adf2529842be939edcff640ace42431e758d7c28f0a1c9,revised,2,2026-10-03T04:16:48.536800+00:00,False,ko-codex-v1
dwzkk1,A,d25157412be1f3c599830ccb0cd93f429d3fce2948b6137634aa49a157590c44,8574cd43ef4e0e7b105a258364decd8a9ab13f8bc884d2f78fdf59d7a8ec528c,8574cd43ef4e0e7b105a258364decd8a9ab13f8bc884d2f78fdf59d7a8ec528c,revised,2,2026-10-02T23:11:36.562087+00:00,False,ko-codex-v1
dwzkk1,B,edc7c690ddf1d14471ed8177e910ffe7c1747ff56c83d8713ad788acca8bbebe,8816da921b2f14677181a7d7d7b22e2c7df8215426d78fe045b903b8b99659ff,8816da921b2f14677181a7d7d7b22e2c7df8215426d78fe045b903b8b99659ff,revised,2,2026-10-02T22:39:17.887671+00:00,False,ko-codex-v1
dx2t5f,A,9381ef4d6051ef7d5250a2d7b8d686d2ddf685aeafc7c30069fc2e5dec82035f,13d2a0097db66b7eb5f5d3210a91949068b77941c1523805a42ad3dc3a237a31,13d2a0097db66b7eb5f5d3210a91949068b77941c1523805a42ad3dc3a237a31,revised,5,2026-10-03T02:28:03.076742+00:00,False,ko-codex-v1
dx2t5f,B,d2a08fca1286d3891854393c50b2bf4b175eacf11b4d10ba7f561e29fdb8465d,066d3a823b2cae8827dedc7c5e1e53c6c6331ba2f5aa75f897589d1bcab743ef,066d3a823b2cae8827dedc7c5e1e53c6c6331ba2f5aa75f897589d1bcab743ef,revised,1,2026-10-03T01:53:43.599479+00:00,False,ko-codex-v1
dx9ur3,A,ddec1eb360cb0aaae787469ae1c4ce3392b88e1142887cfb5a0ac788671de4db,2da3b69a0e6446e25ccc978d87474379ef20a82acbaeaf73dd2c0310f9c20192,2da3b69a0e6446e25ccc978d87474379ef20a82acbaeaf73dd2c0310f9c20192,revised,6,2026-10-03T10:45:05.761244+00:00,False,ko-codex-v1
dx9ur3,B,1c29baeb0df1fea679941a04787dae08f522bd5248bbcb93dd9f3ea7eb49b724,2fc20e98c306f63275f0634ef4d35bc616882426d7f67921f74ef9f7fdd605f3,2fc20e98c306f63275f0634ef4d35bc616882426d7f67921f74ef9f7fdd605f3,revised,2,2026-10-03T06:04:39.442330+00:00,False,ko-codex-v1
dxc9zm,A,0e8e5ace27f5e50a978725bb01daac3a7cf7d4190fbe7322eae993bff5dc475f,0004ce6a52661116e56bf9ef1242a2c293b4f23a225447ed776fb17c75e674b4,0004ce6a52661116e56bf9ef1242a2c293b4f23a225447ed776fb17c75e674b4,revised,7,2026-10-03T11:44:38.189933+00:00,False,ko-codex-v1
dxc9zm,B,7fd99c47f7630c12236da66bf43602fc3536aafd5a641fa36c27e7f9e9f779c3,3cc0036caa3388c2f06146c3bc4c8976727bb7614fd73bee6dc10ee5c31a4059,3cc0036caa3388c2f06146c3bc4c8976727bb7614fd73bee6dc10ee5c31a4059,revised,5,2026-10-03T08:49:50.695463+00:00,False,ko-codex-v1
dxcud7,A,e5ccfc3a3752f4d361b5a26fec3b2e932d4e11cf2957a6f5048848bb0d2976c1,575451b22a7c9e978e15ec6e9a04449977ec43d10d4f43b308343fb51d95c994,575451b22a7c9e978e15ec6e9a04449977ec43d10d4f43b308343fb51d95c994,revised,1,2026-10-02T22:11:51.504559+00:00,False,ko-codex-v1
dxcud7,B,76e9ee71ad7237058b4522449713991b12b670253c2af9e56bf5989350c8f3d0,8e4c59dc70d24bb79bdcaa5cd6a04d035329abd9e8f8f83156bf00ddd7c13874,8e4c59dc70d24bb79bdcaa5cd6a04d035329abd9e8f8f83156bf00ddd7c13874,revised,4,2026-10-03T07:41:23.427580+00:00,False,ko-codex-v1
dxivfv,A,916ba1b03ea09ab575a6aec60382d5812f9c3bc8db004b91a4a79a38b1adc91b,01b4901b24b4daac21b2e091b1a61e438c34e5e666df3089dfc3f00a65efdf09,01b4901b24b4daac21b2e091b1a61e438c34e5e666df3089dfc3f00a65efdf09,revised,2,2026-10-03T07:32:01.704881+00:00,False,ko-codex-v1
dxivfv,B,c140c2d64fc2ebfc6d99dd3eaeced6fa5a0269d343f72462f586630a332d8c7a,387a7c55488a988eca5de807c29627ee374f23ed66bf43b3fe84fd237fda3eb5,387a7c55488a988eca5de807c29627ee374f23ed66bf43b3fe84fd237fda3eb5,revised,4,2026-10-03T06:29:46.434343+00:00,False,ko-codex-v1
dxjwav,A,a6a046927de2ccad00f2036a18f84e08abab7eeed04d93a497c40977dab91a1d,a298417af82a637e9314826f21f23ecb4e54db0be27d86886cbff9ea0b29b27c,a298417af82a637e9314826f21f23ecb4e54db0be27d86886cbff9ea0b29b27c,revised,4,2026-10-03T02:38:16.472246+00:00,False,ko-codex-v1
dxjwav,B,ad0f763b5931251fbea4d1eb3a71ab33714654a19c050de29ced464270bfd377,09fff6eb8c06d4828ddab208b7f38eecafa1758e76c7faa5ef178c98777d0e8c,09fff6eb8c06d4828ddab208b7f38eecafa1758e76c7faa5ef178c98777d0e8c,revised,2,2026-10-03T02:09:25.602086+00:00,False,ko-codex-v1
dxmyes,A,78870c377379aab76c91b15801ca6b97a6477f353c8916a20dc2b7c37a6547da,82e0edb7677c44c25c16aedb371427b1afcc3a4b41d96881f294b78cba1e3db1,82e0edb7677c44c25c16aedb371427b1afcc3a4b41d96881f294b78cba1e3db1,revised,2,2026-10-03T05:35:44.000267+00:00,False,ko-codex-v1
dxmyes,B,4ca63f708413abb5378f6e6d0a321bbaf4cd6e1e541ee8b33a32a27e3ea0c8cb,58fa5bb6dd6c2f5ae9b78654b7955f5709bcd47734dd7b357a0907d0a247a806,58fa5bb6dd6c2f5ae9b78654b7955f5709bcd47734dd7b357a0907d0a247a806,revised,2,2026-10-03T01:38:38.773232+00:00,False,ko-codex-v1
dxrp0l,A,6104b44d45fd34e2d3de481bad1ece517ecc418c29be98f4186313efdea4e968,8498b0e731a3d6671f3a65a9e08e46fcd48ac654f70714de10f27fd68692604a,8498b0e731a3d6671f3a65a9e08e46fcd48ac654f70714de10f27fd68692604a,revised,3,2026-10-03T11:52:25.597483+00:00,False,ko-codex-v1
dxrp0l,B,095738b5cc7582091e0fb3c3addf501eb2e727706af2f8b9467ca1fc10ba75eb,fcf0607e436607d52572f0c8e0b1904864ee2cff67016d7c92bf7938269e4ab3,fcf0607e436607d52572f0c8e0b1904864ee2cff67016d7c92bf7938269e4ab3,revised,3,2026-10-03T07:26:38.158477+00:00,False,ko-codex-v1
dxuvv0,A,fe6dc857b9eeb23fe965d35efa345adb23c6b2fd99f72ac23f5d8cae7dbb4420,fe6dc857b9eeb23fe965d35efa345adb23c6b2fd99f72ac23f5d8cae7dbb4420,fe6dc857b9eeb23fe965d35efa345adb23c6b2fd99f72ac23f5d8cae7dbb4420,pass,0,2026-10-03T01:02:17.205631+00:00,False,ko-codex-v1
dxuvv0,B,e4a0eb5dde6876c117b0f138f44d5e887b9fbe94c0eecef2534514c3916f4529,32a7b600892ba09a87df2ff2eb11ad5b57f89c7e9dce86b7678d992b933baf86,32a7b600892ba09a87df2ff2eb11ad5b57f89c7e9dce86b7678d992b933baf86,revised,2,2026-10-03T11:01:13.426484+00:00,False,ko-codex-v1
dy75vs,A,0a0e27b176e80341b18099d50445f51e13e2d3870ed11ec0f47727e81a060859,66ac73e825219d43c51b75d27484f9e9a0553e5ab9f7c40f0e441422e8e9802a,66ac73e825219d43c51b75d27484f9e9a0553e5ab9f7c40f0e441422e8e9802a,revised,3,2026-10-03T01:49:03.932318+00:00,False,ko-codex-v1
dy75vs,B,1c2a07a45b07a955709d5ce8f5ddd2367123d52a2661c2eb79a2382d876b3f70,e8165b4ac3a6a64fbc57e557e763f86536bb9d53f2b76f255f7272943d0c3411,e8165b4ac3a6a64fbc57e557e763f86536bb9d53f2b76f255f7272943d0c3411,revised,4,2026-10-02T23:53:28.652346+00:00,False,ko-codex-v1
dyb55b,A,3f0f545793b9397a193dcc18d4d11dafe7f3d2274a513b5e02d7d2ab59985d59,e626eb12a13065dbda64566332e6fd4d5550b79ef07f96335f4db400e157e918,e626eb12a13065dbda64566332e6fd4d5550b79ef07f96335f4db400e157e918,revised,3,2026-10-03T03:01:24.669623+00:00,False,ko-codex-v1
dyb55b,B,ed51ea82e7536f132de24927602c0a94e69a3bf0cbdea6e3de4be6cd06441c49,ed51ea82e7536f132de24927602c0a94e69a3bf0cbdea6e3de4be6cd06441c49,ed51ea82e7536f132de24927602c0a94e69a3bf0cbdea6e3de4be6cd06441c49,pass,0,2026-10-03T00:34:42.568850+00:00,False,ko-codex-v1
dyj691,A,c91c3c01a4f499f1f3dd1f011e7d6dc6eaae8d9f1306b77e7fbb4295b19d7df2,a9e35c0ff9bc4fa65531056ce2372de64125260db6bf4cc8d6284b47a66bfcb2,a9e35c0ff9bc4fa65531056ce2372de64125260db6bf4cc8d6284b47a66bfcb2,revised,4,2026-10-03T04:48:28.410766+00:00,False,ko-codex-v1
dyj691,B,705ac14e4fb5d97b0ef6078d11fba5a867d11b7df17ebe13e5d91889d754126d,f995861e458183b0cd0bc9aea7fb7891ebc69f209b670023de7fe301bc6e46e6,f995861e458183b0cd0bc9aea7fb7891ebc69f209b670023de7fe301bc6e46e6,revised,3,2026-10-03T07:42:32.657305+00:00,False,ko-codex-v1
dykwal,A,6724da512cd4dbd0084a1ba034ba58b85d5ddb9da293bfa86a749d780d639991,ca54d4d9fdc063b90423713ca99d3c68cb950c476ace4484329475e83ba62c08,ca54d4d9fdc063b90423713ca99d3c68cb950c476ace4484329475e83ba62c08,revised,4,2026-10-03T06:18:53.979267+00:00,False,ko-codex-v1
dykwal,B,3c4bef1853dd7f096cb3683f31efe9b824e769e9f6b4fbae7afee2002564cba9,1c52fc8d189346255680d2b4eae60fbf3cd82fd01738777c327d13151b599fb5,1c52fc8d189346255680d2b4eae60fbf3cd82fd01738777c327d13151b599fb5,revised,3,2026-10-02T23:55:42.708798+00:00,False,ko-codex-v1
dynygk,A,6e46709edd3b9b15440294d1c404ee98064aa724de4b774ed9b6c12d93bab77f,24f3391ab4b3d078c52ebd3ebac25f5f446b109b764a8a0fbf97f7328e09a9fb,24f3391ab4b3d078c52ebd3ebac25f5f446b109b764a8a0fbf97f7328e09a9fb,revised,3,2026-10-02T21:25:18.865679+00:00,False,ko-codex-v1
dynygk,B,594d72b5f6894e73859aa895f9872e304120a02397351d2e0653ebbf4f924bad,d8075fb0a56fce15deae40012071bb896ee141e883b4d989eb9b8235dcc3b679,d8075fb0a56fce15deae40012071bb896ee141e883b4d989eb9b8235dcc3b679,revised,2,2026-10-03T00:36:55.706766+00:00,False,ko-codex-v1
dyp8fy,A,24663696e5b937f373d4e48fd0a02740fd5c4daccc47467d611a3c7b8c3d6cda,7042d6292e7416b1728a3032602123904f8e84eb14aeb56bdb17dc1119b742c2,7042d6292e7416b1728a3032602123904f8e84eb14aeb56bdb17dc1119b742c2,revised,4,2026-10-03T03:04:22.062806+00:00,False,ko-codex-v1
dyp8fy,B,2e9afbc8c17b866ae88a6fefda9cdca5ce4c7c48e21a4a427eeeff3728322a3c,2e9afbc8c17b866ae88a6fefda9cdca5ce4c7c48e21a4a427eeeff3728322a3c,2e9afbc8c17b866ae88a6fefda9cdca5ce4c7c48e21a4a427eeeff3728322a3c,pass,0,2026-10-03T02:06:58.958142+00:00,False,ko-codex-v1
dyu2mg,A,b663ddd5d6a0914476585508037ab9e3bbb87760e0a1d28eaee03a19b61a2c3e,13d47cb0997cf4fcd703efe7b5fb43c7def2fbb32cf21c3d3850157bb6ec4373,13d47cb0997cf4fcd703efe7b5fb43c7def2fbb32cf21c3d3850157bb6ec4373,revised,5,2026-10-03T02:51:38.511086+00:00,False,ko-codex-v1
dyu2mg,B,f2144e56f177fe3a67419e03a83d6a7a48503a22d242b553884eddc290ad9d4a,f2144e56f177fe3a67419e03a83d6a7a48503a22d242b553884eddc290ad9d4a,f2144e56f177fe3a67419e03a83d6a7a48503a22d242b553884eddc290ad9d4a,pass,0,2026-10-03T06:55:36.445372+00:00,False,ko-codex-v1
dyyo0r,A,5f0d9f407f8aa12038808d74f62af84c380555b146a061fc337cf4824c6b1fcf,c450e0ad70c3d2d17abee4d721a6669e1c013013674801c45d1e522c57fffe45,c450e0ad70c3d2d17abee4d721a6669e1c013013674801c45d1e522c57fffe45,revised,3,2026-10-03T02:14:04.236311+00:00,False,ko-codex-v1
dyyo0r,B,fcb546fadfe8a5417a12d48809a51f38cb6a844847cca20af9f4d0093ad951c2,4beb17d2e1281348872df99ec8d847582d27253009a9c873742377da8d139cfb,4beb17d2e1281348872df99ec8d847582d27253009a9c873742377da8d139cfb,revised,3,2026-10-03T11:16:43.392209+00:00,False,ko-codex-v1
dza8vb,A,547f22308c866ea0211d357f9496c0d0c15dfdc4b6a2fed5d502e0ae681036df,e64c146d48f20e97b86e1ae142a6467f1e6d57da4756ca5451e26586767fde4f,e64c146d48f20e97b86e1ae142a6467f1e6d57da4756ca5451e26586767fde4f,revised,3,2026-10-03T03:05:42.625926+00:00,False,ko-codex-v1
dza8vb,B,881251f3cc7a205318ce658c936a6174e56311b3793bc681e4c048d06fb621fa,fd30e3cfb182787ffcc600a5402d9713ef727541a319a8aca33f8b6a1f435efc,fd30e3cfb182787ffcc600a5402d9713ef727541a319a8aca33f8b6a1f435efc,revised,5,2026-10-03T04:27:02.469275+00:00,False,ko-codex-v1
dzcg13,A,23ca324472d8d08c6dd5405c56c1780a6e71d8293827b275d9a0415c5fafb2d5,f0892986b0a64a5b10052283214fe8718a88e9fac723f8115c76e26b09164864,f0892986b0a64a5b10052283214fe8718a88e9fac723f8115c76e26b09164864,revised,3,2026-10-03T06:51:13.004518+00:00,False,ko-codex-v1
dzcg13,B,818546a458500798c66debd6fb7298c758cff546e45a560ad0fad175770f8c3b,428bd80f470a6c5a6ee5d8844f3aeb9ed0dda81d17ff6d745cadaefd784cbaa0,428bd80f470a6c5a6ee5d8844f3aeb9ed0dda81d17ff6d745cadaefd784cbaa0,revised,2,2026-10-02T23:30:29.762287+00:00,False,ko-codex-v1
dzdmp9,A,bf80cdfd1ea90f7f6173ce7b9c1dc05106704b09f87278a6679f43d59e460ae9,780deba871e63cc718b547d38bcba33ed27f4597c4452e238611f404b48ae9bf,780deba871e63cc718b547d38bcba33ed27f4597c4452e238611f404b48ae9bf,revised,4,2026-10-03T03:56:42.573734+00:00,False,ko-codex-v1
dzdmp9,B,a0a410941f495d722e84796f1712e169f6c41f0cfd177f881ab6fc8074eaccf3,43e045ffeb7e9ad6acaa543aeaea1f04947a33149837fa71fa0e96e1e44f16f7,43e045ffeb7e9ad6acaa543aeaea1f04947a33149837fa71fa0e96e1e44f16f7,revised,4,2026-10-03T08:21:34.786370+00:00,False,ko-codex-v1
dznunq,A,a223e90f159bb0622876606637f0d2872880b83ebd07fd1c0e1a45f4707badfe,0ffd09d71f717e951272477da6905584b2f93877b8cd399b89c924b0c02a91c4,0ffd09d71f717e951272477da6905584b2f93877b8cd399b89c924b0c02a91c4,revised,1,2026-10-03T03:05:50.623124+00:00,False,ko-codex-v1
dznunq,B,9316140ae709936f9ecce04f8b454513ce3b06b47e3f63e71e3b1dd86033191b,113c576bb68d269fef25d439eec6067c4d9cd5fce499a535e4b6a8e816963514,113c576bb68d269fef25d439eec6067c4d9cd5fce499a535e4b6a8e816963514,revised,2,2026-10-03T06:07:25.371269+00:00,False,ko-codex-v1
dzpc47,A,d138e81c55258c023bc2c2c01a4cd59fc6f95ac393d47362cbabfa798e5c50b6,3e306f700df911cf75c51f7a2fc74347ebc17d8c1b85646e9638442d1b3cab6d,3e306f700df911cf75c51f7a2fc74347ebc17d8c1b85646e9638442d1b3cab6d,revised,3,2026-10-02T22:49:41.326631+00:00,False,ko-codex-v1
dzpc47,B,b9d86c678a1b5f92583aa30505884f6df68edeb7f235eb4055b98c323895a07d,127d6aaa384d80740f1ca3765894c1dcf68daed3fae306cce16b108738e6bee3,127d6aaa384d80740f1ca3765894c1dcf68daed3fae306cce16b108738e6bee3,revised,1,2026-10-03T13:19:04.979940+00:00,False,ko-codex-v1
e09z56,A,ddc7c15ae77fae11dccde6d1e6c7eb24f26bf57f342ecfc8a7307ec84a485c00,53888aa198c1a2df762033a26be73316620a82e72fa1dccbe3f20c2a095c9adf,53888aa198c1a2df762033a26be73316620a82e72fa1dccbe3f20c2a095c9adf,revised,5,2026-10-03T03:46:30.354478+00:00,False,ko-codex-v1
e09z56,B,43d2f26e64b27b6aabda150902a5004a957d554c7408c9ad6de3e16d54d4bf3b,8a08a0d89255a972393f42274c5c76a758480d0ef35e0c3c7a5f2f3478ba0635,8a08a0d89255a972393f42274c5c76a758480d0ef35e0c3c7a5f2f3478ba0635,revised,3,2026-10-02T21:36:58.462467+00:00,False,ko-codex-v1
e0lszz,A,2e572e6f60b1a480da87ae05c107d624fb0cce95641ed7d9b31e1ef43ee11bcc,ba355ce1be6c605c7af7968d82e676662d93718d8dd44e3cb8c11ad1965ab5af,ba355ce1be6c605c7af7968d82e676662d93718d8dd44e3cb8c11ad1965ab5af,revised,2,2026-10-02T21:19:29.897693+00:00,False,ko-codex-v1
e0lszz,B,f1a638db80ccee7d65183b98c7c2b6ecd53609b286f20102fd573b87eca8fef5,88307a1130e7c17766c9c17c0f8e59181b3d8c3a3022af106c4fc8c7f5d2ded3,88307a1130e7c17766c9c17c0f8e59181b3d8c3a3022af106c4fc8c7f5d2ded3,revised,3,2026-10-03T08:38:51.457674+00:00,False,ko-codex-v1
e0vza7,A,101917f4320df8e9f7224f8a8199a0a19eb06f60243f5e1aadb4ecdd8b7d7a0d,7fa672cb03244c12ef6b356fe9e0ca229cd9daf87e52a502fec22d0568647840,7fa672cb03244c12ef6b356fe9e0ca229cd9daf87e52a502fec22d0568647840,revised,4,2026-10-03T08:29:59.348055+00:00,False,ko-codex-v1
e0vza7,B,551388b8f00bfa80e79e5c9c572304a2744600316cac44c191496b4631ca75da,71f4e9cae25e9d7a636cc1275b244da8e2c58502b27290481a68615121b87dd7,71f4e9cae25e9d7a636cc1275b244da8e2c58502b27290481a68615121b87dd7,revised,4,2026-10-03T04:30:35.077777+00:00,False,ko-codex-v1
e0xf67,A,29aae8801123ccb71cfff11af2c053ba219b5ce85b630e4e572b15fb3deadbaf,55542550c6a3722f98dfdc26455a65aad9eda3cd0d8f841af6a2f87d47c427cf,55542550c6a3722f98dfdc26455a65aad9eda3cd0d8f841af6a2f87d47c427cf,revised,4,2026-10-03T11:37:31.519373+00:00,False,ko-codex-v1
e0xf67,B,ae21d8820c8ec7682b9fb75c87c7b7f5758fa1cfde957b4b05a6235fb4d1e85f,ae21d8820c8ec7682b9fb75c87c7b7f5758fa1cfde957b4b05a6235fb4d1e85f,ae21d8820c8ec7682b9fb75c87c7b7f5758fa1cfde957b4b05a6235fb4d1e85f,pass,0,2026-10-02T23:45:58.167750+00:00,False,ko-codex-v1
e1drla,A,d97e6abde40db44856ed498baa4fa58dd44f2641866a36a188e130858a81da34,2eda42bdd235c134a667fb1f36ec5398b006f8f88d40624cdcbdd8ddc1ce6a7b,2eda42bdd235c134a667fb1f36ec5398b006f8f88d40624cdcbdd8ddc1ce6a7b,revised,6,2026-10-03T03:22:50.469406+00:00,False,ko-codex-v1
e1drla,B,e20db56c306753381db965d4d2a88f258e8388f5981bbf3463ac31e1e470fbee,248faf1112c24253a82c0b6d28b27cf145d332fccfdc4bd33a44db88eec4778b,248faf1112c24253a82c0b6d28b27cf145d332fccfdc4bd33a44db88eec4778b,revised,2,2026-10-03T07:32:52.417094+00:00,False,ko-codex-v1
e1gge7,A,de4bb3b021e3632dd65f3962e6e668d116ec3e6fd8fbcdf0b8ed1c35a33eb405,c05b13356cda4d0558f389ae70b41c5c2409bc4eee88ae168099ddc07071ee33,c05b13356cda4d0558f389ae70b41c5c2409bc4eee88ae168099ddc07071ee33,revised,4,2026-10-03T00:00:13.698385+00:00,False,ko-codex-v1
e1gge7,B,6ccbc155259f3eda71f7e376954f12cf552a474d8bca68d0672a670597ba5438,f175ada5226c62e6f27db08fddc418016ec87de3be19c02634d0e78735769a52,f175ada5226c62e6f27db08fddc418016ec87de3be19c02634d0e78735769a52,revised,1,2026-10-02T23:46:55.698322+00:00,False,ko-codex-v1
e1ztdp,A,3fb51a33c17b63280f5b5dc01bc2f6eb2e5a361d68b8b448ae223c39edde2c99,eab0b5a1821444a950ac7a8759727498fa0373ef5639d89d91f39e8ee6a6b9f5,eab0b5a1821444a950ac7a8759727498fa0373ef5639d89d91f39e8ee6a6b9f5,revised,4,2026-10-03T12:37:12.733786+00:00,False,ko-codex-v1
e1ztdp,B,209352af585fc77fd635e097e6fc8592027bc791ddee49933164ef63186db047,712ace6e1fca4cf2bd09f828f893d1e27c82521b08c9ff5e881acc1813f66059,712ace6e1fca4cf2bd09f828f893d1e27c82521b08c9ff5e881acc1813f66059,revised,3,2026-10-02T21:46:09.669000+00:00,False,ko-codex-v1
e1ztyq,A,46dd525adadb795fa8fdfb73a3fbf56ac2d8acad8b00dd52bde9df8e48a1b21f,c529ab6268c7219cc32007e8c0f1582eb1f2917c9a2ff3867bc71e116707e044,c529ab6268c7219cc32007e8c0f1582eb1f2917c9a2ff3867bc71e116707e044,revised,5,2026-10-03T11:00:17.678930+00:00,False,ko-codex-v1
e1ztyq,B,243b9d67369af352e0cde00dc92fa72d1d8a2c14bb4458424ef598b528afefe0,db2921521dd84e7e188af5408a750096ba7ab8a9f16ff4be3f53ecae74dca275,db2921521dd84e7e188af5408a750096ba7ab8a9f16ff4be3f53ecae74dca275,revised,2,2026-10-03T00:45:41.796304+00:00,False,ko-codex-v1
e213q2,A,5155eafe556ebb24e55403121994364effc14f58ac6ecb1092f69ec4b3fe04fb,5155eafe556ebb24e55403121994364effc14f58ac6ecb1092f69ec4b3fe04fb,5155eafe556ebb24e55403121994364effc14f58ac6ecb1092f69ec4b3fe04fb,pass,1,2026-10-03T08:51:53.470651+00:00,False,ko-codex-v1
e213q2,B,e8bfc2cc4473930db0fdffe0206cfacb18ac4133b0021d2586f7ec96f2bf77be,f451fd87a1c511f52592c48839211655ea18989fd3df3c8f293e210bbb166c2e,f451fd87a1c511f52592c48839211655ea18989fd3df3c8f293e210bbb166c2e,revised,3,2026-10-03T01:49:58.476771+00:00,False,ko-codex-v1
e21r4p,A,ec406ac7b025001856300330f7f1db343640a98ea16a686681fd9acc43001b51,12ddcb0f3fd40f59c004e69582a7d63622fdf96483f01782832510775e49b824,12ddcb0f3fd40f59c004e69582a7d63622fdf96483f01782832510775e49b824,revised,5,2026-10-03T12:01:24.455478+00:00,False,ko-codex-v1
e21r4p,B,0a8dac7e179460f40e765beaf6b143895bb33e09d3085bcb58916614beaadb1d,8d02021c7eb59cf456bfd39ed91f6ab69d168844d72861a48f8c47a4cb074216,8d02021c7eb59cf456bfd39ed91f6ab69d168844d72861a48f8c47a4cb074216,revised,3,2026-10-03T05:20:31.020525+00:00,False,ko-codex-v1
e249hc,A,ea54207f49ae4af452c68d405a19bc52b1385cd2234284e5942ed32e364d3a57,2e4df73199eb90ace7c65772be49b1cceef78a7bb796aad3c2d6897473869902,2e4df73199eb90ace7c65772be49b1cceef78a7bb796aad3c2d6897473869902,revised,3,2026-10-03T00:41:02.249807+00:00,False,ko-codex-v1
e249hc,B,ce4cbf32ad00ce309d52c74ce4ad49e35441fa4df2004dd59998b8131714a235,b8a57c7d62ab0f7045f190ca1098e685812643e6ff1bb94d5e60a8f5433a5aa9,b8a57c7d62ab0f7045f190ca1098e685812643e6ff1bb94d5e60a8f5433a5aa9,revised,1,2026-10-02T23:25:28.721185+00:00,False,ko-codex-v1
e281eq,A,1c2fe4e8be59acfe00ff4a4e84a4cabd74b0351024d8b445df8b189f969445e9,80c22240dd1b4520359659b4b3db81610ec53b1c8399de0ffe2fb44a4e071b2d,80c22240dd1b4520359659b4b3db81610ec53b1c8399de0ffe2fb44a4e071b2d,revised,5,2026-10-03T06:44:41.774499+00:00,False,ko-codex-v1
e281eq,B,07728eaaf6819d4d10fd783da424c421e1555ffd94b2510e15e77add6e75c207,07728eaaf6819d4d10fd783da424c421e1555ffd94b2510e15e77add6e75c207,07728eaaf6819d4d10fd783da424c421e1555ffd94b2510e15e77add6e75c207,pass,0,2026-10-02T22:25:05.171856+00:00,False,ko-codex-v1
e287ey,A,a830f24fd2d1f0aca306172f1f77b0579c7b350423ca8d370fe88262f737c3a0,f25c859de6261796a543493938f7aa716058140915727320818ea6cd76756502,f25c859de6261796a543493938f7aa716058140915727320818ea6cd76756502,revised,3,2026-10-02T21:13:56.392513+00:00,False,ko-codex-v1
e287ey,B,33d96da4f5c75c0ff6a0f02e0b47e6eb120a8eeee70b00b1cc0c8e38cd67d767,0922e181fc262f3266df03189fca779978a088494347ede2f5b201bd5b688690,0922e181fc262f3266df03189fca779978a088494347ede2f5b201bd5b688690,revised,4,2026-10-03T12:26:29.272730+00:00,False,ko-codex-v1
e2cbz6,A,c5922674768f64a0adac3841e775d0595e80de37d097b4eec232f275171e2863,8bcc39436700549bf6b558bf807a780befedf5179d85e1500702317370226b24,8bcc39436700549bf6b558bf807a780befedf5179d85e1500702317370226b24,revised,7,2026-10-03T04:11:41.180511+00:00,False,ko-codex-v1
e2cbz6,B,27acfbd3889790a2d15c4ea33d992db3b762e423761c64640621f4e38e838c3e,9a259526a91ec105ec89963db430eb0513e76ddcade71891d8b49f854d513a98,9a259526a91ec105ec89963db430eb0513e76ddcade71891d8b49f854d513a98,revised,2,2026-10-03T00:25:28.090641+00:00,False,ko-codex-v1
e2jhdw,A,a6ab917b6bd69be8e6fac752bf9b4fcbf05f9c6c153f136ef469bda2b10a20cc,3d3265690c8777a54bea2208f05993ee2782478222ccc855c5cb0cd029db2fd1,3d3265690c8777a54bea2208f05993ee2782478222ccc855c5cb0cd029db2fd1,revised,4,2026-10-03T01:03:03.649625+00:00,False,ko-codex-v1
e2jhdw,B,32e0eec179c21b9890f2caa1b909c15d9b82a20050f5f3cc538913ba32fd7318,a5365f4bd5723faafefe63d8e62bd4ee967b956487ef424e7a43c1d7d8308f9e,a5365f4bd5723faafefe63d8e62bd4ee967b956487ef424e7a43c1d7d8308f9e,revised,3,2026-10-02T21:38:07.543069+00:00,False,ko-codex-v1
e2sc15,A,110ead14c3e4797a58442c29b0c77ae8edd3ef256ad52b7c0ebb76802a8eb1a7,dea98ab701ca9429ab2b6e80eb8f8e1970c9ba04f9d1ca1534fb5fc8265dff21,dea98ab701ca9429ab2b6e80eb8f8e1970c9ba04f9d1ca1534fb5fc8265dff21,revised,2,2026-10-03T05:54:16.870941+00:00,False,ko-codex-v1
e2sc15,B,fccd9df55058e026bbffe8931d8a74b99d1bd4f06781821ce69e202b18ddef69,fccd9df55058e026bbffe8931d8a74b99d1bd4f06781821ce69e202b18ddef69,fccd9df55058e026bbffe8931d8a74b99d1bd4f06781821ce69e202b18ddef69,pass,0,2026-10-02T23:34:49.410357+00:00,False,ko-codex-v1
e2uiig,A,479a690638d53cd53bfd8e26e8a3a574e1a926820a2e7babf64d29655a8474ce,62973bd661f0f02635567959109a7eece105fc080dfb57aaa838e2f07dfa4bf6,62973bd661f0f02635567959109a7eece105fc080dfb57aaa838e2f07dfa4bf6,revised,3,2026-10-03T06:53:47.482994+00:00,False,ko-codex-v1
e2uiig,B,65a1e489df978166288b7c1b76ea857de883ebf65e99066f43f537e4716a3a5f,72e02eaf9582af5576535ba2c54ed120ae26a1a2456630c9edf7211b23032e44,72e02eaf9582af5576535ba2c54ed120ae26a1a2456630c9edf7211b23032e44,revised,3,2026-10-03T01:05:19.175262+00:00,False,ko-codex-v1
e31xkv,A,41d5f53462560c0fbd2a57d300cf5ea5219061b066c3fb1d6ba168e73ccce0bb,8f8df9947c84d21a56fff41a21824ef56b80b3baaa3efa72544bb6fd7c6387f7,8f8df9947c84d21a56fff41a21824ef56b80b3baaa3efa72544bb6fd7c6387f7,revised,6,2026-10-03T06:21:24.830507+00:00,False,ko-codex-v1
e31xkv,B,60bea9509fbc605ecf7c9b53b0695fbddc6eb8f1fc5de948e3cf00af8448c69d,713871b23f00afcea27983d45eeb5523025d806ca307fdcdd4c07b94864cd46a,713871b23f00afcea27983d45eeb5523025d806ca307fdcdd4c07b94864cd46a,revised,3,2026-10-03T08:43:02.528058+00:00,False,ko-codex-v1
e32yvk,A,627dea39f45a7f0c0dbce59f6f80ffc9132183bbf9c7625075538e099ffc7ca0,1816d34feae4b978696461c66e73a6345c1de09e69f1e8723354c730cc9fb74e,1816d34feae4b978696461c66e73a6345c1de09e69f1e8723354c730cc9fb74e,revised,3,2026-10-03T03:24:32.689325+00:00,False,ko-codex-v1
e32yvk,B,29dc5898484d3e16763400b80738cff6d6e10f85dadd7be7965da6a02ff92042,785e8a881b760a091e8a874437177d843610f618616fcb3368b05060960dcb43,785e8a881b760a091e8a874437177d843610f618616fcb3368b05060960dcb43,revised,3,2026-10-03T03:56:36.078407+00:00,False,ko-codex-v1
e35z0g,A,8a69f356bc89fcc8a9fae6b9f1698dec01f799bb0c3b93a2063a2fd173398001,6d009a913ae06e840fe883d9e09555edda578a609e2a7ed523df4e29ca121201,6d009a913ae06e840fe883d9e09555edda578a609e2a7ed523df4e29ca121201,revised,3,2026-10-02T21:39:14.215193+00:00,False,ko-codex-v1
e35z0g,B,3dd78824ba2d16f833386fff67c2822b0a62f12e9660af1c69ec83284afdc600,3dd78824ba2d16f833386fff67c2822b0a62f12e9660af1c69ec83284afdc600,3dd78824ba2d16f833386fff67c2822b0a62f12e9660af1c69ec83284afdc600,pass,0,2026-10-03T06:24:30.211843+00:00,False,ko-codex-v1
e37v3g,A,0af8217a2dffccc870c5770a3782bb3411a68c80ef11f4ca123de4bcd31b72d0,e61abc740fa738371652c5536dd6cf3b8ffabc505b8f3b9a36b54ed3461f54da,e61abc740fa738371652c5536dd6cf3b8ffabc505b8f3b9a36b54ed3461f54da,revised,7,2026-10-03T00:28:27.960230+00:00,False,ko-codex-v1
e37v3g,B,17247469178f1ff67b03358dec9992a7ebf8584d04ba8aa3f9710ebb9459fc8a,cc9ede36b2448efdea3acc3f27e10e5ae2b1c7852515cecfe247019f9309f4a5,cc9ede36b2448efdea3acc3f27e10e5ae2b1c7852515cecfe247019f9309f4a5,revised,2,2026-10-02T21:10:37.159597+00:00,False,ko-codex-v1
e3jcq0,A,6b3d4717e28d373a86bdb4692e902321961d343629ecb3102b8a89c20aaa4eca,c2481a4e40618cc7f9c3d920c998e1c7cbb2cf2ea423bcb890040d18f8657017,c2481a4e40618cc7f9c3d920c998e1c7cbb2cf2ea423bcb890040d18f8657017,revised,2,2026-10-03T08:01:25.359278+00:00,False,ko-codex-v1
e3jcq0,B,68040817583cffc34643ebd6f5192a70db8cb78e09379ad1440bbfede53592db,68040817583cffc34643ebd6f5192a70db8cb78e09379ad1440bbfede53592db,68040817583cffc34643ebd6f5192a70db8cb78e09379ad1440bbfede53592db,pass,0,2026-10-03T04:29:56.150193+00:00,False,ko-codex-v1
e3jxrf,A,9e763cbb0a0d01089cca4849f3c6cc82265c28e4e73b0a8cd9c286eada02d481,a1ca7f585ab41ef02840b46e58c7cb1c9d66cfa303a72bc59b7d9d298d61c4c4,a1ca7f585ab41ef02840b46e58c7cb1c9d66cfa303a72bc59b7d9d298d61c4c4,revised,7,2026-10-02T22:53:38.197934+00:00,False,ko-codex-v1
e3jxrf,B,68fd64301af3c70de9a01e3a8b5fbceca6b777f861d0fa14d0189f0f1df27e30,6b4a7a8a9f1f387b0f4783cd1efac829885279bdf98c750f049854da6f569bd3,6b4a7a8a9f1f387b0f4783cd1efac829885279bdf98c750f049854da6f569bd3,revised,2,2026-10-03T08:22:29.144126+00:00,False,ko-codex-v1
e3q2d0,A,fabe0583fecfc9f1118a0bbb2411ce37e34bd73cc6dff93ac5947cd559d634cd,010c4bde46b3db1ffaade22adad472422cabfe09a39fe426ee3e22ef510e604f,010c4bde46b3db1ffaade22adad472422cabfe09a39fe426ee3e22ef510e604f,revised,6,2026-10-03T03:35:11.266427+00:00,False,ko-codex-v1
e3q2d0,B,ef3a858bb26f8700288cfd0c0a7f49444ab44dc8ec06b709cdb4dc4b84b50a7a,ef3a858bb26f8700288cfd0c0a7f49444ab44dc8ec06b709cdb4dc4b84b50a7a,ef3a858bb26f8700288cfd0c0a7f49444ab44dc8ec06b709cdb4dc4b84b50a7a,pass,0,2026-10-03T01:35:17.370558+00:00,False,ko-codex-v1
e3t9b7,A,41b3f69278e889107f16c63677a7e60441c34ad2d778ea0cf3606580a3203bef,6fb5d2371d3c60c856d8ba12cf51a07c7b497ab13cc0ba0e65564d5e5fb188ed,6fb5d2371d3c60c856d8ba12cf51a07c7b497ab13cc0ba0e65564d5e5fb188ed,revised,9,2026-10-02T22:04:54.494180+00:00,False,ko-codex-v1
e3t9b7,B,b15f40082bf3862c5befe16c7b022d3fe69a115f1adccab2311c9df70c91ff73,9ae8ade2d893f901044e791ec934c91e3ae1dcf279e73083e15a56ddd5f05822,9ae8ade2d893f901044e791ec934c91e3ae1dcf279e73083e15a56ddd5f05822,revised,2,2026-10-03T07:47:45.419370+00:00,False,ko-codex-v1
e44dai,A,64c482523fabbc33c42e999e609576469deb712b78c13ea843a7326ef0444b29,8b53ee6fcd5f7c11db8ab86fcdc84cbf53b97126a616de0ae713f3ea5f9b79a2,8b53ee6fcd5f7c11db8ab86fcdc84cbf53b97126a616de0ae713f3ea5f9b79a2,revised,4,2026-10-03T12:28:21.064864+00:00,False,ko-codex-v1
e44dai,B,95e4a090240f77252aee50b040cde203c282a970845768adf106d244422e94b4,8e1eb37bc1813ba2085cfd42acdec984407f1ce5b369cccbfde228ce7173da58,8e1eb37bc1813ba2085cfd42acdec984407f1ce5b369cccbfde228ce7173da58,revised,3,2026-10-03T11:44:01.994957+00:00,False,ko-codex-v1
e45x75,A,b0c138d6078505ded43ddd4af8b6ad1614e5c4e5f3b14bd5dd7a9119d2cd28a5,c86833bd2de50fddec0b7c76453a5e5c7e236a465c67f5d3a8b54834b1f11429,c86833bd2de50fddec0b7c76453a5e5c7e236a465c67f5d3a8b54834b1f11429,revised,5,2026-10-02T22:02:00.625151+00:00,False,ko-codex-v1
e45x75,B,2f8377ec49248a1dc9782b3a74e0da884c1186822f4b5e933697ddc831581515,7dd3bf1aeb26738e50d62b00c2301a00bfaddc40289a8544e164b7f06a0318fd,7dd3bf1aeb26738e50d62b00c2301a00bfaddc40289a8544e164b7f06a0318fd,revised,4,2026-10-03T00:52:12.084706+00:00,False,ko-codex-v1
e4bf5a,A,c96124864668a248059e85403366d3a06e14135fd8bee8417f807bc65501d6ad,c301b6901f64592a7e2bac1d4c78c12299617a00904df10b2ef3a25e63d2aa38,c301b6901f64592a7e2bac1d4c78c12299617a00904df10b2ef3a25e63d2aa38,revised,2,2026-10-03T04:49:38.498965+00:00,False,ko-codex-v1
e4bf5a,B,acb51c2fb4edbfdd4965fa35fd1713c51bd51d887925f7a5b80290e7ecddccfd,544652387cb37e9fa25c8a29ca6347142012ef7de4d026ca51288d1989d3986d,544652387cb37e9fa25c8a29ca6347142012ef7de4d026ca51288d1989d3986d,revised,5,2026-10-03T06:46:15.747350+00:00,False,ko-codex-v1
e4brnp,A,92d06489fc5d6bb5104380bf8dcb8443e119d35b3e96e0eaeafe4f571859eba5,0b8d4956ca4255789f72762344ca99091695ab4cdc13dc21832776e563f42bdd,0b8d4956ca4255789f72762344ca99091695ab4cdc13dc21832776e563f42bdd,revised,4,2026-10-03T11:04:36.257767+00:00,False,ko-codex-v1
e4brnp,B,d4cdeffaa8fc4155e6322bf8e2fd40d0d6e9bfa992bac9148a81baef30b0dc68,2ddc92308d42c2633d52fa6add79b7cd787412ee75007444aaf60aff2bf9366d,2ddc92308d42c2633d52fa6add79b7cd787412ee75007444aaf60aff2bf9366d,revised,2,2026-10-03T00:40:28.155179+00:00,False,ko-codex-v1
e4ggx2,A,eaa67548eb842137b1802f4dd294ae15b2335c90de10b2aa29b22a42b9c3244a,eaa67548eb842137b1802f4dd294ae15b2335c90de10b2aa29b22a42b9c3244a,eaa67548eb842137b1802f4dd294ae15b2335c90de10b2aa29b22a42b9c3244a,pass,0,2026-10-03T10:53:42.326928+00:00,False,ko-codex-v1
e4ggx2,B,1d9b160523e231532e726e7b06d216662733e1368cb0047ecfe7326c39f2a00e,1d9b160523e231532e726e7b06d216662733e1368cb0047ecfe7326c39f2a00e,1d9b160523e231532e726e7b06d216662733e1368cb0047ecfe7326c39f2a00e,pass,0,2026-10-02T21:40:49.158163+00:00,False,ko-codex-v1
e4jnzw,A,56dad84f01b18cb528bd9082ba2d6d77cfa4b18846e7e01c2685e730b868b17c,56dad84f01b18cb528bd9082ba2d6d77cfa4b18846e7e01c2685e730b868b17c,56dad84f01b18cb528bd9082ba2d6d77cfa4b18846e7e01c2685e730b868b17c,pass,0,2026-10-03T01:35:43.515640+00:00,False,ko-codex-v1
e4jnzw,B,3762e34cf040373c883f8848eaea8f0cf125413899ef4d4b22148e575e626706,64a361d041beebb65e1411f3de774e6f687eb0f1738ca70e9d26add4a8d8101f,64a361d041beebb65e1411f3de774e6f687eb0f1738ca70e9d26add4a8d8101f,revised,1,2026-10-03T06:31:23.341236+00:00,False,ko-codex-v1
e4pfqz,A,a27de4edaea708621a1a540539d4f9278767c60e4c6285edbbdc44e68dfb9b5c,bf7baa358f98d4a26a8ddaf88010953612707c3d8cb679932aaa22635da7be82,bf7baa358f98d4a26a8ddaf88010953612707c3d8cb679932aaa22635da7be82,revised,6,2026-10-03T08:34:09.924991+00:00,False,ko-codex-v1
e4pfqz,B,ba8dcb4b68bd9394821d3af1c6347d50d641f5790521afb6e33387c20b4c1493,e00074bf221e688ab33317ea3ee79872f52109844c66cd8170c0e8899edbb1f1,e00074bf221e688ab33317ea3ee79872f52109844c66cd8170c0e8899edbb1f1,revised,1,2026-10-03T00:09:41.206204+00:00,False,ko-codex-v1
e4ugkz,A,57abcf0ece797e3369a635fd2b3102e59358b37abbd45a1d6eb3d95de8f60f4b,e3562d36c996b5d2adcfd26ee36906d2825365b9ca8af871bbc019c7e281876b,e3562d36c996b5d2adcfd26ee36906d2825365b9ca8af871bbc019c7e281876b,revised,4,2026-10-02T21:08:55.237084+00:00,False,ko-codex-v1
e4ugkz,B,42d841749f8d7a3092dc8984d73a39545411fbf2ffe0ac42e4bb19d3f5e1bc49,960e41605d79f352acd7295995455e3f6db471f43a208fe12fbb6d7198889161,960e41605d79f352acd7295995455e3f6db471f43a208fe12fbb6d7198889161,revised,3,2026-10-03T06:11:51.556372+00:00,False,ko-codex-v1
e4vgi8,A,74c7268cd9187f2cdd2162bd57bc3ff056664fb2ac6551676879a089a8672e1c,9772f6e514ac4da2860f2747e5422e24b53806b3ff5896434c82dc525e029dbe,9772f6e514ac4da2860f2747e5422e24b53806b3ff5896434c82dc525e029dbe,revised,4,2026-10-03T12:31:51.069473+00:00,False,ko-codex-v1
e4vgi8,B,92c6c5b15c831bac99d393357691966b803fb974af35aec70ff71d4f2895b2fd,af8784319db8b6f23fea098c2695457b23b69f0c932f00cc5df52ecefd7cfb09,af8784319db8b6f23fea098c2695457b23b69f0c932f00cc5df52ecefd7cfb09,revised,2,2026-10-03T02:41:00.564867+00:00,False,ko-codex-v1
e4vw9e,A,25c15a56b63f6570cae8c6677b1cb210d94cb8972198dae8f399dcd83491f90f,431dd57f538a061ca3780acdd08471290eb928dee4cae9784732a25a15897fd6,431dd57f538a061ca3780acdd08471290eb928dee4cae9784732a25a15897fd6,revised,2,2026-10-03T00:41:44.658742+00:00,False,ko-codex-v1
e4vw9e,B,220382c8f15173024bc39f6da714c8a1fc9f9e25bc7c6e5d20409ff8969e4ce5,3b03bb51b6e26f1439ad01bf0b8c828abec8d063afb5dd31825b7edfef3a4e4e,3b03bb51b6e26f1439ad01bf0b8c828abec8d063afb5dd31825b7edfef3a4e4e,revised,2,2026-10-03T11:20:42.198795+00:00,False,ko-codex-v1
e56exa,A,6b18ccfc46ef41ae205c0520b333df44cf370bc6a705667db0566d0764f938ee,afb7530bcf957e7513861128a26aae954732c8386d29e404c9db97e5700e1b7d,afb7530bcf957e7513861128a26aae954732c8386d29e404c9db97e5700e1b7d,revised,2,2026-10-03T06:51:37.786607+00:00,False,ko-codex-v1
e56exa,B,7e733d9d53b04c19eb8fc7fcfcb4714f3cba860e4f50878e939b5f3fd1b38324,5142c1e3564e4f836d255dc9ce4f707460fd31b759f26dff867123412f215339,5142c1e3564e4f836d255dc9ce4f707460fd31b759f26dff867123412f215339,revised,5,2026-10-03T13:21:09.726860+00:00,False,ko-codex-v1
e57u1u,A,e0b285654015030d36adbc78e651afcface72345ab208f6ebb983ae7abac3777,b024fe1a892eb208f4ce82c6464a9a8d5912ce1794c2877e74fa0ffa1b56c523,b024fe1a892eb208f4ce82c6464a9a8d5912ce1794c2877e74fa0ffa1b56c523,revised,6,2026-10-02T22:53:08.874199+00:00,False,ko-codex-v1
e57u1u,B,d8fc263491ad7b320a53f9069de6cd0b996cf4379022fb8549f878348cdd7818,d810d80cca29cd7ffb255b5ebd688c25465c74d43925948674ee45e0750ccea1,d810d80cca29cd7ffb255b5ebd688c25465c74d43925948674ee45e0750ccea1,revised,2,2026-10-03T05:42:03.421056+00:00,False,ko-codex-v1
e592uc,A,ff91299e432fa350fbd00033fbfdb47b744712156d0ed83d1caa562857baad13,d37a90a11419465f860cd0187dc7fa27a93611fed3d573d489f2c3e105239628,d37a90a11419465f860cd0187dc7fa27a93611fed3d573d489f2c3e105239628,revised,9,2026-10-03T02:10:51.625397+00:00,False,ko-codex-v1
e592uc,B,75fbceb7275b050a2b3c3b20376ce4725b5e778d0fa2671a4d27f70601db0c6e,de57e678b1c3c0d64e6d0248417ba93ca51016e70d3e8fd8951264e551789122,de57e678b1c3c0d64e6d0248417ba93ca51016e70d3e8fd8951264e551789122,revised,5,2026-10-03T01:21:06.961771+00:00,False,ko-codex-v1
e5a6dk,A,2ba494874e070c5c255e851140551822e93f85edc07384ff3ff040a5f49a7e18,25653e4d78b3573794cf3e15c23dbdba45bebf55437e03b43e90b3c820f0fe52,25653e4d78b3573794cf3e15c23dbdba45bebf55437e03b43e90b3c820f0fe52,revised,4,2026-10-03T06:53:38.008831+00:00,False,ko-codex-v1
e5a6dk,B,f8749eef6791a033021d1e79ddac869fc3981ad5809b377c489ab9b9387ac11e,0a67dbd9eb76b3866125372e60e1f8b98eecba582b3082a424d90063e35aecd3,0a67dbd9eb76b3866125372e60e1f8b98eecba582b3082a424d90063e35aecd3,revised,3,2026-10-03T07:11:59.822742+00:00,False,ko-codex-v1
e5cyq1,A,dec0a0c2f9b2394f70edea982040ae1c6648d041ca4c0daa08b394cbf9bc4936,b49ccb17af40be988b6b21fe9a41ec90fccc87fd221c0e10ac23b72db750db45,b49ccb17af40be988b6b21fe9a41ec90fccc87fd221c0e10ac23b72db750db45,revised,6,2026-10-02T21:06:22.745202+00:00,False,ko-codex-v1
e5cyq1,B,e4b1e95db2397fcce70408c152d6f4a87d58133eaa9e5cc7ec049fb1f36094b9,a23839f5a6f5b63e01b0e56c0d1908698253a0d5a4b00f978cb15b9d890eb169,a23839f5a6f5b63e01b0e56c0d1908698253a0d5a4b00f978cb15b9d890eb169,revised,4,2026-10-03T02:43:28.520637+00:00,False,ko-codex-v1
e5jtxg,A,744a4a4273be1eb8b0005a0f15ef1c5dc9b2eccf4fe4323ba60692a9c14621d2,f15667961cab5208c28ace7d1f5aa40bef6fa58fc73706a79cd9888604315a82,f15667961cab5208c28ace7d1f5aa40bef6fa58fc73706a79cd9888604315a82,revised,5,2026-10-03T03:02:27.053711+00:00,False,ko-codex-v1
e5jtxg,B,17ee5c747700a0c0018a478849efe10c80360f2a7b04d390d8dd99d751629695,17ee5c747700a0c0018a478849efe10c80360f2a7b04d390d8dd99d751629695,17ee5c747700a0c0018a478849efe10c80360f2a7b04d390d8dd99d751629695,pass,0,2026-10-03T03:26:21.123666+00:00,False,ko-codex-v1
e5m77u,A,3a859dd346c5ff78353e44e9f6dc52a7ab1382893537e4b7770d09ef30c285a1,fc53b67d961167d4c0ac798892b4289f5dcca42817fc7a91c3e8868531ad953e,fc53b67d961167d4c0ac798892b4289f5dcca42817fc7a91c3e8868531ad953e,revised,1,2026-10-03T06:26:27.581763+00:00,False,ko-codex-v1
e5m77u,B,b9b816062561c303e93ac3a3c3cb8929c5d91b7e361c23e134ce85a20e0733d9,08a0b4946bebad3351a84a43d74546f2acc4d80ecc2b44e11d5c01ce2e61b756,08a0b4946bebad3351a84a43d74546f2acc4d80ecc2b44e11d5c01ce2e61b756,revised,1,2026-10-03T03:40:48.767744+00:00,False,ko-codex-v1
e5o63z,A,7ded4e089e40434d24daf08be9e513f932cc287d21d9ad3a401f8d23562a91ad,8e1606ceea83cc4343f04809ec5aa867d39d881c85d68f8e09c83b3527bb8fbf,8e1606ceea83cc4343f04809ec5aa867d39d881c85d68f8e09c83b3527bb8fbf,revised,3,2026-10-03T11:19:03.254709+00:00,False,ko-codex-v1
e5o63z,B,4328eedfd91b671d559887cbffd7b4585224c9701a815b25ffccc59dc916b9cb,6084ad62e08ce4f9f587c724cf10be161338c4e2fff01197fb5616c072916876,6084ad62e08ce4f9f587c724cf10be161338c4e2fff01197fb5616c072916876,revised,2,2026-10-03T03:17:33.349609+00:00,False,ko-codex-v1
e5q29v,A,6193358955aa82a304193cd399fa3cf8cc04943d4fc85508aa30797c916a6e72,b65da6545eec53961b2d580ec65805f1021d52e48464d6a4aa3545b6eae911a5,b65da6545eec53961b2d580ec65805f1021d52e48464d6a4aa3545b6eae911a5,revised,1,2026-10-03T04:25:59.992590+00:00,False,ko-codex-v1
e5q29v,B,e04eda9eebad8c77d825f548804b340418b9570bcab34ab1204c697aada526fe,e04eda9eebad8c77d825f548804b340418b9570bcab34ab1204c697aada526fe,e04eda9eebad8c77d825f548804b340418b9570bcab34ab1204c697aada526fe,pass,0,2026-10-03T01:54:16.897911+00:00,False,ko-codex-v1
e5vlrp,A,cdc7b724015fa3de3bf74ed4e226585a2843a28f4bf7ab59edea906847333756,cdc7b724015fa3de3bf74ed4e226585a2843a28f4bf7ab59edea906847333756,cdc7b724015fa3de3bf74ed4e226585a2843a28f4bf7ab59edea906847333756,pass,0,2026-10-02T21:09:42.306574+00:00,False,ko-codex-v1
e5vlrp,B,7f7639f2f7fb5f5288923f676bad00148ee2860660fd1026192c14b52ea8ee51,75944ffc103a34f2eca5b4f2934933810b3756663653506ebc3982d9d59e03f4,75944ffc103a34f2eca5b4f2934933810b3756663653506ebc3982d9d59e03f4,revised,3,2026-10-03T08:21:48.104883+00:00,False,ko-codex-v1
e5vnqh,A,12f3ebc38329cb58d7fe6d7e9f97202cf81aa4a86e6f3293801f098d57684cd9,da25c69d242c81d4288ff30612dc4bfd162e30375a02bdb9368a6bd93126ab2b,da25c69d242c81d4288ff30612dc4bfd162e30375a02bdb9368a6bd93126ab2b,revised,2,2026-10-03T11:49:37.778701+00:00,False,ko-codex-v1
e5vnqh,B,1b7dbefc2662bcbb4470f41ef63f5a1317db4b650f086eea213598dad388c8af,89a88e9b30b3eede9fb123bf645467bd87e839837f719e2c16d43a14ae6f4032,89a88e9b30b3eede9fb123bf645467bd87e839837f719e2c16d43a14ae6f4032,revised,2,2026-10-03T04:50:07.788414+00:00,False,ko-codex-v1
e5x369,A,c3b02d7bf7f33c1b40410fc9d6ac302fd581d2aba6b8c6167603c6ad841ce54f,c3b02d7bf7f33c1b40410fc9d6ac302fd581d2aba6b8c6167603c6ad841ce54f,c3b02d7bf7f33c1b40410fc9d6ac302fd581d2aba6b8c6167603c6ad841ce54f,pass,0,2026-10-03T05:59:10.285220+00:00,False,ko-codex-v1
e5x369,B,8aff5be19621462cbc705e4cfaf978010ffa18a547c91724abafd5912cec95b1,8aff5be19621462cbc705e4cfaf978010ffa18a547c91724abafd5912cec95b1,8aff5be19621462cbc705e4cfaf978010ffa18a547c91724abafd5912cec95b1,pass,0,2026-10-03T04:57:53.449753+00:00,False,ko-codex-v1
e61v6p,A,c78ffb5893c05ddfd15e2bd7e0492b22ba76b014c37b7c13adff78d10c068e05,2d4f7df01d38ed04c2900273d51c2f94e8927d13f2bfc7c9d88904dd0f52c15a,2d4f7df01d38ed04c2900273d51c2f94e8927d13f2bfc7c9d88904dd0f52c15a,revised,3,2026-10-03T08:00:19.272680+00:00,False,ko-codex-v1
e61v6p,B,00b2906e9c64a139825c8b1f949fd163fa829cf98e24e75871dba40c05037057,87b8a3dfaf0e363225d65f2dce303ee2effcf65074527ef95a180ea34e273879,87b8a3dfaf0e363225d65f2dce303ee2effcf65074527ef95a180ea34e273879,revised,4,2026-10-02T23:05:47.904257+00:00,False,ko-codex-v1
e62vkh,A,2f63b89dc35ed30bf42fde4947143ea3fbe11e70c14709dcca79adc70197a0d5,2f63b89dc35ed30bf42fde4947143ea3fbe11e70c14709dcca79adc70197a0d5,2f63b89dc35ed30bf42fde4947143ea3fbe11e70c14709dcca79adc70197a0d5,pass,0,2026-10-03T02:09:51.788475+00:00,False,ko-codex-v1
e62vkh,B,e8430589350e3ed02d539dec25487c1d00e5fcb18e9c1a7108ce42b936897785,e8430589350e3ed02d539dec25487c1d00e5fcb18e9c1a7108ce42b936897785,e8430589350e3ed02d539dec25487c1d00e5fcb18e9c1a7108ce42b936897785,pass,0,2026-10-03T06:30:45.358507+00:00,False,ko-codex-v1
e64mnh,A,2100985653d909ae3236faa112002866c894d21c8fc86d59b6558782d102f47b,d6cf682b54cff9b3ca9a21a1e63326557f192ceb6aedc0a6679bd1c581b8a5f0,d6cf682b54cff9b3ca9a21a1e63326557f192ceb6aedc0a6679bd1c581b8a5f0,revised,8,2026-10-03T06:10:53.730880+00:00,False,ko-codex-v1
e64mnh,B,6c03a9b132b9874749a4ce6e0f9a0089f4a75a6c4ff78081451f519c8e7dc837,b0f3238bcfae3e6eda898708afc911024110dceaba906e76b200c588e09642ac,b0f3238bcfae3e6eda898708afc911024110dceaba906e76b200c588e09642ac,revised,4,2026-10-03T04:54:21.964670+00:00,False,ko-codex-v1
e67euj,A,065d09b48ff86b5eb7bae76c5d38e77457a0b0c96b423b356b2abfcfc12281ea,309e7ac30680361648be25255f3aa96573be66cd409060a34d73735fb0d9b473,309e7ac30680361648be25255f3aa96573be66cd409060a34d73735fb0d9b473,revised,4,2026-10-03T02:38:30.605760+00:00,False,ko-codex-v1
e67euj,B,d6c7cbf01b51f96d4bcc572914d1ddd8a84342d2effcc542a836cd72ea3e3340,ae5ea71f04e7d630e40b79a5ae642b9feacf4f7f594cb0d2242242454982e120,ae5ea71f04e7d630e40b79a5ae642b9feacf4f7f594cb0d2242242454982e120,revised,2,2026-10-03T07:56:36.601654+00:00,False,ko-codex-v1
e6e7xg,A,9a19fda09ac92b085de3e44884b193ce82df7cdc4c0a5d0b9cafd7b0d45bf809,93e318e7b3a30f7b01c6e63e2870f6acfa4a6aae83a77304c9c6111ff082ba26,93e318e7b3a30f7b01c6e63e2870f6acfa4a6aae83a77304c9c6111ff082ba26,revised,2,2026-10-03T01:00:40.444497+00:00,False,ko-codex-v1
e6e7xg,B,2030e2e6b3b4e8e82aa1b527170a07d824d6df04c27b4d93dd23309310c6edf9,2030e2e6b3b4e8e82aa1b527170a07d824d6df04c27b4d93dd23309310c6edf9,2030e2e6b3b4e8e82aa1b527170a07d824d6df04c27b4d93dd23309310c6edf9,pass,0,2026-10-02T23:44:45.728127+00:00,False,ko-codex-v1
e6ihfp,A,64324c28f333de09c794474004a7898f70bffe2dc17080c78b02e5b703d10af3,9409f0c51f4f4dae8753df028326315341ab0976bfb6115f0dcefd0b6513b475,9409f0c51f4f4dae8753df028326315341ab0976bfb6115f0dcefd0b6513b475,revised,2,2026-10-03T00:10:37.066401+00:00,False,ko-codex-v1
e6ihfp,B,3a15c678b0bae7fca4915dc2495bd8be6cc0a2cdece9324b09e918e839a61694,de724029af4dd01d0b0ecc08b82edb2d94d12bafe9bb724a9b1d44071101e31e,de724029af4dd01d0b0ecc08b82edb2d94d12bafe9bb724a9b1d44071101e31e,revised,2,2026-10-03T07:46:40.557635+00:00,False,ko-codex-v1
e6u28z,A,6e6e4b0f5d33ba454e0c6ea3d4f8aafaec134ddc6ce38979ab7c839be8624f2c,b308b17e11a76a8b6ae5edeba01ea34323df346026cf61777de2d4cbf02c6c82,b308b17e11a76a8b6ae5edeba01ea34323df346026cf61777de2d4cbf02c6c82,revised,4,2026-10-02T21:32:49.327468+00:00,False,ko-codex-v1
e6u28z,B,b49f20d86148ddfda470a2de757e3b443dd9124aeddb21060ed9f53b7757de8b,b49f20d86148ddfda470a2de757e3b443dd9124aeddb21060ed9f53b7757de8b,b49f20d86148ddfda470a2de757e3b443dd9124aeddb21060ed9f53b7757de8b,pass,0,2026-10-02T22:11:52.393594+00:00,False,ko-codex-v1
e6v2gx,A,65f9e8471e444d055b661af8207c1929e91457924bca27681896672a94977440,65f9e8471e444d055b661af8207c1929e91457924bca27681896672a94977440,65f9e8471e444d055b661af8207c1929e91457924bca27681896672a94977440,pass,0,2026-10-03T02:27:11.573498+00:00,False,ko-codex-v1
e6v2gx,B,b49f20d86148ddfda470a2de757e3b443dd9124aeddb21060ed9f53b7757de8b,b49f20d86148ddfda470a2de757e3b443dd9124aeddb21060ed9f53b7757de8b,b49f20d86148ddfda470a2de757e3b443dd9124aeddb21060ed9f53b7757de8b,pass,0,2026-10-02T21:41:02.460609+00:00,False,ko-codex-v1
e6vbmy,A,68349dc3aa5afa3548887cd1acd8637a168dffc82fcb7c526ef09dca38906633,9dce2d02fafd655ec8b851a4721aa90955f0458cdb1131c3efb48c025e692d6c,9dce2d02fafd655ec8b851a4721aa90955f0458cdb1131c3efb48c025e692d6c,revised,3,2026-10-03T03:02:32.819554+00:00,False,ko-codex-v1
e6vbmy,B,0e6227f7a8f86cc3a96118c393e68e45c622191b5988d44e100044cd43fabbbe,558db36db7c8a2ec044d427902665137013095e6267517ebd422190d0cd558a5,558db36db7c8a2ec044d427902665137013095e6267517ebd422190d0cd558a5,revised,2,2026-10-03T07:53:01.501194+00:00,False,ko-codex-v1
e71k42,A,aa09b7ff9ea560eb740b20f41790334606a3cb49a03a470597babc2af9656aae,9483ecdb0358c484935e0d3ffa3bb6504164c3fc6d546332856e206dfb713b3d,9483ecdb0358c484935e0d3ffa3bb6504164c3fc6d546332856e206dfb713b3d,revised,5,2026-10-03T06:20:32.204780+00:00,False,ko-codex-v1
e71k42,B,25082232bd1dea3f32efc3b9ac2ce85d424b8b8957a5acbd0d33364b20d8670e,932989789f7f148b7d52d263efdd6376f84db5b834ea5c7eb11c0c141661ab75,932989789f7f148b7d52d263efdd6376f84db5b834ea5c7eb11c0c141661ab75,revised,3,2026-10-02T23:33:06.249530+00:00,False,ko-codex-v1
e721gj,A,eed5cb5ab2d581b1260d0c5ac5c58fc0df2bfc17102724405da29e02f435e8e2,eed5cb5ab2d581b1260d0c5ac5c58fc0df2bfc17102724405da29e02f435e8e2,eed5cb5ab2d581b1260d0c5ac5c58fc0df2bfc17102724405da29e02f435e8e2,pass,0,2026-10-03T11:32:13.003587+00:00,False,ko-codex-v1
e721gj,B,720682c400578be3ce06c840e9e7907509140738f9659fa12433b6274ce82434,720682c400578be3ce06c840e9e7907509140738f9659fa12433b6274ce82434,720682c400578be3ce06c840e9e7907509140738f9659fa12433b6274ce82434,pass,0,2026-10-03T04:57:33.965829+00:00,False,ko-codex-v1
e73zmg,A,9b8cc52596a06057262bffe04ebf26dc2c80b8626a07e429512a92b840548074,ab4bd8ed3169c92ab236496ccdb8bf88cd80aa4464e57554db84129f7208edc4,ab4bd8ed3169c92ab236496ccdb8bf88cd80aa4464e57554db84129f7208edc4,revised,1,2026-10-03T00:57:12.729612+00:00,False,ko-codex-v1
e73zmg,B,23d9c4b28b59b6255f9d1cff5818c6140c6e29250019fd2dfe872d3a89efdf89,4133a542ca7002a38301dca1f5524b551bac6b7929ccae159b8d56aaa213c049,4133a542ca7002a38301dca1f5524b551bac6b7929ccae159b8d56aaa213c049,revised,3,2026-10-03T04:21:28.896765+00:00,False,ko-codex-v1
e754yk,A,3ce9d0f5cb3beaa0127d22941d63cc3511e0d18afa41e3aaa2375cbf6000e629,9fb9984e17213a51745dc63d8e1b0ffbeae95167458d795a2707c72d36522550,9fb9984e17213a51745dc63d8e1b0ffbeae95167458d795a2707c72d36522550,revised,2,2026-10-03T06:14:27.152918+00:00,False,ko-codex-v1
e754yk,B,ae170631169534db53625ebca6bc454e8d9c64261a70c2dd8a5e6e2c7a5e6d08,ff5909c51c93fdad6da93df7d06ab4eb3d34185fd434ad368d408b45bf8eec01,ff5909c51c93fdad6da93df7d06ab4eb3d34185fd434ad368d408b45bf8eec01,revised,1,2026-10-03T10:50:58.734930+00:00,False,ko-codex-v1
e76mze,A,2ab74f6efeff473714a5bd809496bd5c736022aa35f6b8f0d32e7417877f2d03,cd228b3ca80738307beae580eae46de765c96f13cbd596af6893185b90fcf903,cd228b3ca80738307beae580eae46de765c96f13cbd596af6893185b90fcf903,revised,3,2026-10-03T06:53:23.756659+00:00,False,ko-codex-v1
e76mze,B,784372672639fa43f6f452cdadfeba30619d13e1712d2f4c2eebf8c1848a9bd1,784372672639fa43f6f452cdadfeba30619d13e1712d2f4c2eebf8c1848a9bd1,784372672639fa43f6f452cdadfeba30619d13e1712d2f4c2eebf8c1848a9bd1,pass,0,2026-10-03T07:39:43.171041+00:00,False,ko-codex-v1
e7afua,A,167c23d7f3bea1ca0d9ef3381bea21a153bd7cc9f09762ab539468557980108c,e11595ae6fb482159a925fabd6bd89baf45282256270ab75f04129ee2b275b0c,e11595ae6fb482159a925fabd6bd89baf45282256270ab75f04129ee2b275b0c,revised,5,2026-10-03T05:14:22.654901+00:00,False,ko-codex-v1
e7afua,B,31ce3faedf96a7da8e26e3f00bc5b8e9e6a548d4de010707604dd01d6fcf1cf2,69bc3443ba62b2374030fe0105856a0ad56feccf98feb7b0eb9b3b3ecc457bc0,69bc3443ba62b2374030fe0105856a0ad56feccf98feb7b0eb9b3b3ecc457bc0,revised,1,2026-10-03T06:16:01.451196+00:00,False,ko-codex-v1
e7epnl,A,4b36791eff516d8b3fd3998a91f61c8a5c4983ab3259efc5c2703f175664431f,19f188bbdf8bc8ff3dad7719137eaceb267761b5e97142d8fe41447e5fafcaa9,19f188bbdf8bc8ff3dad7719137eaceb267761b5e97142d8fe41447e5fafcaa9,revised,2,2026-10-03T00:18:09.826335+00:00,False,ko-codex-v1
e7epnl,B,4fe73823d4cfbf7f2b1cbf761f87d9786b7cd7deadb0f0f4fe541bd18bedc19d,b69efddc55a7c50f124658dd164cd597a412ed3e1812c16f4448d5f313640cf1,b69efddc55a7c50f124658dd164cd597a412ed3e1812c16f4448d5f313640cf1,revised,2,2026-10-03T01:17:08.824883+00:00,False,ko-codex-v1
e7jnff,A,da08956f113da089153b01b81784e3f4ec33b087ed116ee82eaa7cb2d9cec48f,fb92b56f476638fec319f525d105deac324e5a1c0f11bc8f64fefb68bf740597,fb92b56f476638fec319f525d105deac324e5a1c0f11bc8f64fefb68bf740597,revised,4,2026-10-03T05:46:25.253770+00:00,False,ko-codex-v1
e7jnff,B,e356010cb82c91b10753b984dcf4f7b690359482f0c20062d0f86fdfcba0c341,e356010cb82c91b10753b984dcf4f7b690359482f0c20062d0f86fdfcba0c341,e356010cb82c91b10753b984dcf4f7b690359482f0c20062d0f86fdfcba0c341,pass,0,2026-10-03T11:50:57.017758+00:00,False,ko-codex-v1
e7m164,A,ef28554acbb37873baa5c5be60b1cb718bcb63f3d5291f981c6fe05e1ec4b3cc,88735e02de6245848ee9e5f8e9005fa53e70efea2411dc91da02532b36522c16,88735e02de6245848ee9e5f8e9005fa53e70efea2411dc91da02532b36522c16,revised,5,2026-10-03T08:25:07.359996+00:00,False,ko-codex-v1
e7m164,B,ad77c2f7c4a8a2ff6f3d2ff030300462aa51a9764439bfa6122b6a2e038892d2,5c333069523f8aafd497199d036601285eaaa8252eb69d13c6f51f70a517a00d,5c333069523f8aafd497199d036601285eaaa8252eb69d13c6f51f70a517a00d,revised,5,2026-10-03T01:30:55.705530+00:00,False,ko-codex-v1
e7neee,A,6599195cc10ac1bd91cfe31939c84bdba67348c9692fb9664cc67e0b3fb803c9,b700d2381d51e768ead74a818cc987b090794f0025118801ea49f3d8ac967ed1,b700d2381d51e768ead74a818cc987b090794f0025118801ea49f3d8ac967ed1,revised,1,2026-10-03T02:19:35.038282+00:00,False,ko-codex-v1
e7neee,B,cc26545470aa7a0d3f0df4997d011127ebc236ab96b654fada7d4485c7615169,dab52c73259c9397d79ac856866ad31361b137b6f5a04997fb3ecfab0d9939bf,dab52c73259c9397d79ac856866ad31361b137b6f5a04997fb3ecfab0d9939bf,revised,2,2026-10-03T06:03:32.528772+00:00,False,ko-codex-v1
e7ol2z,A,c7969ad0ef8eb4ee4434fee3ce0940eb5df3ecab62108e74df5562500ee6e0ab,68014962ab53112d6e20de1f3fb3320d018b975c3bb74934ce71dc407a734bff,68014962ab53112d6e20de1f3fb3320d018b975c3bb74934ce71dc407a734bff,revised,3,2026-10-03T06:40:52.181789+00:00,False,ko-codex-v1
e7ol2z,B,e2f99d9b9c97c6635a2cea9d2ce9f4d39105142fd686dd6f5c9e7561bca7998b,6f009ac70eaefacf76b3701f1a5dfa29577cd4ac7594c91b399911ccbd9e7803,6f009ac70eaefacf76b3701f1a5dfa29577cd4ac7594c91b399911ccbd9e7803,revised,4,2026-10-03T08:13:27.946469+00:00,False,ko-codex-v1
e7u4o0,A,d57e5f378a0140a782694f714165df95ee721ea32eec3511683966b605518889,b2c7514f38110e5e49a10efd4b2b6c1ddd624dd6e3429c7d0e04e5672eed5b86,b2c7514f38110e5e49a10efd4b2b6c1ddd624dd6e3429c7d0e04e5672eed5b86,revised,5,2026-10-03T01:15:38.838735+00:00,False,ko-codex-v1
e7u4o0,B,caf1d6d54d766293af5d605eae0eb3239b82f2e9cd7fa29f82c35364ad14d253,5db94f869e1c94b34edaa7666dfe8994bf5f60f0478389fe73442d51bf0d05bb,5db94f869e1c94b34edaa7666dfe8994bf5f60f0478389fe73442d51bf0d05bb,revised,4,2026-10-03T12:23:18.178140+00:00,False,ko-codex-v1
e7wabf,A,e6154a7580961cc73afac94f6cbdb307551c1d1d659d397f7976dab150ce8979,68074c17d33abf37948bf5d1a5e0618736dc65f30d77f8ee9bc21ff8b344889e,68074c17d33abf37948bf5d1a5e0618736dc65f30d77f8ee9bc21ff8b344889e,revised,4,2026-10-03T05:40:33.858293+00:00,False,ko-codex-v1
e7wabf,B,fb00e23aa79b386aa63e5bbfa7f9219ca6767a98196b1c925abcdb74ae168d42,fb00e23aa79b386aa63e5bbfa7f9219ca6767a98196b1c925abcdb74ae168d42,fb00e23aa79b386aa63e5bbfa7f9219ca6767a98196b1c925abcdb74ae168d42,pass,0,2026-10-03T06:20:19.714677+00:00,False,ko-codex-v1
e7wmua,A,8e3e794cff223d8c88809b3ba11eb9e590c066a446adeb1c94d562b3a3f430d9,220aa67ad0ed1dcda19edca2d61fc03dd0c9f88de543d70e47a454d4ce30fbf6,220aa67ad0ed1dcda19edca2d61fc03dd0c9f88de543d70e47a454d4ce30fbf6,revised,1,2026-10-03T00:14:57.227221+00:00,False,ko-codex-v1
e7wmua,B,267224f8d40d3d1619e384d98508c3a23108c7aef4d7f5125053f9ff56ccd6db,000740218fb55987beeeb577f086e3b4aaa65fecbf456ad913fdd12d609b9f9d,000740218fb55987beeeb577f086e3b4aaa65fecbf456ad913fdd12d609b9f9d,revised,4,2026-10-03T00:27:44.902264+00:00,False,ko-codex-v1
e7wnif,A,71dde1042fbc85635001d478728b58b052273449ffe0d3ceb6a218b62809b217,3bcbcf56fcf035d5bcc3fd2711146da263459a1f4208c96c44a94cbe79345d9e,3bcbcf56fcf035d5bcc3fd2711146da263459a1f4208c96c44a94cbe79345d9e,revised,3,2026-10-03T04:44:47.517360+00:00,False,ko-codex-v1
e7wnif,B,a9ce7ec8f3ee776f4d1152ef8fe05052a1d3394b50223b97f32d7ad54dd13bda,44194e409dbdbbd207eee6257ca7b51f322eefdd0cbe523deed3dde8480dee15,44194e409dbdbbd207eee6257ca7b51f322eefdd0cbe523deed3dde8480dee15,revised,2,2026-10-03T07:32:34.843517+00:00,False,ko-codex-v1
e7xsho,A,95ea5d77dcc4a3ef3f92cd7265f3f988c78c0dd572e87b320653ca624d69ddd7,0a0a9f7326bd161601c35b1ee5a61d1655ff80e0389baf8c50edc0385909a8e6,0a0a9f7326bd161601c35b1ee5a61d1655ff80e0389baf8c50edc0385909a8e6,revised,3,2026-10-02T22:46:29.376503+00:00,False,ko-codex-v1
e7xsho,B,46a3286a4d4eb4f51da54a0275e407a9d790d4a92f961341b888022a65e4e9de,54aa9d77520feb536f1fd422ea649b9dddd13f724bf38eb7ff847075099acaa1,54aa9d77520feb536f1fd422ea649b9dddd13f724bf38eb7ff847075099acaa1,revised,1,2026-10-03T06:56:31.532711+00:00,False,ko-codex-v1
e7y02i,A,e32e797f740a178f1636a8d3c33fb0d65f0d76085278f7065497139daea4a708,29d83b431773f21e408d30b52e92a30e60f116282417446af3623ae62b0eb81f,29d83b431773f21e408d30b52e92a30e60f116282417446af3623ae62b0eb81f,revised,3,2026-10-03T02:18:44.628890+00:00,False,ko-codex-v1
e7y02i,B,fcdfff8086d6dbada5ad278a2ceb803f68111bdf83cc09d04795ed2b8e4fe154,a8329f97e6a3e625e5deede49d6bb50de97fcd3da1a13ff6cf535d8974a1a0a7,a8329f97e6a3e625e5deede49d6bb50de97fcd3da1a13ff6cf535d8974a1a0a7,revised,1,2026-10-03T06:14:48.889880+00:00,False,ko-codex-v1
e81055,A,11261cbcdf7ff9e0082cc5c0c6cce18d11333161d6e87d3ce06a903c47caa964,99ace74c9fbcaaedc4668eb2e35874b55c63684846b806dbee9b89f34004a6a8,99ace74c9fbcaaedc4668eb2e35874b55c63684846b806dbee9b89f34004a6a8,revised,2,2026-10-03T00:16:47.733557+00:00,False,ko-codex-v1
e81055,B,38fec47dc5f2d5f9aeb7828f422f2610c1a56cd23adb634eb5e3ab3c717e276a,38fec47dc5f2d5f9aeb7828f422f2610c1a56cd23adb634eb5e3ab3c717e276a,38fec47dc5f2d5f9aeb7828f422f2610c1a56cd23adb634eb5e3ab3c717e276a,pass,0,2026-10-03T03:51:44.172628+00:00,False,ko-codex-v1
e86fuf,A,38e4779eee2a721eabf3976b1605b9c435d1bbed31f916094f759b7d49b4fca4,3f448856710247bab7655e36b5f5a25e7dcea6d64d8f742163c7b21eeafdf1f7,3f448856710247bab7655e36b5f5a25e7dcea6d64d8f742163c7b21eeafdf1f7,revised,3,2026-10-02T23:22:22.332507+00:00,False,ko-codex-v1
e86fuf,B,4647b06a0f8af9b1b6a0ed3472c744152321bb58b47ec220393e59491564177b,4647b06a0f8af9b1b6a0ed3472c744152321bb58b47ec220393e59491564177b,4647b06a0f8af9b1b6a0ed3472c744152321bb58b47ec220393e59491564177b,pass,0,2026-10-02T23:04:14.201738+00:00,False,ko-codex-v1
e86q9n,A,fa32e2b703ded9e4b44af9fac68b3d28de16394d4d31d03d9e3d283e582ee122,b70067089fc987f100fa8171fdb6066d63b28cd1a3f816d8a1f18ed9fac4937f,b70067089fc987f100fa8171fdb6066d63b28cd1a3f816d8a1f18ed9fac4937f,revised,2,2026-10-03T10:44:35.769383+00:00,False,ko-codex-v1
e86q9n,B,fa75277240bdc488882646e4278588a8f22f6f207e976caebaebd6fb834b01b1,d9d0f37ed425a6dcc104ce13188a3df7ad5b19d21e0ba04095ff278f5dcd5789,d9d0f37ed425a6dcc104ce13188a3df7ad5b19d21e0ba04095ff278f5dcd5789,revised,2,2026-10-03T02:03:46.235420+00:00,False,ko-codex-v1
e8bc2i,A,40a96813e262cecff135a5d2db6c5adebf014b634cc66ce322120b8db385889c,b81668ae12962ba6c0c49cf5ddb8013690f43a49c0a712cd25886d8ac4f59480,b81668ae12962ba6c0c49cf5ddb8013690f43a49c0a712cd25886d8ac4f59480,revised,2,2026-10-03T08:53:11.052616+00:00,False,ko-codex-v1
e8bc2i,B,704769e6ad7b202ca099b77f9ec3cf56eac55a77ef7460c58f00e93f8e6e0edd,97554adf78ac3e1ac6dc60d9fb2607afc3d53a6371fadcf289689c8ca8c69124,97554adf78ac3e1ac6dc60d9fb2607afc3d53a6371fadcf289689c8ca8c69124,revised,2,2026-10-03T05:59:07.963598+00:00,False,ko-codex-v1
e8dtzt,A,aa2febb87cb6da4784ab68de1fa1bfb051ef702b1e8168669ebeeccc0ae25858,ac74713b7458eef29278632668fa82d91f1a410c97388398cf1d009ebf137f2e,ac74713b7458eef29278632668fa82d91f1a410c97388398cf1d009ebf137f2e,revised,1,2026-10-02T22:32:22.426908+00:00,False,ko-codex-v1
e8dtzt,B,2fc845d6e1654408e2b2d91692d2a1b6958d01d33c15233c17904dea0b44f837,b40d35137e39026c5160929198bb525ad2cff8ca574353c6fe755c8e0f08a395,b40d35137e39026c5160929198bb525ad2cff8ca574353c6fe755c8e0f08a395,revised,2,2026-10-02T22:14:29.517623+00:00,False,ko-codex-v1
e8ep0g,A,0934445d6db3dde29e36919868bdbf9fe68f9ba39b65205b736572673aaeb65f,beecff99f680b67798bdfd0b343c56387760f22516782bfaf651b4dc44520677,beecff99f680b67798bdfd0b343c56387760f22516782bfaf651b4dc44520677,revised,5,2026-10-03T07:48:32.638287+00:00,False,ko-codex-v1
e8ep0g,B,1f6c5da456d9e3ed259f384f55ee6bdb8abf135275be40e7ca3feca5a567010e,e5e41625e1361355413a343ed9102b8c9bd022c661293ef89101b889084cfa82,e5e41625e1361355413a343ed9102b8c9bd022c661293ef89101b889084cfa82,revised,3,2026-10-03T01:41:36.303269+00:00,False,ko-codex-v1
e8i2t8,A,462a052d4cf6e99d814d9a4665f641d46ac329c603f4a92f1e8f5be0864eb4ee,20c5badaa34530c99fba50ac568d0e6b9f2f8f149ff996f337951a7a538e01f8,20c5badaa34530c99fba50ac568d0e6b9f2f8f149ff996f337951a7a538e01f8,revised,7,2026-10-03T05:40:22.789414+00:00,False,ko-codex-v1
e8i2t8,B,1a6fedf5f3863d69c3b33452feb3400e61fb1c748f2d9bb0b5a2a9af23c381cc,9a798f9162c2d73b6f249963c15210acf0f760fcccd412639e120c6dc5d0a86e,9a798f9162c2d73b6f249963c15210acf0f760fcccd412639e120c6dc5d0a86e,revised,2,2026-10-03T06:47:46.121617+00:00,False,ko-codex-v1
e8otom,A,badf781e80c9e47716f5f9311c3e3b1e3e0c7640ea75a7d591096199c1d96600,b6260e2f8afef4e9b45530581deeabeb80b5dc0faebc76ad9d37fddd822bc38d,b6260e2f8afef4e9b45530581deeabeb80b5dc0faebc76ad9d37fddd822bc38d,revised,1,2026-10-03T04:43:33.123466+00:00,False,ko-codex-v1
e8otom,B,70761bf8d015a3bd0416018358596f6c251917da20470fdc6d0f323fe4e9505a,58b48c76f8789d456eff2582937fd0b66c48ea47d36c703c7c7ab0130aa9f875,58b48c76f8789d456eff2582937fd0b66c48ea47d36c703c7c7ab0130aa9f875,revised,1,2026-10-03T00:14:56.886315+00:00,False,ko-codex-v1
e8qk9g,A,79b116df7e9d96fb4927212666bacb0290e26989d7d2d2c9dc2e25a43a8cfbc0,7bd56fd8d0e100593b66993bd25f95b8c846c0d5df717587507947650c7ed1d7,7bd56fd8d0e100593b66993bd25f95b8c846c0d5df717587507947650c7ed1d7,revised,2,2026-10-03T03:19:00.660598+00:00,False,ko-codex-v1
e8qk9g,B,f714bd204fb355f18ac57dcb32dcc8108a5d624243a54cb1818544f8f592f877,dc35efd23af753691012fa2947c5398b608b97259151d383751d7e1ebdaf0b14,dc35efd23af753691012fa2947c5398b608b97259151d383751d7e1ebdaf0b14,revised,2,2026-10-02T23:27:35.901926+00:00,False,ko-codex-v1
e8t6ex,A,d4ce148d1de7c1e60dda239a258dfa070082430fa80b143a8e64a15ae552056c,d4ce148d1de7c1e60dda239a258dfa070082430fa80b143a8e64a15ae552056c,d4ce148d1de7c1e60dda239a258dfa070082430fa80b143a8e64a15ae552056c,pass,0,2026-10-02T22:28:35.594055+00:00,False,ko-codex-v1
e8t6ex,B,c4cc975f7d6dd44d227f43c63408376a6d7a160491b705558d225ffdcc560067,b20b638883dbb23c4ec665aecfd86ee8e1a7e8436169b63b3a8e867ae4189753,b20b638883dbb23c4ec665aecfd86ee8e1a7e8436169b63b3a8e867ae4189753,revised,4,2026-10-03T11:39:17.520868+00:00,False,ko-codex-v1
e8tp2u,A,f043301a124398e463f909ce140e6a3c81b719c131f24a4341c652c812a4cf53,968f6835453a29b7828e0dadbd6ae8d83da5433c9d5a2f5a7fccb5afa9606e88,968f6835453a29b7828e0dadbd6ae8d83da5433c9d5a2f5a7fccb5afa9606e88,revised,6,2026-10-03T06:15:43.773959+00:00,False,ko-codex-v1
e8tp2u,B,f632a02338e7f4a67ed3a26647ff4390f93d10a2169e2f115495e225a6b6784c,ffbd28017f2501424767a9bd650d7e4cfdb3067d25ce525f30efc152e5332e43,ffbd28017f2501424767a9bd650d7e4cfdb3067d25ce525f30efc152e5332e43,revised,6,2026-10-03T06:55:25.038841+00:00,False,ko-codex-v1
e8zgo2,A,2ca498fe8d2429ce0e6c851bba2685325da19f3df43b038fff93fed40e67d5a1,ab73e1ceb6ce01fc72929e17b550dc18b82e48551f8b767c4fe590d8ff12d855,ab73e1ceb6ce01fc72929e17b550dc18b82e48551f8b767c4fe590d8ff12d855,revised,5,2026-10-03T11:36:59.742173+00:00,False,ko-codex-v1
e8zgo2,B,4ec143c4e667d5c17611c2109d458fadb25f41ca5185774a66569dbbbda86765,4ec143c4e667d5c17611c2109d458fadb25f41ca5185774a66569dbbbda86765,4ec143c4e667d5c17611c2109d458fadb25f41ca5185774a66569dbbbda86765,pass,0,2026-10-02T22:19:36.801981+00:00,False,ko-codex-v1
e90gtk,A,a1f9666d4c0bde1726f16257f5e3d6cd8703b6398f05e089974f9f6e2fe13358,b3e5acd8816b188818120eb6a37800cfaddb0f1ab7bc287fa9734ca8d8dcaba5,b3e5acd8816b188818120eb6a37800cfaddb0f1ab7bc287fa9734ca8d8dcaba5,revised,6,2026-10-03T07:32:50.047731+00:00,False,ko-codex-v1
e90gtk,B,0cdc60a59965293a9f03ac7402c3fe8ad403cbebc02fccd8e64661e90b914c8f,0b879991aaf7a8c4f60a5034e5ff71a5e83402f0626451437d909b71d2eeffdd,0b879991aaf7a8c4f60a5034e5ff71a5e83402f0626451437d909b71d2eeffdd,revised,1,2026-10-03T12:36:34.261309+00:00,False,ko-codex-v1
e9edkf,A,1d8e9d9b9fa990af1a37947dc62d572ae081d0b34112962ff05c5080951e64f2,50966e6b47242201d51e76f7f4cc6119c920fc43d73aa75a956c2d2c68b75648,50966e6b47242201d51e76f7f4cc6119c920fc43d73aa75a956c2d2c68b75648,revised,2,2026-10-02T21:11:49.524671+00:00,False,ko-codex-v1
e9edkf,B,d04a5f2a22648a98d4f6b9c0c10b4707b7afb980403b0bd0c9e03045ee56a827,fc08d752f0470b61089a02bbc335349b02784c470679846a1c268bb7abd6cf3c,fc08d752f0470b61089a02bbc335349b02784c470679846a1c268bb7abd6cf3c,revised,1,2026-10-03T01:09:43.257528+00:00,False,ko-codex-v1
e9fn8e,A,646f7eb8bea4b5490941961d2745e588efbd8bf9bd742238a8e64329d3b7679b,1292947385cc50dbf72d1d84614acd417766e90ccc3f5ecda7d6f1d42795ae72,1292947385cc50dbf72d1d84614acd417766e90ccc3f5ecda7d6f1d42795ae72,revised,1,2026-10-03T03:06:40.111936+00:00,False,ko-codex-v1
e9fn8e,B,923c371de1efec8474c443aa37a92177e8c0185bf3aed8eecf03f285c244bf35,67b37250f2950d92b2179068bd0c48f3583cd7f346ec36603d95df1806c847fd,67b37250f2950d92b2179068bd0c48f3583cd7f346ec36603d95df1806c847fd,revised,1,2026-10-03T00:18:14.000813+00:00,False,ko-codex-v1
e9ovvw,A,9e9d2c3671d6ab57844b4d11271826e9622d1501a86298b11672f3014b9b84fe,acd71f71c488b46e2de441d511ba1874aeed021f449536182c8974a3ac72ecd7,acd71f71c488b46e2de441d511ba1874aeed021f449536182c8974a3ac72ecd7,revised,6,2026-10-03T00:06:19.828702+00:00,False,ko-codex-v1
e9ovvw,B,4db8c6b8f1398623f75e08066a4eae4b927da2d99f64333665c0d502da3f1c4b,1cd3351fdfb5c340b66e9a0c58fc47841cdd07ae6b3b372f2da0c5e855a6ab32,1cd3351fdfb5c340b66e9a0c58fc47841cdd07ae6b3b372f2da0c5e855a6ab32,revised,2,2026-10-03T05:54:42.157901+00:00,False,ko-codex-v1
e9xc3n,A,c4ae3dd3c7cd327b901a527e1ce30bdcfc92b20e990fa8dc19ea8285dcc1d6dd,90fc15b4bb62b9391cd1839d4e90bb38136b520d07f6ffeaa305a54b9a38b873,90fc15b4bb62b9391cd1839d4e90bb38136b520d07f6ffeaa305a54b9a38b873,revised,5,2026-10-03T05:05:31.669995+00:00,False,ko-codex-v1
e9xc3n,B,1e551dedef2a56cbe60c95add43e6969a708fa161ef03c118e88594cb5e69c12,f56cca92dd45bccf2a60bb6dde1ae98e321aaf5916a7d13838671df1540557a5,f56cca92dd45bccf2a60bb6dde1ae98e321aaf5916a7d13838671df1540557a5,revised,2,2026-10-02T21:30:39.238280+00:00,False,ko-codex-v1
ea65mo,A,3bcbee4310ae11cbdb9370922f36de93bebf7b375fc19cbe68ec98c493c002ae,570985c7279e93133100d9846173787af6d6dfc7f00ab174b930687b149c4c4a,570985c7279e93133100d9846173787af6d6dfc7f00ab174b930687b149c4c4a,revised,3,2026-10-03T11:53:09.325889+00:00,False,ko-codex-v1
ea65mo,B,0abf18aaab062ab13cfa0d5b0bfb8868502555bea66e7738c82f488059570d5e,5c5e155f01e27cf39cd5bbf4f071618cb9bd7299c5b9bf292e404a413a4b6c1a,5c5e155f01e27cf39cd5bbf4f071618cb9bd7299c5b9bf292e404a413a4b6c1a,revised,3,2026-10-03T00:06:57.066018+00:00,False,ko-codex-v1
ea6ynk,A,5c25f3ff0a2b6dc9fd77da0c989c2d940105681253e82a10821b7b76da1a6c03,331e7612a6c50ae4bed3f0565b7b97cbedd121c42e58342d690016615473542c,331e7612a6c50ae4bed3f0565b7b97cbedd121c42e58342d690016615473542c,revised,3,2026-10-02T23:59:01.321684+00:00,False,ko-codex-v1
ea6ynk,B,d3b4793a51d1d00504438c44f8109a1042cf12a0884f0976e593e42c1d0bce96,d3b4793a51d1d00504438c44f8109a1042cf12a0884f0976e593e42c1d0bce96,d3b4793a51d1d00504438c44f8109a1042cf12a0884f0976e593e42c1d0bce96,pass,0,2026-10-02T23:15:23.883455+00:00,False,ko-codex-v1
ea8s7t,A,49547f721bf722d69680b8b0ba36f1df2a1aa8a8cb80b6b7414d55ed1dc66029,3533ab01b2a63d3471d1fbb7796b170494970ccaa4d1cbbc5cb7c72a65e691bf,3533ab01b2a63d3471d1fbb7796b170494970ccaa4d1cbbc5cb7c72a65e691bf,revised,1,2026-10-03T04:35:30.462173+00:00,False,ko-codex-v1
ea8s7t,B,8074888823e44953b4bd199d203049ee38b0b87515ce5878d52515f92edcd44a,e4397580e50e0930498f4b6de1ad0a20b3fdb289bcbce2dc2d671accc149d4ee,e4397580e50e0930498f4b6de1ad0a20b3fdb289bcbce2dc2d671accc149d4ee,revised,1,2026-10-03T02:05:30.639643+00:00,False,ko-codex-v1
ea9o63,A,a480a3b698f620c0796fdcca0096cd0ad184bd31b61f3a522f0ce1553e4531a9,434cd5035f8fcf3b0c980878c109e1130f0a950bf764d130e6e0916485e24114,434cd5035f8fcf3b0c980878c109e1130f0a950bf764d130e6e0916485e24114,revised,7,2026-10-03T07:17:23.237141+00:00,False,ko-codex-v1
ea9o63,B,287d43995029150200f9bdd8713bf60c5cff0b3262c1f4d490c0d66f4addff6e,7e7b996b07b6663a661bec0801155f29680234faafb12fee2120d575d04b7c68,7e7b996b07b6663a661bec0801155f29680234faafb12fee2120d575d04b7c68,revised,3,2026-10-03T06:06:21.301398+00:00,False,ko-codex-v1
eaa2xw,A,128d2b11ef7680b92590d63b17139559252891a57f76e9728791ab540ca42483,6a46acff963383c558e9031d67beaf676cccaaa36cd46661c57b47a1f4d0a91e,6a46acff963383c558e9031d67beaf676cccaaa36cd46661c57b47a1f4d0a91e,revised,2,2026-10-02T21:12:14.356887+00:00,False,ko-codex-v1
eaa2xw,B,7c06e98054e6afdaa62dfd3cff86acf0d7c76332a22c6bbb3a27a7e120475eb8,7c06e98054e6afdaa62dfd3cff86acf0d7c76332a22c6bbb3a27a7e120475eb8,7c06e98054e6afdaa62dfd3cff86acf0d7c76332a22c6bbb3a27a7e120475eb8,pass,0,2026-10-03T08:14:30.811836+00:00,False,ko-codex-v1
eakjk3,A,9bfc9d1dbc9cd2333e99b7b428066c0060e138b40441290fbc658181c10e689d,37d7c281dbbc1dacd1ea3461eed65547694515c575c2345231e968620cb19b14,37d7c281dbbc1dacd1ea3461eed65547694515c575c2345231e968620cb19b14,revised,1,2026-10-02T23:20:12.378302+00:00,False,ko-codex-v1
eakjk3,B,b20bd90cb2525079a9a647bd52d3c9956b53b3a8040c906c741091e1d4469844,5110b1a1a321266dd793a77346fa3422757a564e852188bb0a14f59d3f04e81a,5110b1a1a321266dd793a77346fa3422757a564e852188bb0a14f59d3f04e81a,revised,2,2026-10-03T04:43:23.860319+00:00,False,ko-codex-v1
eaoczq,A,1c916dd75cec62a7706452133bc0232b371ef8869c73f3eb2e70efbf1da960ab,1c916dd75cec62a7706452133bc0232b371ef8869c73f3eb2e70efbf1da960ab,1c916dd75cec62a7706452133bc0232b371ef8869c73f3eb2e70efbf1da960ab,pass,0,2026-10-03T07:55:24.830029+00:00,False,ko-codex-v1
eaoczq,B,18ac535e787695f3c79b8b3e9388cf1792d0679bef7a62248e590c7f52582716,d67c0ccc1910f618c9b788d94a82d28ab713d0ac47f90ea2f96af3c571ad5db1,d67c0ccc1910f618c9b788d94a82d28ab713d0ac47f90ea2f96af3c571ad5db1,revised,3,2026-10-03T06:35:40.739149+00:00,False,ko-codex-v1
eaqwdc,A,c43835976695cbae5c8e0dd4cbaaeafbd563b982ad2b3637ed9547d82b9473c7,c0e0bc0970a9aeba08a72cee626b60ab286a4de126a4ee3c9b34fa4b24c86a22,c0e0bc0970a9aeba08a72cee626b60ab286a4de126a4ee3c9b34fa4b24c86a22,revised,5,2026-10-03T05:45:00.492466+00:00,False,ko-codex-v1
eaqwdc,B,94563fbe5abf74f3bdfca6b3b0e64ab1bcf6d83a9dcd632203a0d42518d9487a,94563fbe5abf74f3bdfca6b3b0e64ab1bcf6d83a9dcd632203a0d42518d9487a,94563fbe5abf74f3bdfca6b3b0e64ab1bcf6d83a9dcd632203a0d42518d9487a,pass,0,2026-10-02T22:20:27.799240+00:00,False,ko-codex-v1
easkhi,A,17491a1168d805aa98a296b019aae7ae8061a9c5db0e21a5d3c5aca4190f68ff,e4c71e58448e8d5bb3532aaa08976cb1cb0c81033ad8278edd7ac6c79eaf837b,e4c71e58448e8d5bb3532aaa08976cb1cb0c81033ad8278edd7ac6c79eaf837b,revised,2,2026-10-03T04:16:24.284536+00:00,False,ko-codex-v1
easkhi,B,6e4d42cc76943cd88cca8daa9ee2b5ec83ddfd5312e5157b066e856c8fc866f4,b98d0595ad648856458d80c32c1bbc0d3507933e65e2f5a9f51a0894335dce19,b98d0595ad648856458d80c32c1bbc0d3507933e65e2f5a9f51a0894335dce19,revised,2,2026-10-02T21:58:58.130819+00:00,False,ko-codex-v1
eathzg,A,603ecef4f177fec82477bc521aac6833ce9be0f3fbf7a4e8e2f760c8a3222626,1eb01600236dff5329438f4596c43e34c96adb4a70af90ec5b2606d9db0b8b3a,1eb01600236dff5329438f4596c43e34c96adb4a70af90ec5b2606d9db0b8b3a,revised,5,2026-10-03T12:17:31.858459+00:00,False,ko-codex-v1
eathzg,B,71d2d3d9636d1e9edc5464f33c92a14edb5519495fd817bfd4ab9ad4f52414b8,71d2d3d9636d1e9edc5464f33c92a14edb5519495fd817bfd4ab9ad4f52414b8,71d2d3d9636d1e9edc5464f33c92a14edb5519495fd817bfd4ab9ad4f52414b8,pass,0,2026-10-03T06:41:55.007519+00:00,False,ko-codex-v1
eau3tx,A,04247bb49e7fb85d5b4a19e71751f01a11c6a2d4057b11eb471abf553d567ca5,3d8dc259df6c22196bd3dca11ad8eab7bce013cd654ef0c2525378370e08b140,3d8dc259df6c22196bd3dca11ad8eab7bce013cd654ef0c2525378370e08b140,revised,2,2026-10-03T03:16:38.216884+00:00,False,ko-codex-v1
eau3tx,B,fb110b8cbbbeb7d24f7f0eaadb1f56490ea7fe67330e2b8bab479ab83b90fcf4,2ac1cf190acc7e94238ea13c7776e7ca6e215efd9e4fffdd8ad3c9272069325b,2ac1cf190acc7e94238ea13c7776e7ca6e215efd9e4fffdd8ad3c9272069325b,revised,2,2026-10-02T23:56:57.639116+00:00,False,ko-codex-v1
eav6k3,A,1b95c3d6e27aa89f4d33db975b023cb4bca34fba2e478b1c78f3444b862f10df,57729d1f178be0b17f2246eacd7d2d2e28be31f221c0191b94efdf95c19fe254,57729d1f178be0b17f2246eacd7d2d2e28be31f221c0191b94efdf95c19fe254,revised,6,2026-10-03T01:14:03.154593+00:00,False,ko-codex-v1
eav6k3,B,68e4bbf4834a95ece3aaa6a92a3e6e94f4514f3612e9b5fcc1c86068ed40e61c,68e4bbf4834a95ece3aaa6a92a3e6e94f4514f3612e9b5fcc1c86068ed40e61c,68e4bbf4834a95ece3aaa6a92a3e6e94f4514f3612e9b5fcc1c86068ed40e61c,pass,0,2026-10-02T22:19:13.952589+00:00,False,ko-codex-v1
eawbfk,A,ac2b9bc8fe43df80373cfa1ababb5a28cceb245a1aee91ff708c1b7a023c54f7,ac2b9bc8fe43df80373cfa1ababb5a28cceb245a1aee91ff708c1b7a023c54f7,ac2b9bc8fe43df80373cfa1ababb5a28cceb245a1aee91ff708c1b7a023c54f7,pass,0,2026-10-03T05:35:42.407680+00:00,False,ko-codex-v1
eawbfk,B,a6be643025b3312d8de2a1a8baaa6033253164e39e514e5bba80e9ab6246e153,a6be643025b3312d8de2a1a8baaa6033253164e39e514e5bba80e9ab6246e153,a6be643025b3312d8de2a1a8baaa6033253164e39e514e5bba80e9ab6246e153,pass,0,2026-10-02T22:58:16.799905+00:00,False,ko-codex-v1
eawoow,A,e9beb8723ad8001d269af10b90793d2dc93308d357b548175800c82684d0bf73,d8dc7426fbfb4ad6c111d8a55bd44819899db28cd4ccc7f5eb1d2e984535bdce,d8dc7426fbfb4ad6c111d8a55bd44819899db28cd4ccc7f5eb1d2e984535bdce,revised,4,2026-10-03T11:36:53.370595+00:00,False,ko-codex-v1
eawoow,B,efbdb0b20f4dad0a7cfdeb6d9cfff72ab06352136f1663f2e136d19ff32bdc30,efbdb0b20f4dad0a7cfdeb6d9cfff72ab06352136f1663f2e136d19ff32bdc30,efbdb0b20f4dad0a7cfdeb6d9cfff72ab06352136f1663f2e136d19ff32bdc30,pass,0,2026-10-03T00:23:02.053566+00:00,False,ko-codex-v1
eaya5u,A,b66f22b68780d9cf8ac5522e6bab58672e941e6ed256ef44b15c37de2e8b1fc8,6ee7f4572cfe11d8bffe44f31df37907d81077fdfa70a53ec5edc05453a64640,6ee7f4572cfe11d8bffe44f31df37907d81077fdfa70a53ec5edc05453a64640,revised,2,2026-10-03T04:28:27.984919+00:00,False,ko-codex-v1
eaya5u,B,d601945f2a3a2c4c7f416da46c8db92e2a3510c4d16f43b1f5abf5ae0982de47,aca3ebf54e32dd0f591401fae00cc0371274f4fe60bfd3ffeacc7ac58af93560,aca3ebf54e32dd0f591401fae00cc0371274f4fe60bfd3ffeacc7ac58af93560,revised,1,2026-10-03T07:31:21.055861+00:00,False,ko-codex-v1
eb0fhd,A,3b114a4efa7663d852b0830b99d12dca62fbb758795876a10fe08a9eb4bff4b4,a03dfd48d4e01e8a68de375cdd4cf2c7242e8e18e29ed1b1db11df3626f0472e,a03dfd48d4e01e8a68de375cdd4cf2c7242e8e18e29ed1b1db11df3626f0472e,revised,4,2026-10-02T23:50:35.240729+00:00,False,ko-codex-v1
eb0fhd,B,df76928d0dc87f0377387a9df71c824bb291cb09cfd8df3371333229ad811b70,957c39496e7466d77e3b48a4cc41bc39b83cb72e3cc0c88448423db834db4602,957c39496e7466d77e3b48a4cc41bc39b83cb72e3cc0c88448423db834db4602,revised,2,2026-10-03T07:17:06.652671+00:00,False,ko-codex-v1
eb6adi,A,a6bd18376d2d52c0877d0a94624a0b199bbe4e9f1ffa64b2f50253a6415bbded,fc1c839f2cdf799d11f498aea6b0e5fcfa9165811cd175483dc06af240def26f,fc1c839f2cdf799d11f498aea6b0e5fcfa9165811cd175483dc06af240def26f,revised,4,2026-10-03T04:42:14.516342+00:00,False,ko-codex-v1
eb6adi,B,f4da1b9c0a7fc6d1a88f4868ea4233960dfbf46b58f6bb1c0edec479965d9ade,34de239bd12667e13ea84a02892cad335e9f1ab45da9026f56b33525cea359b7,34de239bd12667e13ea84a02892cad335e9f1ab45da9026f56b33525cea359b7,revised,4,2026-10-03T02:23:49.050582+00:00,False,ko-codex-v1
ebaub2,A,4e3ad3073d8f2eae0a063150bdc933eb75f3e74ed781fedc70841fd6e8c528dc,3a74f351643e4be1350796e8e53a6b232e639e436ed92b637e984aa42dce6106,3a74f351643e4be1350796e8e53a6b232e639e436ed92b637e984aa42dce6106,revised,3,2026-10-03T07:18:13.769130+00:00,False,ko-codex-v1
ebaub2,B,c6e7ebada2897d2b741d75400124bb1f5991ddad9ee5a810b28624be2c8cee9f,c6e7ebada2897d2b741d75400124bb1f5991ddad9ee5a810b28624be2c8cee9f,c6e7ebada2897d2b741d75400124bb1f5991ddad9ee5a810b28624be2c8cee9f,pass,0,2026-10-03T06:19:07.823904+00:00,False,ko-codex-v1
ebi2q7,A,bb6b361641c380c93cb76957cc0d1da8697e6601742f26b95d17118084b35bcf,131e06be7ad9ee2dffc8b646eee71703e92f40eccd0a36098e68f942bb7f6f71,131e06be7ad9ee2dffc8b646eee71703e92f40eccd0a36098e68f942bb7f6f71,revised,3,2026-10-03T05:27:07.759837+00:00,False,ko-codex-v1
ebi2q7,B,6e298150af59106ba4c9e182325d8a2a8e5d2431f28a4654652052d4b898c8d5,754be41fce90a20d9d3c8106581276633d71c8b065b555240a38aef4d60fc08b,754be41fce90a20d9d3c8106581276633d71c8b065b555240a38aef4d60fc08b,revised,2,2026-10-03T03:17:28.070793+00:00,False,ko-codex-v1
ebkn49,A,d03525e567b55e41a0159fd541a731b1db7499d6fb3a38d1a8f511409a05c22c,28adca04cdb57c8d0a1531b9f47d883c5bac7a608d2a5cfa1d8d202e22c01e6d,28adca04cdb57c8d0a1531b9f47d883c5bac7a608d2a5cfa1d8d202e22c01e6d,revised,5,2026-10-03T04:50:23.850515+00:00,False,ko-codex-v1
ebkn49,B,5859703042b9e179172c9a5a7ea1547be68f2049feecce98eefbcf91f82ace8b,0eb413d8b5789ea3173f2661ebb6d2d1d9843c12c532c27d691b95b28cffdda7,0eb413d8b5789ea3173f2661ebb6d2d1d9843c12c532c27d691b95b28cffdda7,revised,4,2026-10-03T11:39:39.391390+00:00,False,ko-codex-v1
ebm155,A,3346a0ec34f0914fe9326d3fd7e80b05cac169de61a113015de6516a4ac05341,306af8ab1f60a22d98072808d2efccb8fec8ae817d32dd959eeb5502ad7514d3,306af8ab1f60a22d98072808d2efccb8fec8ae817d32dd959eeb5502ad7514d3,revised,3,2026-10-03T08:00:12.731457+00:00,False,ko-codex-v1
ebm155,B,9a88ede11953d833e587c7cedae179cc69861d7f032501aab8c1fcc394db4ec8,6e52b1492f59e0188acb24cf8e50465297a38cbb5bf41edd17546ab52fda6af8,6e52b1492f59e0188acb24cf8e50465297a38cbb5bf41edd17546ab52fda6af8,revised,4,2026-10-03T03:20:19.163910+00:00,False,ko-codex-v1
ebnmb8,A,3f10b5df59222e70a0d868d07dd0cda63f7f104d37ad4e6ff947bb3a9ae63ca1,5f144dc19718e346e9014b9c4d15c86294adbffd65f8d908940762b228c8f64a,5f144dc19718e346e9014b9c4d15c86294adbffd65f8d908940762b228c8f64a,revised,5,2026-10-03T01:49:49.128668+00:00,False,ko-codex-v1
ebnmb8,B,2a1a54c44374869bd4907cdabe6b950a28bf23836eddba06adedc4edffa477bb,28e96788142c994e42300551a0caf63fb43af8772ab181f5e06c31b9334c7c11,28e96788142c994e42300551a0caf63fb43af8772ab181f5e06c31b9334c7c11,revised,3,2026-10-02T22:48:54.582687+00:00,False,ko-codex-v1
ebxn4f,A,1c21442fbb0a7f0da8d9d90f3632fdbcfcb717840dd3c73d8b714893273383a9,16d65ec28765f27f92435f38b27c96540575dd3a8b5af502bb1677a436ba97bc,16d65ec28765f27f92435f38b27c96540575dd3a8b5af502bb1677a436ba97bc,revised,5,2026-10-03T06:22:42.103055+00:00,False,ko-codex-v1
ebxn4f,B,d5e4d3744af90be83a4e53b837c1e6da63a89e1f14f9784e2f4fdd85ee50e77b,bcb6d60e2863595c7d91c63c897588ec87fc4376b6dca4b85d89bbd93fca41b7,bcb6d60e2863595c7d91c63c897588ec87fc4376b6dca4b85d89bbd93fca41b7,revised,1,2026-10-02T22:49:52.942034+00:00,False,ko-codex-v1
ebzfgm,A,482b9334b96b954e2f87a150ea338bdde371b1e0c7e705d534049c6c1df65613,9fb5422027d49957bb30945cd07492d66bf1080c05b14a2f3b44bf35bb9764ad,9fb5422027d49957bb30945cd07492d66bf1080c05b14a2f3b44bf35bb9764ad,revised,2,2026-10-03T05:07:04.677445+00:00,False,ko-codex-v1
ebzfgm,B,88128e0a21f6622fceb0f11de2348c273c9ef8bf10f4c34867ed811ccebc6f0d,ca7663e327891d4c7c92ad855fdcde82779ff06def6ef9df9c7cf865eca27cf5,ca7663e327891d4c7c92ad855fdcde82779ff06def6ef9df9c7cf865eca27cf5,revised,3,2026-10-03T07:24:06.789062+00:00,False,ko-codex-v1
ec5ymo,A,6bda2645aee459b3ed6647042184c3a5dd5c9e35d1ff0503934a78bcce04549f,6fc59edc6aa0ac573a48c8f79596ba7e683228b9f87463879c0b8fd651a69c76,6fc59edc6aa0ac573a48c8f79596ba7e683228b9f87463879c0b8fd651a69c76,revised,3,2026-10-03T11:23:14.784624+00:00,False,ko-codex-v1
ec5ymo,B,76367bce29150b9d32950cb720decbb756c7caed83326c170cf8d2a64780e736,a95dfada8142dcb448841abaf4862c9c2420d60070c79a06174ff59e66206a15,a95dfada8142dcb448841abaf4862c9c2420d60070c79a06174ff59e66206a15,revised,1,2026-10-03T07:20:48.611645+00:00,False,ko-codex-v1
eca2yi,A,68bf899fb2c13d9f7b0a7a05794735163a2982b154d19b2dfeda913328ca7ed4,1037385d7788c21cf63ace710c89db28253ad1d62b5c8399db0bd494be7809e7,1037385d7788c21cf63ace710c89db28253ad1d62b5c8399db0bd494be7809e7,revised,5,2026-10-02T23:24:32.891594+00:00,False,ko-codex-v1
eca2yi,B,446c835e8f021252ac84f5b3f0835ac22f8cb1ce6ee7df93798ddef0f6493403,587e5a805b8c818f55ec977ad4463843fa43b00a40e1f668cfd79ba384d16975,587e5a805b8c818f55ec977ad4463843fa43b00a40e1f668cfd79ba384d16975,revised,4,2026-10-02T23:58:26.915660+00:00,False,ko-codex-v1
eccpli,A,a7a0002c6c5970eaed71dc6bdf071e5d995b28647c738846028ea5166246c386,3c8e364a651a3fc50683ebdb11188da6de9bfcd16c5a4744655a3f34b31f74eb,3c8e364a651a3fc50683ebdb11188da6de9bfcd16c5a4744655a3f34b31f74eb,revised,1,2026-10-03T07:40:40.522947+00:00,False,ko-codex-v1
eccpli,B,5e478943dd3447b9cff682a57db342c01a8f6e20148a55223183d37a21266fe6,2f58f244e55d95349bbd4b30ecb93e17d15bae5ee3636d4b028bb36e67701f7e,2f58f244e55d95349bbd4b30ecb93e17d15bae5ee3636d4b028bb36e67701f7e,revised,3,2026-10-02T23:48:09.887280+00:00,False,ko-codex-v1
ecggcv,A,1a3100b516f4888bb3e433b1267517619771d94c44bc128f050ced7d932bbb99,d6ed6bd6cf947427a9491701a30f24f11a070cf7dab24a65b61c1d126b0d96c9,d6ed6bd6cf947427a9491701a30f24f11a070cf7dab24a65b61c1d126b0d96c9,revised,2,2026-10-03T02:46:48.425782+00:00,False,ko-codex-v1
ecggcv,B,0c77bf761ac9ec030b152bed7d61139977ebe5bb9fa2995f121310046e7941b4,adc81b9e75f6bcdc8725f0ddc5e51e0982e6fa96f17760ffc753a09442ffa020,adc81b9e75f6bcdc8725f0ddc5e51e0982e6fa96f17760ffc753a09442ffa020,revised,3,2026-10-03T08:07:21.192111+00:00,False,ko-codex-v1
ech2v8,A,0ff1242e65e4b8dde1445cdf6f6b25867ecb64e62367dad8bdfff5e67eb37a50,6c5f020b5b1e7b49eb43d26a69db8dab56ad5cd29dbbebea584ec95f922be885,6c5f020b5b1e7b49eb43d26a69db8dab56ad5cd29dbbebea584ec95f922be885,revised,5,2026-10-03T01:40:27.424769+00:00,False,ko-codex-v1
ech2v8,B,da42bf60c52a471114b3ef9a04ad22173e0f1fe746339c5214a8ee20cec5e455,edcd776e9b75da984a99722d8af6c221a485f2662a78f71aaebc2447d7b4b2b5,edcd776e9b75da984a99722d8af6c221a485f2662a78f71aaebc2447d7b4b2b5,revised,3,2026-10-03T02:59:31.478539+00:00,False,ko-codex-v1
ecqxjd,A,6be1e5fab85b2d28ccdefa401552fc12c9bf16dde4857dd121603fc947e6c499,6be1e5fab85b2d28ccdefa401552fc12c9bf16dde4857dd121603fc947e6c499,6be1e5fab85b2d28ccdefa401552fc12c9bf16dde4857dd121603fc947e6c499,pass,0,2026-10-02T22:34:12.708787+00:00,False,ko-codex-v1
ecqxjd,B,a99d96b01bb4dd3796863e5db3e5185fe509a382e4f29f1164523e8ecf4fae92,e06f283319c35f51b8d4996b5976061da0c5d58dbde4a587f0876266e561dcfc,e06f283319c35f51b8d4996b5976061da0c5d58dbde4a587f0876266e561dcfc,revised,2,2026-10-03T03:05:16.462146+00:00,False,ko-codex-v1
ecx56i,A,0d8e27eeddfbb74f7ea5feffcc655c4c57c8495bb1552f44f72031e8e56ccc93,52ef12dfda2e8109dd7e1a111cc32f8a0d49e12807861ea93df93ab0634bdbd8,52ef12dfda2e8109dd7e1a111cc32f8a0d49e12807861ea93df93ab0634bdbd8,revised,2,2026-10-03T07:49:05.336483+00:00,False,ko-codex-v1
ecx56i,B,b1af15c47ad3c8ff5411a9563cc1f2eca145c8ecf2f41587cef5ed182a50b963,6fa3a572f0cb5efa7f1d8b7409eafa49101a77638264ed28b67b5fc4a4c719f1,6fa3a572f0cb5efa7f1d8b7409eafa49101a77638264ed28b67b5fc4a4c719f1,revised,2,2026-10-03T03:30:20.578119+00:00,False,ko-codex-v1
ed76ln,A,19602911751e5af621579d779e048b0aaa7fe4307c3833b97d2cc8292d230077,85ef3e6d3ac7b8b2a286b55e4603fe96df206647e5dd86dde2531f2f6bc322fc,85ef3e6d3ac7b8b2a286b55e4603fe96df206647e5dd86dde2531f2f6bc322fc,revised,3,2026-10-03T03:56:07.460677+00:00,False,ko-codex-v1
ed76ln,B,8786986e377d60e381a7d278ed75c001199709343f62f4b3bab520f3b25d7fd3,8786986e377d60e381a7d278ed75c001199709343f62f4b3bab520f3b25d7fd3,8786986e377d60e381a7d278ed75c001199709343f62f4b3bab520f3b25d7fd3,pass,0,2026-10-02T22:11:24.556547+00:00,False,ko-codex-v1
edaqex,A,6b816a33171a1ccce01354c7292c72751fa7cf9a5a2e65121e9e7346ae9afe23,3d0ef80a228a37af05327f21229f5d8fe70320fa496ff6c7158c504e6d5a69e2,3d0ef80a228a37af05327f21229f5d8fe70320fa496ff6c7158c504e6d5a69e2,revised,3,2026-10-03T10:53:11.410318+00:00,False,ko-codex-v1
edaqex,B,904a415d0b969b24a4a6be29ad30aee46283d417481c7433c0a9177e943b00ce,904a415d0b969b24a4a6be29ad30aee46283d417481c7433c0a9177e943b00ce,904a415d0b969b24a4a6be29ad30aee46283d417481c7433c0a9177e943b00ce,pass,0,2026-10-03T11:21:31.832991+00:00,False,ko-codex-v1
edgekq,A,7929451b986e4a2e4f2d86fa516b4b8457ef24aa526fdf917f23fe218ece594d,c70d674d33c58ff956ded7f0eedb2f0838801da2ff54037f73fac635cd535141,c70d674d33c58ff956ded7f0eedb2f0838801da2ff54037f73fac635cd535141,revised,4,2026-10-03T07:10:58.353972+00:00,False,ko-codex-v1
edgekq,B,3f4611f898adb360049715499de7655ba3f41eee2c431ed2097fecb358ec420b,c8ed6c26d06fb728b9b5e77c2c7d491e860f333e046a649c193568f56e72ea00,c8ed6c26d06fb728b9b5e77c2c7d491e860f333e046a649c193568f56e72ea00,revised,2,2026-10-03T04:54:54.735369+00:00,False,ko-codex-v1
edjkaw,A,022642afd33df5a704e6f897d332e5ee50114a02556a14e67460dfbc8244964a,78d0526dd3c6c64552ecc52c84ba941ddeb6b3db55c9b6f1ca82a9864acadf35,78d0526dd3c6c64552ecc52c84ba941ddeb6b3db55c9b6f1ca82a9864acadf35,revised,5,2026-10-03T04:22:09.810518+00:00,False,ko-codex-v1
edjkaw,B,138af377e55b5da25645a10752b61346e1e4b96295ce4c2a9a1be908198ade08,138af377e55b5da25645a10752b61346e1e4b96295ce4c2a9a1be908198ade08,138af377e55b5da25645a10752b61346e1e4b96295ce4c2a9a1be908198ade08,pass,0,2026-10-03T02:49:47.128500+00:00,False,ko-codex-v1
edmkts,A,671eb939a27c32ff463580371ff88aaacc444a917268d3137fabcf412cd78d23,7ef958306df34e9838e5fff567bb70ad522afb8884f1b427581d431624a75fe6,7ef958306df34e9838e5fff567bb70ad522afb8884f1b427581d431624a75fe6,revised,6,2026-10-02T21:28:57.905640+00:00,False,ko-codex-v1
edmkts,B,7fba9ac93e0a6d997de28f0dbf2d9016bad056d3c5de30cab33eac89f07dc10f,4c8f7bf69d39b722f66c1c780e17d457f3f0906050e02f8d53e0f43f81d892c9,4c8f7bf69d39b722f66c1c780e17d457f3f0906050e02f8d53e0f43f81d892c9,revised,3,2026-10-03T06:30:46.078358+00:00,False,ko-codex-v1
edxh77,A,0d116d55fa976eec0cb25131b4419887ea434ce085aa842f6c7ca59ac8d60b5e,e1c2b6fb1606f07cc86f77b04a7c107655bf25dbc56bab79cb178b0477a90b57,e1c2b6fb1606f07cc86f77b04a7c107655bf25dbc56bab79cb178b0477a90b57,revised,4,2026-10-02T23:28:17.180313+00:00,False,ko-codex-v1
edxh77,B,4e518f22e6480ec5e20e049a05a6742e8b58b4557d404e4a5e6049604f8ceffd,219fa5b6f66a2f66e92018ed167b318af93bc8d740e4ac7bcc42e58dabc47e00,219fa5b6f66a2f66e92018ed167b318af93bc8d740e4ac7bcc42e58dabc47e00,revised,1,2026-10-03T04:41:37.394867+00:00,False,ko-codex-v1
ee0nn4,A,172eeac4b0d3dbafbe112167171220ec8fa00268e3371c0eb84a86ca1a8be20b,0d7478e02599703b364a7e583fcd177a1fad436fa584186927df6b85cc7e4a8e,0d7478e02599703b364a7e583fcd177a1fad436fa584186927df6b85cc7e4a8e,revised,2,2026-10-03T08:03:28.099028+00:00,False,ko-codex-v1
ee0nn4,B,3d27a552270e160fc312b3f8eeff7e2cbcd335d60693bf828c024e1bfd68859a,258501101b867de5f54b084368aaf5795413850afacb883c5491fc6edd42720f,258501101b867de5f54b084368aaf5795413850afacb883c5491fc6edd42720f,revised,1,2026-10-03T02:35:41.278132+00:00,False,ko-codex-v1
ee3r8i,A,5cf58fb267b62cca129bebe58dc36e52e9e236f126da8546521e58a28b17cf02,cc4c1e7416f0484e9fa7234b57468c1fc7c57250dc5964287287743de5bb5f53,cc4c1e7416f0484e9fa7234b57468c1fc7c57250dc5964287287743de5bb5f53,revised,1,2026-10-03T02:03:16.484233+00:00,False,ko-codex-v1
ee3r8i,B,df70187a6195cd3f70c91b6d1eb4bbeaf578e9a8675380e1fc0225faced16404,c64429657db994c98a885f2841518d16ba6cf3cdc75685ad30431571b9e01777,c64429657db994c98a885f2841518d16ba6cf3cdc75685ad30431571b9e01777,revised,1,2026-10-02T22:42:00.464003+00:00,False,ko-codex-v1
ee4xgg,A,2c7062ff997c6a7ce5bbdd67f05719caf1aa74235a3cafbb34dbbeae7c24b38b,5cb0767a6234d3c201b94ddefd01224045286f97d7b49fb85eadaae9c57e2d2a,5cb0767a6234d3c201b94ddefd01224045286f97d7b49fb85eadaae9c57e2d2a,revised,3,2026-10-02T23:20:06.909773+00:00,False,ko-codex-v1
ee4xgg,B,f60ca390c6c9f7ea70f5d1981f5f73fce54e2b6fce98ce94bb9fb6cb35f7cb9f,8f82bad51de8749b695df9befa1d8a96cfa66ba38f0c74b3399a95ca142f042c,8f82bad51de8749b695df9befa1d8a96cfa66ba38f0c74b3399a95ca142f042c,revised,2,2026-10-03T01:22:46.424878+00:00,False,ko-codex-v1
ee91fd,A,ddd86827fec7af44293348fc64e9a23f503c087785edf7cbf8f4546bd2593f1f,806833facdb075c4f7706d651b828091438210154f840b2535de4020a508c010,806833facdb075c4f7706d651b828091438210154f840b2535de4020a508c010,revised,5,2026-10-03T00:03:17.591416+00:00,False,ko-codex-v1
ee91fd,B,62ec6ceda2d44929994acb308f1a44ec86b4023655d2640e241804ac9ce021af,1b8eb9fd74b9ed4435499c9ea12d61672d0a7ce73880496cc8c32ada10a648fa,1b8eb9fd74b9ed4435499c9ea12d61672d0a7ce73880496cc8c32ada10a648fa,revised,2,2026-10-03T04:01:54.000791+00:00,False,ko-codex-v1
eeaigo,A,3bba7bdeb04ee5e0ce0927611fb71c89697e0a8b030ffbb5a4399145cdad5075,de19e8d3ffcedd86128da9d0cbaa4c73d8695f0af7975b9b77f39919a6daea73,de19e8d3ffcedd86128da9d0cbaa4c73d8695f0af7975b9b77f39919a6daea73,revised,3,2026-10-03T02:15:28.331120+00:00,False,ko-codex-v1
eeaigo,B,6a8812667987d0c561f8af88deaf4821f5cef879038830c35332d26f891a7e7a,d21440b81a292189210cb61b0e96db3fae5941b07d1c8ec87377d9e75978c457,d21440b81a292189210cb61b0e96db3fae5941b07d1c8ec87377d9e75978c457,revised,1,2026-10-03T04:17:10.744329+00:00,False,ko-codex-v1
eedx9x,A,52df96a924e91a6e97a99b5a5a731eae1e8da138b6d901f99e7013e614966cd7,52df96a924e91a6e97a99b5a5a731eae1e8da138b6d901f99e7013e614966cd7,52df96a924e91a6e97a99b5a5a731eae1e8da138b6d901f99e7013e614966cd7,pass,0,2026-10-03T12:38:44.520915+00:00,False,ko-codex-v1
eedx9x,B,9964034e4c24a58d6afcc88ddc920d80ae89e875f8c1bb4a066f287a678448f2,7536faf49ac15ea83c3c552a988977fc0bc2dbb48f4fcc28d92521cdae8f82f5,7536faf49ac15ea83c3c552a988977fc0bc2dbb48f4fcc28d92521cdae8f82f5,revised,2,2026-10-02T22:12:16.351358+00:00,False,ko-codex-v1
eegl7c,A,e5f750f7e6cf4a6dc7ab201349b9b91effa3bf643ec7b4b153fe351c70d9a3fb,3527bc0da46bd30957a7ba516ba9e6ac63b3551fae66da32c75739bfbb6c9bf7,3527bc0da46bd30957a7ba516ba9e6ac63b3551fae66da32c75739bfbb6c9bf7,revised,3,2026-10-03T11:30:09.550368+00:00,False,ko-codex-v1
eegl7c,B,cee6b3d7532334cec3adcf21f973816612a16d6adc3100dccaf3aafa9426d5f5,9760c9f5c819b8e0e31929806f609f228e23c5794235e900e6ac7f832ed10913,9760c9f5c819b8e0e31929806f609f228e23c5794235e900e6ac7f832ed10913,revised,3,2026-10-03T04:52:56.090468+00:00,False,ko-codex-v1
eelq01,A,ee1f10077efb02ea09aeb2aa3b7d28c0942fa823c0615cc8c5c06fb4848669e5,d33957915053927a5e1186a1d7502b30d7321bf8b81894d280a3ed3c339b03e2,d33957915053927a5e1186a1d7502b30d7321bf8b81894d280a3ed3c339b03e2,revised,4,2026-10-03T05:58:14.475700+00:00,False,ko-codex-v1
eelq01,B,fccf5fdd05a7ffe68b646b5d958f49589f762c214866f03650682cac82f48baa,dd4b1fcedc4e4a1d7c8310a75c0864db34849ec8a67cee3f594b4ecc31d23066,dd4b1fcedc4e4a1d7c8310a75c0864db34849ec8a67cee3f594b4ecc31d23066,revised,3,2026-10-03T11:07:43.470759+00:00,False,ko-codex-v1
eemvu8,A,07e473e321c186c119f59b32fa0f7f8adc090be523ab0fbfd8ef4f85b1e51cad,e59b0472d2f9cbf549c20c429a758046d3305957c1b4273ce2ddbc9de11154f4,e59b0472d2f9cbf549c20c429a758046d3305957c1b4273ce2ddbc9de11154f4,revised,6,2026-10-02T22:18:42.427046+00:00,False,ko-codex-v1
eemvu8,B,aa853a6fd16b4806d03c4ce1b617bc25218f3459b256238bfa18390d1b05fa9f,22ae1b20b678beecba1e6d9e76791006aab6638ea1525f2700b2fef511aa763f,22ae1b20b678beecba1e6d9e76791006aab6638ea1525f2700b2fef511aa763f,revised,5,2026-10-02T23:16:19.563463+00:00,False,ko-codex-v1
eeoe76,A,06b09d98186e18c7fdc450605c6f47436ff646cdd68494e4ba694bbd31c30b67,246db4efb6bec074c5b91f737c095b994946ade57867c9953a031a578428333f,246db4efb6bec074c5b91f737c095b994946ade57867c9953a031a578428333f,revised,5,2026-10-03T11:57:57.611930+00:00,False,ko-codex-v1
eeoe76,B,7a1c9a276280a76289bb8d5a80953e761842069271fcba293ddebd7be17f00f8,d2732ce8fae29b8425f8bcd409dfc7344cac8d22889842622d203a47c6c94bef,d2732ce8fae29b8425f8bcd409dfc7344cac8d22889842622d203a47c6c94bef,revised,3,2026-10-03T01:12:09.190943+00:00,False,ko-codex-v1
eer0uf,A,9f38ce5c8bc2a853f7580d14975e823e1970ff87301e081991003c99d6b9bea0,c121d5dda50a0755b0e92f379bd8bba8e0f07e391ef654e8885c003210981852,c121d5dda50a0755b0e92f379bd8bba8e0f07e391ef654e8885c003210981852,revised,4,2026-10-03T02:13:26.601568+00:00,False,ko-codex-v1
eer0uf,B,15e64aa89004a85b824a3b09189c2eb2b5b516e8f4019ce1f1383fcdea96b4c5,88ca35a20e40bc018ef6cc56bbe42574d660e348615d2719003d419dddb18b61,88ca35a20e40bc018ef6cc56bbe42574d660e348615d2719003d419dddb18b61,revised,3,2026-10-03T01:14:59.273057+00:00,False,ko-codex-v1
eesze2,A,b440cd5247c59fb426118847b7567b146cc4a1e0a8c5b2631fdc7af13ec090c0,9294644e38277c452184eeaf8bff325c407fd48affb4bafcb1226ac4195b9647,9294644e38277c452184eeaf8bff325c407fd48affb4bafcb1226ac4195b9647,revised,3,2026-10-03T02:16:21.331434+00:00,False,ko-codex-v1
eesze2,B,43131ddc69869272b0230f9d3b0f44a5408ab65a07b68439c5ac0a3807ff17e5,329ace7ab5479c482586faf19f7c61a151e03d5a401570d8389db8e992c2ba59,329ace7ab5479c482586faf19f7c61a151e03d5a401570d8389db8e992c2ba59,revised,2,2026-10-03T06:13:28.163646+00:00,False,ko-codex-v1
ef4lk3,A,bd1c56989ef4b263e3414def5d12ac9f46eef9d605e1e62339e8887f0f8c3d22,b4a7e99cf10ec97a71b58cab30692c0e6b15090624c44ee182235ba35d5a2e2f,b4a7e99cf10ec97a71b58cab30692c0e6b15090624c44ee182235ba35d5a2e2f,revised,2,2026-10-03T01:06:06.952910+00:00,False,ko-codex-v1
ef4lk3,B,6a6f58990f18ba21db34a4513fb389390f3b18efb3b404890ae246b7d4c61107,804e9ac03e9b0e1f3306009444c27a98f4fef740f3aebe3b14bd6b11082828a4,804e9ac03e9b0e1f3306009444c27a98f4fef740f3aebe3b14bd6b11082828a4,revised,3,2026-10-03T10:37:35.036728+00:00,False,ko-codex-v1
efh3ke,A,57f9a63658e254f65960d11940a94c0ca45e8a826de4bb0c85cbf6493a95bcb3,58222c24f497a0ae73dc8bddb65aee92446e8658424fc73a3357a45b093bc100,58222c24f497a0ae73dc8bddb65aee92446e8658424fc73a3357a45b093bc100,revised,2,2026-10-02T21:10:12.837465+00:00,False,ko-codex-v1
efh3ke,B,64e8c2cf51ac104b52f6ebce7fa70618d0446c595971a6037af8d4754da82af8,4c9cfb329bb0ab40b552347c624a94f85af752ea58466f37606e0ba094626a7f,4c9cfb329bb0ab40b552347c624a94f85af752ea58466f37606e0ba094626a7f,revised,1,2026-10-02T21:02:18.722970+00:00,False,ko-codex-v1
efj1ru,A,6ae67af1780eb6a6ceb0242d5a49a469b4662b1181a91c15cb2fd9c736af742b,2571bd98a0658126a7d1cd867423d440ef81ea3b9791faf40163c81c1c40f35f,2571bd98a0658126a7d1cd867423d440ef81ea3b9791faf40163c81c1c40f35f,revised,2,2026-10-03T05:34:46.991034+00:00,False,ko-codex-v1
efj1ru,B,8ac7fccd1fcbe42556738599a4649e07213271bc36a18d2ecfffa4eff3591bb9,a057dc802918191cf2d69b615c9c1c7f00e4f6db2eb4f2bbec1eb587ae0a2418,a057dc802918191cf2d69b615c9c1c7f00e4f6db2eb4f2bbec1eb587ae0a2418,revised,1,2026-10-02T23:15:40.865445+00:00,False,ko-codex-v1
efrydg,A,57db2b47ea66ea58938e01b54cf80549ce1e67de668056b8724ab5a6c6e7a83c,352006c194826d82111122df95d048c60d1b143c61a5ce27d22566be81856594,352006c194826d82111122df95d048c60d1b143c61a5ce27d22566be81856594,revised,5,2026-10-03T01:48:38.676341+00:00,False,ko-codex-v1
efrydg,B,fb2b8d05acef58e416545c930b981e02815e38671ca5d6ab43595bc0973879a9,7ad028182b2194057e6a16a5f14249f00e8c0753a8e82de67def54bf8dfb5ddb,7ad028182b2194057e6a16a5f14249f00e8c0753a8e82de67def54bf8dfb5ddb,revised,1,2026-10-03T10:56:57.700346+00:00,False,ko-codex-v1
eft67b,A,4699e5594c8920668f4919d61f33213d94f134773edfb6ae1cf3868faecb33f9,f1869b7adff797b947af6e7695fd2bfeb40542032dfef9a6d3708615cc8ed389,f1869b7adff797b947af6e7695fd2bfeb40542032dfef9a6d3708615cc8ed389,revised,2,2026-10-03T08:53:43.733830+00:00,False,ko-codex-v1
eft67b,B,5f70b0fc56173fb2a21e131f8fc83667d769e735a84dac0b274936034f742bdc,b6941184b16eebba1167533b7b0b73e8a26e38bee3c11057437015685a7a08de,b6941184b16eebba1167533b7b0b73e8a26e38bee3c11057437015685a7a08de,revised,2,2026-10-03T04:41:09.674080+00:00,False,ko-codex-v1
efuant,A,73b77a5b61c8ed45ccbf062adcf2529be21245977865175d86646af1152a1f36,01cfa93ab323d2e7bb4af2fe8d5d0c84fe6341cd9ec980c4aa48acdc92cc1331,01cfa93ab323d2e7bb4af2fe8d5d0c84fe6341cd9ec980c4aa48acdc92cc1331,revised,2,2026-10-03T03:14:36.184253+00:00,False,ko-codex-v1
efuant,B,447d33c7ec92ae022a987011f07380b4ac01a733a7f4e1732d88a6e71c51e355,4713dde83545a1d2ba0790b51e3651a72cbddbd961df2910442b1c50fa133cff,4713dde83545a1d2ba0790b51e3651a72cbddbd961df2910442b1c50fa133cff,revised,2,2026-10-03T10:42:29.089141+00:00,False,ko-codex-v1
efuf01,A,e980e98572e1b825dc3a9d705e2d2d34dd0d8502e07f7af2ca8d68dcf691dc86,252538f0348936182418f96357adf0e59fe4617e80078fcf8c569c6ea5aed240,252538f0348936182418f96357adf0e59fe4617e80078fcf8c569c6ea5aed240,revised,5,2026-10-03T03:35:03.195419+00:00,False,ko-codex-v1
efuf01,B,891dacf2dfaa6a20e50c5e577ff805f889d358ecea4579a3c6156815e57f4361,9fa28e439e361078df0f86a3c75b57dadf0c0d41a493e15e768d9794cb95e1e0,9fa28e439e361078df0f86a3c75b57dadf0c0d41a493e15e768d9794cb95e1e0,revised,2,2026-10-02T21:10:49.632261+00:00,False,ko-codex-v1
efx51t,A,90643bbdaa22db620576ba1d6b70f118414f7129b9a51b905b0dac5df5c24a6d,a86632eea88b545e32fbd3e746088d376c1eceae2b934c60bceac7c5b5dd8880,a86632eea88b545e32fbd3e746088d376c1eceae2b934c60bceac7c5b5dd8880,revised,5,2026-10-02T22:58:52.280237+00:00,False,ko-codex-v1
efx51t,B,688b64ad7f85d96927cc78a0880839f6e4c7ed39f460509716fcacd76b799c0b,696eec1ffe6627eb93bfb736d774e3e149d921c737f33be19fa7ff94e46813ae,696eec1ffe6627eb93bfb736d774e3e149d921c737f33be19fa7ff94e46813ae,revised,4,2026-10-03T05:58:41.773376+00:00,False,ko-codex-v1
efxz8x,A,ffc060dd7c51806c2f34d0d92d6adfa5a2888f145032a1d336f84176fd7a24e9,d51d7c941bbb4e2e52690afb79cbddbd0a43ff630eb046e904e90ba4b8436729,d51d7c941bbb4e2e52690afb79cbddbd0a43ff630eb046e904e90ba4b8436729,revised,3,2026-10-03T03:53:42.258548+00:00,False,ko-codex-v1
efxz8x,B,98d2493ea4ad667e39b1c5f7da4cf8784b7c294ef93cff04c4ddab0dd5131aa8,98d2493ea4ad667e39b1c5f7da4cf8784b7c294ef93cff04c4ddab0dd5131aa8,98d2493ea4ad667e39b1c5f7da4cf8784b7c294ef93cff04c4ddab0dd5131aa8,pass,0,2026-10-03T06:57:06.954346+00:00,False,ko-codex-v1
eggl4y,A,79e8dc86758f4f1f68c1baa721014434d2664ed26336c9a0b5f22a3250bb2708,ed8f4a93284d4d2eb9a20156858dd12546510ec526ff0264145e8757c1d41666,ed8f4a93284d4d2eb9a20156858dd12546510ec526ff0264145e8757c1d41666,revised,5,2026-10-03T03:08:06.398391+00:00,False,ko-codex-v1
eggl4y,B,dacf5a5384e9cbfb21854bb20808e079561a1c0544fb578eddd005bd7a9c3f11,91336ac07c142b8cba557ab6112c9c520d5a0ab61ec2179916cdd456c16583f7,91336ac07c142b8cba557ab6112c9c520d5a0ab61ec2179916cdd456c16583f7,revised,3,2026-10-03T04:48:48.741797+00:00,False,ko-codex-v1
egidl0,A,c2d1ab160b89e8f9b24a9d5dfc5bc32dec187d83959551cbd2c9ab4262b1c5d9,544d4f2a3bb923f408caea2efd3434d9de26d482ae8853e56a63227bf5d9cbe8,544d4f2a3bb923f408caea2efd3434d9de26d482ae8853e56a63227bf5d9cbe8,revised,2,2026-10-03T05:22:13.508583+00:00,False,ko-codex-v1
egidl0,B,67c7accb6e0a12df19fd39d91bd274dce90ba419ea29a6e5b4bfce5cb35b0141,bc8c6be3bbeae98f047508034f736012111be078573be345063893725d6aa2ac,bc8c6be3bbeae98f047508034f736012111be078573be345063893725d6aa2ac,revised,2,2026-10-03T01:56:20.682080+00:00,False,ko-codex-v1
egijkp,A,1bcf3889e8b56a1b2ae25ded412d881c1a64cced5c2c23126d903c8a9241ac0c,1f7bd8f1d87d1f4a19054618e44bc1a83bfe9541f7eb3b89e2e2011534cd1b38,1f7bd8f1d87d1f4a19054618e44bc1a83bfe9541f7eb3b89e2e2011534cd1b38,revised,2,2026-10-03T04:54:43.196124+00:00,False,ko-codex-v1
egijkp,B,815165a531d5f0841152ce0189bf29a975ebf689e8adddce4f14e8d66042104a,b6a92df82430cb7b0655ead64d4ee176f16231616ec158cec218c53563f980c4,b6a92df82430cb7b0655ead64d4ee176f16231616ec158cec218c53563f980c4,revised,4,2026-10-02T21:59:12.413903+00:00,False,ko-codex-v1
eglfp0,A,39021a218f20944b3252f768968b072d6cfb86751619ac5c7647fdcf466919ee,1557f6b1c12d96fc29800d25bb7bc4f40328c340e028d35ac0141f9de621db57,1557f6b1c12d96fc29800d25bb7bc4f40328c340e028d35ac0141f9de621db57,revised,2,2026-10-03T04:02:22.302427+00:00,False,ko-codex-v1
eglfp0,B,b15dc30cfa6201280824a1339158475c436e7e5e8158fc2083a365e145b21841,b15dc30cfa6201280824a1339158475c436e7e5e8158fc2083a365e145b21841,b15dc30cfa6201280824a1339158475c436e7e5e8158fc2083a365e145b21841,pass,0,2026-10-03T10:40:01.634822+00:00,False,ko-codex-v1
eglv7i,A,c8826ca98c19b23e84b2ed75e6eb0d8025f4fb9c9af5439bfb11ba0acd613608,988ed54780508725abfd6eb445d4d8d4b8a04fad91b8653f62d853a929644d81,988ed54780508725abfd6eb445d4d8d4b8a04fad91b8653f62d853a929644d81,revised,5,2026-10-03T03:06:55.414065+00:00,False,ko-codex-v1
eglv7i,B,2af6e77a1953d2256e1cad22c79e6ae9dee7ee450d4e7694d5765b3009c7caf3,2af6e77a1953d2256e1cad22c79e6ae9dee7ee450d4e7694d5765b3009c7caf3,2af6e77a1953d2256e1cad22c79e6ae9dee7ee450d4e7694d5765b3009c7caf3,pass,0,2026-10-02T22:25:32.810055+00:00,False,ko-codex-v1
egu9xa,A,d9d3676d92d4c616bcdac043b80769fcd44bf3b90e1ef1dacb0de122b5d7da1d,7976847bb5d3cf2fef100b19d5d3a550d6cb4ba4494ab68feef43165af9ce343,7976847bb5d3cf2fef100b19d5d3a550d6cb4ba4494ab68feef43165af9ce343,revised,4,2026-10-03T07:12:33.569791+00:00,False,ko-codex-v1
egu9xa,B,496d13db57638eb6304f81a6f5ef11d99137f880267974051095ec2b49bda98b,d6298a9e7ab1e4f491abd2a7bdfdb0e631f813cb9c1141d064d05ec93c98a1a7,d6298a9e7ab1e4f491abd2a7bdfdb0e631f813cb9c1141d064d05ec93c98a1a7,revised,2,2026-10-03T12:06:34.305774+00:00,False,ko-codex-v1
egvnmm,A,54eb2eb600c7e3b7baed103af7df1db347511cefa1e89fc037ad95cb1ddecfd8,6975c003336dcd206915abdf18edb844b86784188ea29bea0582c828098b411a,6975c003336dcd206915abdf18edb844b86784188ea29bea0582c828098b411a,revised,2,2026-10-03T04:47:35.829791+00:00,False,ko-codex-v1
egvnmm,B,b1a3b6950752ace4e0ec3274363907a8797f2ac10994ba0dd14e441169fc5a85,dd01d27c05faf47fcf01e5974707b889262ea8c40a0adf0471133a6cc6acaa40,dd01d27c05faf47fcf01e5974707b889262ea8c40a0adf0471133a6cc6acaa40,revised,3,2026-10-03T04:58:43.631392+00:00,False,ko-codex-v1
egxff3,A,80f8cad6deebcaf17059e4b645bde37354a7fca1e279afd029690a4d8b04cd64,a0a52d5cdca33ce646879201ea73684f3bfb8fc7aedd9ab6e23fe20b2856b287,a0a52d5cdca33ce646879201ea73684f3bfb8fc7aedd9ab6e23fe20b2856b287,revised,3,2026-10-03T08:15:30.946041+00:00,False,ko-codex-v1
egxff3,B,b04d3fbad5b0b47d215f1a9c3cdd572e7601f55a865300045318b038c12cf06c,85a9b2191fb579da3edbb91b21e497a906ad08636a4d93c369504a27f3ea5e6c,85a9b2191fb579da3edbb91b21e497a906ad08636a4d93c369504a27f3ea5e6c,revised,5,2026-10-03T02:19:43.247942+00:00,False,ko-codex-v1
eh0ezw,A,2b9d14ab475cab9c0db63331e871bb7736d60ff0bc8c46b91a3b8d860ee90f08,2b9d14ab475cab9c0db63331e871bb7736d60ff0bc8c46b91a3b8d860ee90f08,2b9d14ab475cab9c0db63331e871bb7736d60ff0bc8c46b91a3b8d860ee90f08,pass,0,2026-10-03T10:38:37.669004+00:00,False,ko-codex-v1
eh0ezw,B,1a55d0cd9b40200936ecc52d598fc28b2e77b9f4788750aaa12290382f37c837,1a55d0cd9b40200936ecc52d598fc28b2e77b9f4788750aaa12290382f37c837,1a55d0cd9b40200936ecc52d598fc28b2e77b9f4788750aaa12290382f37c837,pass,0,2026-10-03T11:16:13.937354+00:00,False,ko-codex-v1
eh1eik,A,05f60f374b62a439ecc89e82a17783335fd3985b9864d6a31acbdf7f4138b131,c04ece8a465e5811509747e3d8f78eb9c96e93cc96dad8cd1db52de9b3f60e08,c04ece8a465e5811509747e3d8f78eb9c96e93cc96dad8cd1db52de9b3f60e08,revised,2,2026-10-03T12:18:14.487672+00:00,False,ko-codex-v1
eh1eik,B,f32d9f5bc4b77d5ba5902aa0461a8be8cb9e6206774b12eb9fba57d960405da3,7b85ecca86ae240e60d658dccefc687c812890f5b536f9ba2e5192fa1ce45a35,7b85ecca86ae240e60d658dccefc687c812890f5b536f9ba2e5192fa1ce45a35,revised,4,2026-10-03T11:59:42.942210+00:00,False,ko-codex-v1
eh7csf,A,4a7fb1a6b4e98770b2f15fefe4ec9da68f31949de711b72155e28b97985e608a,5ea66a32c8b553e4a58260cf9bb542569d950d6c43b159dd9fc0672bf5839250,5ea66a32c8b553e4a58260cf9bb542569d950d6c43b159dd9fc0672bf5839250,revised,2,2026-10-03T01:58:15.582661+00:00,False,ko-codex-v1
eh7csf,B,6ca98da57cca20352490d17991685a33fae6c61f4efa58e6a53688caff107a1a,a301fa7aa2a91d4e7bc4758cd158e201f0437a7b20ebfbafadc3b447af638ebd,a301fa7aa2a91d4e7bc4758cd158e201f0437a7b20ebfbafadc3b447af638ebd,revised,2,2026-10-03T12:33:38.247554+00:00,False,ko-codex-v1
eh7wj4,A,db8c7d2a12da788c94be62d9d382d8060db3881ae913ec9964bb3d8aac74d6e7,d2b4754a7d5af5ea78b3fdfd73f9498464912ce02af5992dc104f063481c8308,d2b4754a7d5af5ea78b3fdfd73f9498464912ce02af5992dc104f063481c8308,revised,3,2026-10-02T23:09:31.114587+00:00,False,ko-codex-v1
eh7wj4,B,ba27fb69ec4d562f01b6250e5377f20cb4dd1e7047c7fd9f635176088e60f284,086ccb91bc61d6269d8760c77071e0392edf4d3209ed7b93a3444ba2fbf25f62,086ccb91bc61d6269d8760c77071e0392edf4d3209ed7b93a3444ba2fbf25f62,revised,3,2026-10-03T02:32:17.867479+00:00,False,ko-codex-v1
ehdbkr,A,e2c85d2cab0d08b6fdc6d99b9f29969517834e3c4fee4da3ddf451817295e858,1a37e2ccabd353ba129d3411f02167e5a3fa4fb1a9c5879c93a7f9f9e3d04f84,1a37e2ccabd353ba129d3411f02167e5a3fa4fb1a9c5879c93a7f9f9e3d04f84,revised,2,2026-10-03T08:52:24.202274+00:00,False,ko-codex-v1
ehdbkr,B,ac47596cdcc87cf2529f3b82aaac160affccffa08c494c60423cdd0565ef8dd8,75331b8b51069996b1544f0fec565ad9ad69d2750be0cae5b157fbab4f521640,75331b8b51069996b1544f0fec565ad9ad69d2750be0cae5b157fbab4f521640,revised,1,2026-10-03T03:45:39.366981+00:00,False,ko-codex-v1
ehezwg,A,9b16f30446b7962881ea64439f3f7713b07b64fe98da82d2af0fd175c9bb35e6,bfcaf3f170ab1c7d5fbe4d3071175f39570a5857393c177ea7bd093464a17ed7,bfcaf3f170ab1c7d5fbe4d3071175f39570a5857393c177ea7bd093464a17ed7,revised,4,2026-10-03T12:38:21.338772+00:00,False,ko-codex-v1
ehezwg,B,3b932398d6c0f2a07952c749257cbb05367bad1dae4af10e0949f6a69d2ab36b,d6c68b8cff819a3d5db29683ad93cb4a567f850756a205d2072850fc4a9ac5ab,d6c68b8cff819a3d5db29683ad93cb4a567f850756a205d2072850fc4a9ac5ab,revised,3,2026-10-03T12:32:39.682098+00:00,False,ko-codex-v1
eho8dq,A,df26ba1f381e6356843475258fd42ca7a4cc956eb9627347f4a75c06cd87030c,7e31efe0118504168130bc1f818f90bb037861892b85330de17e996bf91e9c39,7e31efe0118504168130bc1f818f90bb037861892b85330de17e996bf91e9c39,revised,4,2026-10-03T00:54:19.814337+00:00,False,ko-codex-v1
eho8dq,B,7207d25cf4f5acb8d41a19a905262e98b305a3bfff74107c1efd071f85f21d14,9fac8ac353aa49a6c4d8eeece75e3adabd95196c204749a24c300412e78f8771,9fac8ac353aa49a6c4d8eeece75e3adabd95196c204749a24c300412e78f8771,revised,3,2026-10-02T22:48:18.515189+00:00,False,ko-codex-v1
ehp66s,A,f23e210cc8acd425d61d7e0cb0dcabc4c35aefd5222893c18340fccff15e01b7,f23e210cc8acd425d61d7e0cb0dcabc4c35aefd5222893c18340fccff15e01b7,f23e210cc8acd425d61d7e0cb0dcabc4c35aefd5222893c18340fccff15e01b7,pass,0,2026-10-03T05:40:49.102313+00:00,False,ko-codex-v1
ehp66s,B,9115bf2dccf626ac23ae2213a176922828eeebd0b339896c3b3a53f25819ee9c,6260747f95a7235c255b08f889de465d2f99fe3ab75488559aa4f3ee3af6478e,6260747f95a7235c255b08f889de465d2f99fe3ab75488559aa4f3ee3af6478e,revised,2,2026-10-03T05:48:46.857977+00:00,False,ko-codex-v1
ehts7v,A,da5f7d1e63d334f27e3ebe67a9d94924f33c589e809cf7a56bb87ff420e6e5cd,9208cf67c2a24b279de5b60adf13c9c335af03e5202a7b841cc9439557ce099f,9208cf67c2a24b279de5b60adf13c9c335af03e5202a7b841cc9439557ce099f,revised,3,2026-10-02T21:30:32.436139+00:00,False,ko-codex-v1
ehts7v,B,8b3a970c7cfe724ffe857c32742bb608dff3492c2eede255fdce1742b594b85d,4ecaa3c24c47a38ee425f5584b7912a24de1b2fffbdc897082f60cc96c8d315e,4ecaa3c24c47a38ee425f5584b7912a24de1b2fffbdc897082f60cc96c8d315e,revised,2,2026-10-03T01:59:04.300670+00:00,False,ko-codex-v1
ei0qy3,A,78f6ac712203cfa64b9b1b58d0aece5074d1404715328f5d6afce08f5123aa66,5f249847c2f31bb3913012dcd4ccb85168cf6d7eec2a694aa673bc42875534bf,5f249847c2f31bb3913012dcd4ccb85168cf6d7eec2a694aa673bc42875534bf,revised,2,2026-10-03T03:06:01.526997+00:00,False,ko-codex-v1
ei0qy3,B,6c2885a7731c402d452688ad2f36771974314ac08994da3a64bea517015b96e7,6c2885a7731c402d452688ad2f36771974314ac08994da3a64bea517015b96e7,6c2885a7731c402d452688ad2f36771974314ac08994da3a64bea517015b96e7,pass,0,2026-10-03T01:16:42.332710+00:00,False,ko-codex-v1
eibw1d,A,48bc23239fe11b7310e5b9ad78b4a09f3464871acee2f1700cd6da2005ac932a,58b89a796a9a4854e1f333b2c7e39f6cfa2868cca3fc4d4b43b60043e7af2cfc,58b89a796a9a4854e1f333b2c7e39f6cfa2868cca3fc4d4b43b60043e7af2cfc,revised,5,2026-10-03T02:18:14.861642+00:00,False,ko-codex-v1
eibw1d,B,c9299a5e2481a8c0b0f82ba75a31825a02471598fe15e4c05e70813679ef1242,f87756ac0c1d8b5059c81b48fa03a06bf493b708efb382558aa18b49bc6f10f3,f87756ac0c1d8b5059c81b48fa03a06bf493b708efb382558aa18b49bc6f10f3,revised,4,2026-10-03T08:33:26.916080+00:00,False,ko-codex-v1
eifs7q,A,f12a72c0e0fb71edda7f8ddee686a6096da18bb2f2a7ac999b0770a4337c5827,51627f180dc33bf2e3f15f9739b1057bdc9de021af269920cf47b11bd24fb8bc,51627f180dc33bf2e3f15f9739b1057bdc9de021af269920cf47b11bd24fb8bc,revised,1,2026-10-03T08:18:06.698656+00:00,False,ko-codex-v1
eifs7q,B,b37dad609866fb0fbc37dae3a09c6e74e420f640c1f31a9b7208df4325f9dc04,b37dad609866fb0fbc37dae3a09c6e74e420f640c1f31a9b7208df4325f9dc04,b37dad609866fb0fbc37dae3a09c6e74e420f640c1f31a9b7208df4325f9dc04,pass,0,2026-10-03T03:23:56.544791+00:00,False,ko-codex-v1
eihp8i,A,bfaeff457f63d79cdda3153c9258aae8fb77867575e47ed190007c9b9de233d7,ec0cb78e5423ad608ca302ed896a58909377cf42971e8f41110c10592034baab,ec0cb78e5423ad608ca302ed896a58909377cf42971e8f41110c10592034baab,revised,3,2026-10-03T01:47:20.343867+00:00,False,ko-codex-v1
eihp8i,B,ac30d51563af23d6748cd2bc9b0491a6e151b0d26cb6f07c23f5b2a9bee78717,0b1d43dc080f4145313e01ae60191c9c72b02745b162bdb93477f6a167de4bb1,0b1d43dc080f4145313e01ae60191c9c72b02745b162bdb93477f6a167de4bb1,revised,2,2026-10-03T01:25:42.994916+00:00,False,ko-codex-v1
eii2f5,A,b2dcb477e646d55715a85b28e363b159eba7791336cf1e8ce65065105aceb72a,92261730dfcb6a16faa389c0f03065c4c8bbe6a6a00e8d7517d3529a256283e1,92261730dfcb6a16faa389c0f03065c4c8bbe6a6a00e8d7517d3529a256283e1,revised,2,2026-10-03T07:28:36.687637+00:00,False,ko-codex-v1
eii2f5,B,c15d164aed1dc79a9c7a593b917ec4b0c8fd377114d2bac1900c6f38cb2706cd,c067ac38d7fa3370f64ddef41356c41c495fbd53c33a1bf706de09456ec759a1,c067ac38d7fa3370f64ddef41356c41c495fbd53c33a1bf706de09456ec759a1,revised,3,2026-10-03T01:10:14.181112+00:00,False,ko-codex-v1
einmv0,A,94c1833aa2979edf8b7bb95713a9b29ab2ae836cf9edf34aa7616194fbd07004,dba6235a7de19f8f618df6189de7cc883e15ae9a6c8cb013f5f748288675e6fa,dba6235a7de19f8f618df6189de7cc883e15ae9a6c8cb013f5f748288675e6fa,revised,2,2026-10-03T07:38:13.915678+00:00,False,ko-codex-v1
einmv0,B,3c2d6c6d006a215bafbbd3432069fbc163090ba6c4e5e7733136ea33c68ba642,fa21baef9f3165c3a311e5d149e523aa065329af9c80dbd0f5a7f04a80479712,fa21baef9f3165c3a311e5d149e523aa065329af9c80dbd0f5a7f04a80479712,revised,3,2026-10-03T02:09:58.493170+00:00,False,ko-codex-v1
eirba7,A,43889c0935fc84a02fd5d3a4fbf9e13f34a5dad48eab15ee42e525b28ba91f1c,581fafc9001ebc815ce1322412996f5b4176e2535f9beb312ca9399e6a0ca7cd,581fafc9001ebc815ce1322412996f5b4176e2535f9beb312ca9399e6a0ca7cd,revised,2,2026-10-03T07:24:55.828772+00:00,False,ko-codex-v1
eirba7,B,a7f286262ec8f9b1071d5a5721cb04bf13f7d459ac1c7ca6375443b1b3bc3e6c,ba543d54873563813e1d1cc4060adbafda9c1116677d22c9708ef67815498b18,ba543d54873563813e1d1cc4060adbafda9c1116677d22c9708ef67815498b18,revised,2,2026-10-03T01:04:07.037218+00:00,False,ko-codex-v1
eislck,A,fa782867f4f05590fef2965e652c01b4e165134de414a0023b1e53728bf81902,547da8b6e0915579ab29eeb9a4be2768f3c5236581755409cdb74e454c578aa1,547da8b6e0915579ab29eeb9a4be2768f3c5236581755409cdb74e454c578aa1,revised,2,2026-10-03T06:39:30.322545+00:00,False,ko-codex-v1
eislck,B,4f1989cd3113e6704543491631c007556706dbe4524d9a4d5b22604bb496fbc5,8f5f50aaedfe25e53f22152665819717dc124d97dd547ea54fdccc2a007a63ca,8f5f50aaedfe25e53f22152665819717dc124d97dd547ea54fdccc2a007a63ca,revised,2,2026-10-03T01:35:49.423618+00:00,False,ko-codex-v1
eisz0q,A,b73b10bc3d70d3f0607ec34c869f1624bd9b5d908d28446d62fe02dc84d499ce,2fff1b268e8cf1fa295cef80e3db71ad8493006dce5e87ba99a343f5e4fa6cfb,2fff1b268e8cf1fa295cef80e3db71ad8493006dce5e87ba99a343f5e4fa6cfb,revised,3,2026-10-03T05:34:22.033180+00:00,False,ko-codex-v1
eisz0q,B,20fc6b939dd4cb13718e0ff58ccfd1cfc3f57e1d0c6c8694aa3b2c30ad669ead,20fc6b939dd4cb13718e0ff58ccfd1cfc3f57e1d0c6c8694aa3b2c30ad669ead,20fc6b939dd4cb13718e0ff58ccfd1cfc3f57e1d0c6c8694aa3b2c30ad669ead,pass,0,2026-10-02T22:28:55.634458+00:00,False,ko-codex-v1
eivfee,A,225a32e6dc1032a731af62fd1bea17fa4e98251e1d82803deee33d1db7815230,fb4798898a66ec701702462e1bf8619c061f08919bdd2c0eea18ce5d05cbbab0,fb4798898a66ec701702462e1bf8619c061f08919bdd2c0eea18ce5d05cbbab0,revised,3,2026-10-03T07:04:59.490315+00:00,False,ko-codex-v1
eivfee,B,3ba47c6f44daac66fa4f65a1810bb00fafaa68a9a0de222ca994f2c8d653d547,3ba47c6f44daac66fa4f65a1810bb00fafaa68a9a0de222ca994f2c8d653d547,3ba47c6f44daac66fa4f65a1810bb00fafaa68a9a0de222ca994f2c8d653d547,pass,0,2026-10-03T01:01:51.814145+00:00,False,ko-codex-v1
eix7wc,A,82c03ac968563f4337860b4c947c5ff70a96fdc041156715f23fa0a68b10cb1e,7bcb76d296b5ffd662691322d8183505fa944b4d5f0fcd4652c9e1959c33c470,7bcb76d296b5ffd662691322d8183505fa944b4d5f0fcd4652c9e1959c33c470,revised,3,2026-10-03T00:17:47.160315+00:00,False,ko-codex-v1
eix7wc,B,11fb36e9ee0b6df009d66e67fa466c2b6e35f680094495b4d8d77ea59e9a260e,70ec477ab72f4efe9a3d3ae54bf895136c1b4b7fe4eda207cb477d30dd2ab41b,70ec477ab72f4efe9a3d3ae54bf895136c1b4b7fe4eda207cb477d30dd2ab41b,revised,1,2026-10-02T23:52:05.038736+00:00,False,ko-codex-v1
eiy34q,A,2216417ea68e13defc5ff4a516514efb08404c7be92ccfe104a83e0d8a4d0f94,dcb6607f32d2d089e44e0b972ad55d2b6976fb7d16c84bdceac4a08bbebe8eda,dcb6607f32d2d089e44e0b972ad55d2b6976fb7d16c84bdceac4a08bbebe8eda,revised,5,2026-10-03T01:55:14.048018+00:00,False,ko-codex-v1
eiy34q,B,be5191ec42974ac4ab4575664a7bd0dbe11465ac5460d91cdee3289361b1d136,7c2011748544baa0253215855636f287671ee542f7ad9bbec1a57d8260bcc6d9,7c2011748544baa0253215855636f287671ee542f7ad9bbec1a57d8260bcc6d9,revised,3,2026-10-02T22:32:54.028582+00:00,False,ko-codex-v1
ej0bw2,A,c5e221bab9d4caed6d468d807b7c810a592ead08732a61d8b27ad87d661372ba,61777eb12020527ac54bd2dcdd8feead733dea6788fbef46f3cbeaf705eac1df,61777eb12020527ac54bd2dcdd8feead733dea6788fbef46f3cbeaf705eac1df,revised,2,2026-10-03T00:26:43.441408+00:00,False,ko-codex-v1
ej0bw2,B,e8bd72b1cc93b5d7a5b4bd4178fb581c82cf2f85565bbe4eab715b23aee5bd78,791ba2ce3064686e519e680619375b3eb55774488e54a557d03fdb20a4de9a15,791ba2ce3064686e519e680619375b3eb55774488e54a557d03fdb20a4de9a15,revised,3,2026-10-03T05:03:00.299303+00:00,False,ko-codex-v1
ej3ugv,A,85b79aaebb81cabdbd72d37ea3480a5c5275da22111e17e45b51dfb16eb213d5,85b79aaebb81cabdbd72d37ea3480a5c5275da22111e17e45b51dfb16eb213d5,85b79aaebb81cabdbd72d37ea3480a5c5275da22111e17e45b51dfb16eb213d5,pass,0,2026-10-03T07:30:53.916215+00:00,False,ko-codex-v1
ej3ugv,B,30740128e6ce3c953aa73a2bf42e0edbd6c7b26a19b7075ac4e6ac548fd7602d,71c542462a83bb73386e42f3f7c63c009d1292b13971c9c1d3e03b07a7a9b736,71c542462a83bb73386e42f3f7c63c009d1292b13971c9c1d3e03b07a7a9b736,revised,3,2026-10-02T23:39:11.866520+00:00,False,ko-codex-v1
ej7bpg,A,5ef308c18264281c783647cbce8e6272f9352f7458a8501119d5f382765536dc,b95ab2b5c5cdc4dd4d27702971174225ea257871f636ade0db76cfb33c801752,b95ab2b5c5cdc4dd4d27702971174225ea257871f636ade0db76cfb33c801752,revised,1,2026-10-03T12:25:57.500732+00:00,False,ko-codex-v1
ej7bpg,B,486521742af33f4b2fd55daa4a986f7deb94dd2a88973604f8eec1b1170d9ecb,486521742af33f4b2fd55daa4a986f7deb94dd2a88973604f8eec1b1170d9ecb,486521742af33f4b2fd55daa4a986f7deb94dd2a88973604f8eec1b1170d9ecb,pass,0,2026-10-03T10:58:49.821451+00:00,False,ko-codex-v1
ejamue,A,596bb5af67c2a0623e04416cf4b7753a7608f47fa6d56661d1e9599150c17771,809acaa95810a5b6f22a4eb3a9c4dfeca27c8173fd5b9a0f5855081c4eb1e9e3,809acaa95810a5b6f22a4eb3a9c4dfeca27c8173fd5b9a0f5855081c4eb1e9e3,revised,1,2026-10-03T07:58:05.443327+00:00,False,ko-codex-v1
ejamue,B,861a766088e1b45f4f29a10a15be5a7371ed9d4f5a703dd9529c108fbddc98a6,444a445bf4f4a1837a2303c6efe9164c58d4aa885df44966b1ca0efdfac07c1f,444a445bf4f4a1837a2303c6efe9164c58d4aa885df44966b1ca0efdfac07c1f,revised,1,2026-10-03T02:29:17.369343+00:00,False,ko-codex-v1
ejav3p,A,fd00aaa994cfbad97a4fff90719f51c3601d0075abf246bef2102c6437c44645,fd00aaa994cfbad97a4fff90719f51c3601d0075abf246bef2102c6437c44645,fd00aaa994cfbad97a4fff90719f51c3601d0075abf246bef2102c6437c44645,pass,0,2026-10-03T01:37:32.997529+00:00,False,ko-codex-v1
ejav3p,B,89893115180bd43e584a1ba62f823b809e61550b5e68cd6ee743f24da9e5e41e,89893115180bd43e584a1ba62f823b809e61550b5e68cd6ee743f24da9e5e41e,89893115180bd43e584a1ba62f823b809e61550b5e68cd6ee743f24da9e5e41e,pass,0,2026-10-03T03:19:22.709404+00:00,False,ko-codex-v1
ejbzfb,A,38d033219c49337dae409c0a12c952d3c246f629c18e5daa45caa4624e638369,d486c16f583c8b98b606c8fe1d839f2d6680da53d2c32be04d58f54eb2f3284d,d486c16f583c8b98b606c8fe1d839f2d6680da53d2c32be04d58f54eb2f3284d,revised,3,2026-10-03T01:38:09.283564+00:00,False,ko-codex-v1
ejbzfb,B,5f5db5f4c436a1e6c49945643a477e013f01301d083a93db3f05282609ba000d,5f5db5f4c436a1e6c49945643a477e013f01301d083a93db3f05282609ba000d,5f5db5f4c436a1e6c49945643a477e013f01301d083a93db3f05282609ba000d,pass,0,2026-10-02T23:42:52.147660+00:00,False,ko-codex-v1
ejiiun,A,7d220f1464f3d0efecff1e996677a43ba005348973b8a1774f9456820462343e,7d220f1464f3d0efecff1e996677a43ba005348973b8a1774f9456820462343e,7d220f1464f3d0efecff1e996677a43ba005348973b8a1774f9456820462343e,pass,0,2026-10-03T05:02:35.249448+00:00,False,ko-codex-v1
ejiiun,B,cac3b590c1d3d29d6d99d0b2bdd409d08eb7040be9d6534a76d205d78f87a92a,5d3d64cbd07aa704bd42dc0bb42d56e8500cf8ca6f61d6479fbfa4bf36a07da1,5d3d64cbd07aa704bd42dc0bb42d56e8500cf8ca6f61d6479fbfa4bf36a07da1,revised,1,2026-10-03T03:06:14.796787+00:00,False,ko-codex-v1
ejikpq,A,9b5b706a58cff4c84f94e0afd0fead1711fd4fadf89728875500218d8946e631,0963575dc6372ab7daac732175fb16a3d723e1679be238672a7f6f83a2094471,0963575dc6372ab7daac732175fb16a3d723e1679be238672a7f6f83a2094471,revised,8,2026-10-03T08:03:18.364972+00:00,False,ko-codex-v1
ejikpq,B,9a6ebad964fcf92db7b3ccec41dbdfd8b47ddc6d671cbb6109da6af11d413ab7,9dc467578ef9f7b5581c582333f02b0a3df5a50ab7a9684233733df35ecaa034,9dc467578ef9f7b5581c582333f02b0a3df5a50ab7a9684233733df35ecaa034,revised,3,2026-10-03T06:44:10.041927+00:00,False,ko-codex-v1
ejp799,A,eab0cb6c04c44ba367291f15efbf65d2e998c1967fdf55a9e7e3a78d4ba9eb01,07b242f1903bc012469a3f5333a7f866f4c55c9e740108e6f6762a827e07330a,07b242f1903bc012469a3f5333a7f866f4c55c9e740108e6f6762a827e07330a,revised,4,2026-10-03T11:17:37.592891+00:00,False,ko-codex-v1
ejp799,B,983a8e55367121d26a72bf7732eebf2641748ff5d5650555fb5e2c3c82486f16,ccbf7dbceb87596d377ebc387f4cfa3924a44ecf9400bab4d89be47c618e5f2e,ccbf7dbceb87596d377ebc387f4cfa3924a44ecf9400bab4d89be47c618e5f2e,revised,1,2026-10-03T08:50:14.620070+00:00,False,ko-codex-v1
ejqhyj,A,ee5181741556c78b397a3720bbae4b2bed2c9c2e3cb143097ce87f8986378c9c,e535ac06273718a9945fba68c71336982b9ed8c5b00218283945f89e39bd7ff5,e535ac06273718a9945fba68c71336982b9ed8c5b00218283945f89e39bd7ff5,revised,4,2026-10-03T07:11:57.863998+00:00,False,ko-codex-v1
ejqhyj,B,c613c81898e21fc57bf716fcf4c2b46170c984290204cb3d8adf51e6c8cf92d0,0d1a8d76cfb917dc6c9146a3a0785d5de69b92bc9a563d3f9e8fbb5b94c0cb6e,0d1a8d76cfb917dc6c9146a3a0785d5de69b92bc9a563d3f9e8fbb5b94c0cb6e,revised,2,2026-10-03T05:08:32.079829+00:00,False,ko-codex-v1
ejqo5q,A,8dba5bf22da08a4693594af00db21fa11326c82ab2ddc0ede84f8f6f7f777c2c,7aa6cbf3a76059409c1e88dccc3abd018b7e8f60577074bd36d1aa7dffbfeb2b,7aa6cbf3a76059409c1e88dccc3abd018b7e8f60577074bd36d1aa7dffbfeb2b,revised,5,2026-10-03T11:12:08.113005+00:00,False,ko-codex-v1
ejqo5q,B,6ee1f12045d345aac7b076588b112fa75875478ab27319d8dbcfe4da8d587fd6,6ee1f12045d345aac7b076588b112fa75875478ab27319d8dbcfe4da8d587fd6,6ee1f12045d345aac7b076588b112fa75875478ab27319d8dbcfe4da8d587fd6,pass,0,2026-10-03T08:36:58.207763+00:00,False,ko-codex-v1
ejtnlh,A,4fe93464cf475065d3bf75ef2beeee92874751b4b4b2e1176fb6a20da631d8d3,64f5c5a284515764acd72246151f2cd59cca0d24582c8415e06ae81327e58fe0,64f5c5a284515764acd72246151f2cd59cca0d24582c8415e06ae81327e58fe0,revised,3,2026-10-03T04:34:54.597348+00:00,False,ko-codex-v1
ejtnlh,B,fbcbf6add93e111313d69ab5ba16bc32cf1a4509d144fde272b50c2354894289,f7e059ef89840dd8049d2cf5c4deba4f78f4276adc6b89042355fcfa0e14f085,f7e059ef89840dd8049d2cf5c4deba4f78f4276adc6b89042355fcfa0e14f085,revised,2,2026-10-03T05:31:03.284114+00:00,False,ko-codex-v1
ejvk57,A,d0bf6b96b4da8c0b28e47c46aa70fe87a1aad55c8ba27ff3e4e36f7c31f7869b,bada58c2d370c0c927b8e7c9273654eb7a7ff5410989b3ee332939efd4822695,bada58c2d370c0c927b8e7c9273654eb7a7ff5410989b3ee332939efd4822695,revised,3,2026-10-03T01:03:00.669201+00:00,False,ko-codex-v1
ejvk57,B,d6a3609581ec70e40cfc0a43f7488ef408c38967b8a106aa237cfe60b3527268,42ca9cacd827baac278650954ece4c54e7588e4ec73733b1f9ffed5c84c0a9b4,42ca9cacd827baac278650954ece4c54e7588e4ec73733b1f9ffed5c84c0a9b4,revised,3,2026-10-03T12:14:46.487098+00:00,False,ko-codex-v1
ejvkhv,A,5367b21874c218f4a79610edcc7c18ce3f3950fa0967ad434ff80f5d00e51e76,4803852df471ba6d8c3a155c888cf6e75013938642eb1ab1a899b22051335d4f,4803852df471ba6d8c3a155c888cf6e75013938642eb1ab1a899b22051335d4f,revised,6,2026-10-03T08:46:40.654278+00:00,False,ko-codex-v1
ejvkhv,B,0f1e36eed7e8d9d7b2488f8060ca62791e4988f38afea7cb0f81922fe268ddc2,0f1e36eed7e8d9d7b2488f8060ca62791e4988f38afea7cb0f81922fe268ddc2,0f1e36eed7e8d9d7b2488f8060ca62791e4988f38afea7cb0f81922fe268ddc2,pass,0,2026-10-03T04:08:12.834656+00:00,False,ko-codex-v1
ejxgw7,A,f6c6f2854ce62354c89b697bf7a789c6b88c22224ff25998082c8ab0d11f5f54,2cc896e8f3dde16289af3ec8687d4ba91a33220303fa3ab184e34d30e883683d,2cc896e8f3dde16289af3ec8687d4ba91a33220303fa3ab184e34d30e883683d,revised,4,2026-10-03T12:04:48.640121+00:00,False,ko-codex-v1
ejxgw7,B,e865aa16319432f73f2842bf6030a6540eafe865be547f6110e66706b64f78b4,e865aa16319432f73f2842bf6030a6540eafe865be547f6110e66706b64f78b4,e865aa16319432f73f2842bf6030a6540eafe865be547f6110e66706b64f78b4,pass,0,2026-10-02T22:39:29.061449+00:00,False,ko-codex-v1
ejyfpn,A,318bad4bc1c6a7d3261f8d430214f411580f3d3654f0be5d9c0f9504df1d7c31,ccc17f9b20d0bfd54ddb7d87bf0d586cf690238b4c7a0deefd4b82ca531efc5e,ccc17f9b20d0bfd54ddb7d87bf0d586cf690238b4c7a0deefd4b82ca531efc5e,revised,3,2026-10-03T03:01:51.721620+00:00,False,ko-codex-v1
ejyfpn,B,59fa7455a73bdf27abf64fd71dc7307fe7a331bd8e3f8cfb487e9edd3f3f6d1a,d9fe0eb6c61a1317c97b475c7c95fe8ad742fdfecadd79210a73bc1ee5196874,d9fe0eb6c61a1317c97b475c7c95fe8ad742fdfecadd79210a73bc1ee5196874,revised,1,2026-10-03T12:02:04.996743+00:00,False,ko-codex-v1
ejyljj,A,9d69316692b436aa4ff5f3bee4642e7e3a5bbcb3840f036cc5d5761f1f1ec6df,7cffb937292556d4f77386f8643167b33e936c2b23780cd9849ac168c5fd5119,7cffb937292556d4f77386f8643167b33e936c2b23780cd9849ac168c5fd5119,revised,2,2026-10-03T04:13:12.048370+00:00,False,ko-codex-v1
ejyljj,B,44577e351e5f096ecc755599b5cd65a84c2882f8f7aff7f63aafc53b7cba3a72,44577e351e5f096ecc755599b5cd65a84c2882f8f7aff7f63aafc53b7cba3a72,44577e351e5f096ecc755599b5cd65a84c2882f8f7aff7f63aafc53b7cba3a72,pass,0,2026-10-03T05:06:28.336701+00:00,False,ko-codex-v1
ek691v,A,b29751a773bbee0f39b3fa9ec72e0eb1be91164c442ec690815d71bdbfa634d6,98c3ce81a6e64326b677575109c605731604ea92ef5fe247eba170d00b2659ba,98c3ce81a6e64326b677575109c605731604ea92ef5fe247eba170d00b2659ba,revised,6,2026-10-03T06:12:04.759562+00:00,False,ko-codex-v1
ek691v,B,4c884563c0efbc3b3c234505fc8c555b8a31ecec2589602c833130b61bb5f34a,9758bc75d04b738e084e895121fb596f0aff8ef301a63644936718541490b3c4,9758bc75d04b738e084e895121fb596f0aff8ef301a63644936718541490b3c4,revised,1,2026-10-03T07:38:45.248634+00:00,False,ko-codex-v1
ek759w,A,74fcee032d2b41b554df7d617ea94a60a9a496ce556e4e9782103d598a05d189,f9d1fa0eaa9bd773bd2b01eb71dbdcb835a521f3ba7966c873bbca75e3fffdb7,f9d1fa0eaa9bd773bd2b01eb71dbdcb835a521f3ba7966c873bbca75e3fffdb7,revised,4,2026-10-03T06:57:33.828383+00:00,False,ko-codex-v1
ek759w,B,6e986db466ff3d269a1d520434a183d5e2356eadeb9be68cb330b068ae39b33a,5ce750f0bd6b2574165c2f4302ba0ee48045fa9b95b72c9969406b2c885b1af8,5ce750f0bd6b2574165c2f4302ba0ee48045fa9b95b72c9969406b2c885b1af8,revised,3,2026-10-03T11:26:00.682140+00:00,False,ko-codex-v1
ek9jkv,A,5a148332e9781f37012b5cd2c99d7d9de66a33eca3543ab233cab7a2170689cc,15ab154d06ec3967ac1655e2db6dd3ac1fb37f87e813866f3b593baa43ef553e,15ab154d06ec3967ac1655e2db6dd3ac1fb37f87e813866f3b593baa43ef553e,unresolved,6,2026-10-03T07:30:28.254336+00:00,False,ko-codex-v1
ek9jkv,B,da44110463ad78c8eb3940fc658de4582a421002af62c47f529755912aedb58e,096367716722c041cc1682449e9e436a5a6ce6183b566710bf6bcc0c6fac0d1f,096367716722c041cc1682449e9e436a5a6ce6183b566710bf6bcc0c6fac0d1f,revised,3,2026-10-03T02:05:42.452790+00:00,False,ko-codex-v1
ekacz7,A,298c5d79f60b44753f5af200057dac51f6823c37a52a87d2cc0712231ec632cf,a0fa5e445f0b5cb949ba9c66355e47649599166bec37c2e4e23d58a5cac81aa2,a0fa5e445f0b5cb949ba9c66355e47649599166bec37c2e4e23d58a5cac81aa2,revised,1,2026-10-02T22:00:01.573623+00:00,False,ko-codex-v1
ekacz7,B,21f26cd28d519b82494cf3d812c737347a973ed09d4515aaf75e22c075390c15,21f26cd28d519b82494cf3d812c737347a973ed09d4515aaf75e22c075390c15,21f26cd28d519b82494cf3d812c737347a973ed09d4515aaf75e22c075390c15,pass,0,2026-10-03T07:43:07.415931+00:00,False,ko-codex-v1
ekh1q5,A,6aa08618cb512d2cbe8d3dc0ca17258aeed710a732d3a2592774bf6fd5a6db62,71284e28818085c7a3e85f4917a8b3af7b41b2ddc3d6ed521d769ea71b047938,71284e28818085c7a3e85f4917a8b3af7b41b2ddc3d6ed521d769ea71b047938,revised,1,2026-10-02T23:01:35.813603+00:00,False,ko-codex-v1
ekh1q5,B,8fada10479bb9308cda8e5c5c829889ef9864325df4b20b1e9076bd22d79d3a3,a5af5201990eaf32c3c5b2b775a0f4abd9a636bea86c1e8458d00c95237c2aa0,a5af5201990eaf32c3c5b2b775a0f4abd9a636bea86c1e8458d00c95237c2aa0,revised,2,2026-10-03T04:44:22.743565+00:00,False,ko-codex-v1
ekh3pb,A,21425320954841a5ba469225f7d2db735ea62fb9e1eaaa48e7b517b1dcb85e00,edad2e8b36088aa15fc833a504f92992f31e1664a7b64440af6fd140032dfa4a,edad2e8b36088aa15fc833a504f92992f31e1664a7b64440af6fd140032dfa4a,revised,1,2026-10-03T01:46:20.192944+00:00,False,ko-codex-v1
ekh3pb,B,78c821cdf720252e3fbacaf1c0c1ce4942a2648adac1d76ec02d4b408df48194,78c821cdf720252e3fbacaf1c0c1ce4942a2648adac1d76ec02d4b408df48194,78c821cdf720252e3fbacaf1c0c1ce4942a2648adac1d76ec02d4b408df48194,pass,0,2026-10-02T22:41:42.841948+00:00,False,ko-codex-v1
ekhvt5,A,0eadb5965b0a92c21ebfee800576ee8cd9b3c6b196e428cfa32e1bea66a338c6,036bf3f142fa6c55a37246828f220364b29e4793194c45db100f2165bbd1a77b,036bf3f142fa6c55a37246828f220364b29e4793194c45db100f2165bbd1a77b,revised,4,2026-10-02T21:41:49.411987+00:00,False,ko-codex-v1
ekhvt5,B,386333451ea4053e5d09e719b10473b000adf7061366597566c250a9ca95fc53,386333451ea4053e5d09e719b10473b000adf7061366597566c250a9ca95fc53,386333451ea4053e5d09e719b10473b000adf7061366597566c250a9ca95fc53,pass,0,2026-10-03T11:46:46.793251+00:00,False,ko-codex-v1
ekjagb,A,f3c065bd8cd0a9b4f6ea9db37526c5736ad0001b4020ce8834ac069135b63637,1b52b5df9a0d9f817b4d0e7bfaba4cc97106bb61a2167218f3842c1f3ab43b17,1b52b5df9a0d9f817b4d0e7bfaba4cc97106bb61a2167218f3842c1f3ab43b17,revised,6,2026-10-02T22:07:19.692563+00:00,False,ko-codex-v1
ekjagb,B,9f65c37ffdb65112a95ede052775ca2f5ba7fbc5a3891412ee93d32d4a52ce29,9853bbf017ad3ca3e577ae51a53fc2d7f570156824c8070ad5b227c2bd29636b,9853bbf017ad3ca3e577ae51a53fc2d7f570156824c8070ad5b227c2bd29636b,revised,5,2026-10-03T02:37:32.741823+00:00,False,ko-codex-v1
ekliqb,A,a14f817ca116982fad885556500f1ac79cf1c2c65719df313b587cf1ab2c5356,185c3688578b24bc407a3e16750107ed8e9db1f7c203afcdf806526e5a66e2cf,185c3688578b24bc407a3e16750107ed8e9db1f7c203afcdf806526e5a66e2cf,revised,3,2026-10-02T22:56:04.556073+00:00,False,ko-codex-v1
ekliqb,B,43dfba10b0449d3fa028887565574ef13b41a5726082a95b64e01ea0163b6126,43dfba10b0449d3fa028887565574ef13b41a5726082a95b64e01ea0163b6126,43dfba10b0449d3fa028887565574ef13b41a5726082a95b64e01ea0163b6126,pass,0,2026-10-03T12:31:06.970272+00:00,False,ko-codex-v1
ekqf0b,A,65f0279f77d66f653784b26a847a76f1af7241f5437e71801bdaff050542666e,bbcea242d2887637327f5f8b86a2e1fad8bcd2e82a1046dbd13994666efa7a61,bbcea242d2887637327f5f8b86a2e1fad8bcd2e82a1046dbd13994666efa7a61,revised,4,2026-10-03T05:30:38.186054+00:00,False,ko-codex-v1
ekqf0b,B,a1b4b46b1b94c134b4ecda4bfde8793590e9eb7d608e3d2cde98b26ecf9eaf89,2e1b6061ebc0dda300c03da510ec1ab0f1acf9dd58af0c6048b3c6a42c0ca34e,2e1b6061ebc0dda300c03da510ec1ab0f1acf9dd58af0c6048b3c6a42c0ca34e,revised,2,2026-10-03T11:02:09.067581+00:00,False,ko-codex-v1
eks3uk,A,4a9f780bbbc842fcb726dcad4dd5cf14298c542e4c00de4576696e218af7e74e,f82101b6d16ed0fe5ec63bd06ea7b6b085aa534d78bd6d67ff89a9c9ac53fa2b,f82101b6d16ed0fe5ec63bd06ea7b6b085aa534d78bd6d67ff89a9c9ac53fa2b,revised,1,2026-10-02T22:28:11.755560+00:00,False,ko-codex-v1
eks3uk,B,b0f1f3e96298cd0fb3d0017a9e9cce28f238c936281d16604b1a58dc880ccf88,b0f1f3e96298cd0fb3d0017a9e9cce28f238c936281d16604b1a58dc880ccf88,b0f1f3e96298cd0fb3d0017a9e9cce28f238c936281d16604b1a58dc880ccf88,pass,0,2026-10-03T00:20:42.135070+00:00,False,ko-codex-v1
eksd4l,A,498b049d0f84ee120a2f4fb890a392014b0137300a267f2bed7848918f893e33,63222cf11a83e9733aa8fc7c4abe65ec87d994a70cf046e07bcdb8ad93bc2297,63222cf11a83e9733aa8fc7c4abe65ec87d994a70cf046e07bcdb8ad93bc2297,revised,2,2026-10-02T22:08:01.826921+00:00,False,ko-codex-v1
eksd4l,B,e01eec7f4596432ccf0b74151be7b72e0d6904e8a14b75e9b1936944d6790541,5e30c179f22293cba2ea388cd0913b2f26e805e7784f75b29480e888f9e03657,5e30c179f22293cba2ea388cd0913b2f26e805e7784f75b29480e888f9e03657,revised,2,2026-10-02T22:09:13.746328+00:00,False,ko-codex-v1
ekxi0k,A,c9a022422f1df553d45effa537084c51596bdf3625261522a26892b754aa3f89,843fb07508cd94e470a7baa21ac32333c833ef01b874400e4f2622a374aa9466,843fb07508cd94e470a7baa21ac32333c833ef01b874400e4f2622a374aa9466,revised,3,2026-10-03T06:58:09.927556+00:00,False,ko-codex-v1
ekxi0k,B,84909aaa5210deb6ac2f36fee5dcdac6bbb8ddb9d180e3c11660b67dbd2ffc6d,0dadbb0f6d57cb477373aed1e141da9b95979964ac05a2b3f62a7a3a1a7afdb6,0dadbb0f6d57cb477373aed1e141da9b95979964ac05a2b3f62a7a3a1a7afdb6,revised,2,2026-10-02T22:09:17.332244+00:00,False,ko-codex-v1
el30cp,A,5cc44be203c009db52a1934f52b7476acd96b8b43fcfa1759a029949b79e9d09,d653b0602f2a9dbdd5366356d305d966eb0d5b76b602d5d893f9aafb077f8a68,d653b0602f2a9dbdd5366356d305d966eb0d5b76b602d5d893f9aafb077f8a68,revised,4,2026-10-03T05:01:10.445421+00:00,False,ko-codex-v1
el30cp,B,7094297a2f921c5877b5e0d1dcd2a43056f60c347ad964f738d4ad8b6000ab19,73427a617694f4f1a0f26cee29302d3c61dd9b6fef67123ca43f6de6c23e4d34,73427a617694f4f1a0f26cee29302d3c61dd9b6fef67123ca43f6de6c23e4d34,revised,3,2026-10-03T00:59:51.343828+00:00,False,ko-codex-v1
el460c,A,24fa3f5ac24bcef3aa22c0add0aefb63e3f78b0b82f9914236c082351cff9043,742a2fe19454267ad6108fa446984c86a9fc4f0e6139769d482a71d1e69b2a89,742a2fe19454267ad6108fa446984c86a9fc4f0e6139769d482a71d1e69b2a89,revised,3,2026-10-03T08:11:44.778465+00:00,False,ko-codex-v1
el460c,B,239348d4a02f258e061e86419a1203ce690e10bf60627a6b6c72f926bb24dc95,69ee18e7913c75b56699095f972a58362639dc6a5ecf01a0164e763da87d71b3,69ee18e7913c75b56699095f972a58362639dc6a5ecf01a0164e763da87d71b3,revised,2,2026-10-03T06:16:43.199028+00:00,False,ko-codex-v1
el8rza,A,276a500537381697fc9d526a109d660ca8043c9495e76f87ee583d30879bbe09,4a899e8d83f4e30df1c874c53d9157663ea75cdbe6ca08e855d21856415033c1,4a899e8d83f4e30df1c874c53d9157663ea75cdbe6ca08e855d21856415033c1,revised,3,2026-10-02T23:17:29.565914+00:00,False,ko-codex-v1
el8rza,B,08516b702966daf1e46b1c4e337416f5cd486b5d9587f697aac9a2b0b1ba83d2,8548532f5bfb5cf0b47e5ad8298665b4837e2057e883074a8bbe93505b12fd66,8548532f5bfb5cf0b47e5ad8298665b4837e2057e883074a8bbe93505b12fd66,revised,3,2026-10-03T08:49:14.294679+00:00,False,ko-codex-v1
eld85e,A,bc49664eb94e626cef68b853c1435ef7499e00affe17ad5253999103d43275dd,06f79fac1dd7012208023afb901565dec1af7cb2a708ace38031b09b8696e460,06f79fac1dd7012208023afb901565dec1af7cb2a708ace38031b09b8696e460,revised,4,2026-10-03T00:38:53.881634+00:00,False,ko-codex-v1
eld85e,B,5709b95eddc0bcb127e0396d7273173d24dbbe79423efc9530eb1e90c1cd6e59,5709b95eddc0bcb127e0396d7273173d24dbbe79423efc9530eb1e90c1cd6e59,5709b95eddc0bcb127e0396d7273173d24dbbe79423efc9530eb1e90c1cd6e59,pass,0,2026-10-03T02:04:24.861859+00:00,False,ko-codex-v1
elejtg,A,046eb8be2dbc869580b6f607a5bb4bbf8770eafb45a001dded8d8a530d4b887a,046eb8be2dbc869580b6f607a5bb4bbf8770eafb45a001dded8d8a530d4b887a,046eb8be2dbc869580b6f607a5bb4bbf8770eafb45a001dded8d8a530d4b887a,pass,0,2026-10-03T00:04:57.728130+00:00,False,ko-codex-v1
elejtg,B,cfffa04f8cc9e8aade4531fdb73120cba4ee053d152cad4a3f8827720c29fa39,d372655beb10d64beb3247d9ff0d31aab229b9cb1e9bc64da418a47357613964,d372655beb10d64beb3247d9ff0d31aab229b9cb1e9bc64da418a47357613964,revised,2,2026-10-02T22:05:49.441512+00:00,False,ko-codex-v1
eleptx,A,b22bf58345e984d17335476dd895d94fcadbaa40893426d2fe8a012c0295e54e,5611a2a0fcda357e5b58c860841f0a8a046ce1cc34214974b2e5f7c3bd60d09c,5611a2a0fcda357e5b58c860841f0a8a046ce1cc34214974b2e5f7c3bd60d09c,revised,3,2026-10-03T05:45:42.247243+00:00,False,ko-codex-v1
eleptx,B,8836f4bddd61bb4a7b211ab4b4a2a8c416d76e4ce81a3a1b9f75dc0d294eec9c,8836f4bddd61bb4a7b211ab4b4a2a8c416d76e4ce81a3a1b9f75dc0d294eec9c,8836f4bddd61bb4a7b211ab4b4a2a8c416d76e4ce81a3a1b9f75dc0d294eec9c,pass,0,2026-10-03T04:55:33.349016+00:00,False,ko-codex-v1
ellfpe,A,92a8b3a7ae0e874061cf7c118d5ef4260fb71e3fcc931d478f55d684a4852425,50e88be6961c44b871447a6c86bebe6e369371ebdd051b7a647dbd6a08739652,50e88be6961c44b871447a6c86bebe6e369371ebdd051b7a647dbd6a08739652,revised,2,2026-10-03T06:52:39.714585+00:00,False,ko-codex-v1
ellfpe,B,8904ab702dfcab6c6f50fa1c6a4358cfbd756c9812b4a4ec854d563cc66869a7,b98d0b49cdea10b7b61b0e4e2a8aa69efae2abbf017d129f79157e8defe4c537,b98d0b49cdea10b7b61b0e4e2a8aa69efae2abbf017d129f79157e8defe4c537,revised,2,2026-10-03T04:05:25.059418+00:00,False,ko-codex-v1
elprmm,A,5a3adc65199c8d42cd6459dce4b6eefffa0bed7c0a612be1420b1740fd70ab1b,8fad9f56bd14dee577aee9f7306fe6b974a774aff05ec194625f927ff951d6e4,8fad9f56bd14dee577aee9f7306fe6b974a774aff05ec194625f927ff951d6e4,revised,3,2026-10-03T03:40:05.064888+00:00,False,ko-codex-v1
elprmm,B,11d8fef322b4fbf40b51c4245ebbbf370ce2a0ca3c74929c9c90c67cbdb2ccee,07f927c2e96a58013b61370f254c052f60a04e7590ad4dd9999e47f5d7d493c5,07f927c2e96a58013b61370f254c052f60a04e7590ad4dd9999e47f5d7d493c5,revised,2,2026-10-03T07:46:01.726784+00:00,False,ko-codex-v1
elq1lv,A,6e2581f309f0a018aeeb3e3fe886269a2dab2f9e4a9e32b426aa7f9c9bbe69b9,1cfe12db7b2d69653e8e8f7ed0ec35ff697ec879811b00976cb400cb0c56ac85,1cfe12db7b2d69653e8e8f7ed0ec35ff697ec879811b00976cb400cb0c56ac85,revised,2,2026-10-03T00:55:17.677103+00:00,False,ko-codex-v1
elq1lv,B,ec8e606258bb1b8ee45706c25761bfe7a81bc8cdf940c703eae6bf444c036642,51f56df60c3d0de4532a08cc3ba3a1d511e9cd6b8c53bc926eab268767c80188,51f56df60c3d0de4532a08cc3ba3a1d511e9cd6b8c53bc926eab268767c80188,revised,4,2026-10-03T04:06:32.158464+00:00,False,ko-codex-v1
elvqnj,A,503cf2d63457084efb2f391f85f8c50138883c3ac88e09efc54728dbb581ac36,c442a093b8309616b773ddb382f37388e0e271b87f85d690af2c0db413497e64,c442a093b8309616b773ddb382f37388e0e271b87f85d690af2c0db413497e64,revised,2,2026-10-02T22:51:01.646260+00:00,False,ko-codex-v1
elvqnj,B,960b98302ec074ae54e31282ed1645952f695efb2d9aae9f105a47d70fc38e09,960b98302ec074ae54e31282ed1645952f695efb2d9aae9f105a47d70fc38e09,960b98302ec074ae54e31282ed1645952f695efb2d9aae9f105a47d70fc38e09,pass,0,2026-10-03T06:40:18.422457+00:00,False,ko-codex-v1
elz0vf,A,7f5e76ffe3b26a4dfe23d6a382b6d6ef2bbe96d620ac007ad418db56dd6c8d80,f05abd1668d61254a1782b78b87bd9270480b97ed382cc2082908705c6db73b2,f05abd1668d61254a1782b78b87bd9270480b97ed382cc2082908705c6db73b2,revised,3,2026-10-03T02:01:13.703582+00:00,False,ko-codex-v1
elz0vf,B,2247293e7898bface75131a7af59dc675ccc9c6e71eff4ddcd7ea62461dfe46f,94953432a09c99ef0f9c5af5031251fc7729e88e721f4761eaab3a2a42a83f5c,94953432a09c99ef0f9c5af5031251fc7729e88e721f4761eaab3a2a42a83f5c,revised,4,2026-10-03T00:46:16.345251+00:00,False,ko-codex-v1
em266s,A,0484d12c07b7ec460d48854f66f892e223977c8c39ace0e4ee931d48a48435fa,d8fa50bfa35b2017a4de99fe37ba6ab34ca51865cc25929c2bced3ebd39f9295,d8fa50bfa35b2017a4de99fe37ba6ab34ca51865cc25929c2bced3ebd39f9295,revised,5,2026-10-02T23:56:41.348394+00:00,False,ko-codex-v1
em266s,B,4cdd21a8d8183b72cd69d92c10042fdb486d2952ee6cc84e308be5b6255576b9,835143173e74f303a6d13aadab1343a031841af2e40bd389ef5630f6ac4ab3e9,835143173e74f303a6d13aadab1343a031841af2e40bd389ef5630f6ac4ab3e9,revised,2,2026-10-03T07:27:43.585643+00:00,False,ko-codex-v1
em3qbp,A,82c97d29675c9419b5ad688ca8be55ae6c3c7175c03ea705d6ab0e5e889ee2ec,e049e3c67ccd60e68d4527e55dda5494191d3e21914287f523c39a53aac6debb,e049e3c67ccd60e68d4527e55dda5494191d3e21914287f523c39a53aac6debb,revised,4,2026-10-03T08:25:42.622505+00:00,False,ko-codex-v1
em3qbp,B,e57d2ad73b1f5721ced3452057ebbe789315852276665873a1a11beea1d06986,a2b9888d9f087ce0a82d20a6351c031a3ac62ba566a87fc3a204c50b6e401838,a2b9888d9f087ce0a82d20a6351c031a3ac62ba566a87fc3a204c50b6e401838,revised,1,2026-10-03T06:07:45.985066+00:00,False,ko-codex-v1
ema3a3,A,cd565d914f3b257eee473e11e6e2eedb0e622b2765916792f1e59326c926eef0,a8ab87146e25e3d9fe5b6ee6bfe22518e9a18557f5da4ac022e4825a4c1d281c,a8ab87146e25e3d9fe5b6ee6bfe22518e9a18557f5da4ac022e4825a4c1d281c,revised,1,2026-10-02T23:21:29.305680+00:00,False,ko-codex-v1
ema3a3,B,34a58649cfd9e40ddef7720a0f518883043ba6af76f20625057e4016be5f2939,e58f0279ba17ab706f9cd1438a6d9c7e3c76a2c5c33bfd086c9acf8d24ce2f22,e58f0279ba17ab706f9cd1438a6d9c7e3c76a2c5c33bfd086c9acf8d24ce2f22,revised,1,2026-10-02T22:33:06.948914+00:00,False,ko-codex-v1
emc0rk,A,506e205febb45c2d6e4d81b31ec230bc2985f0f04d89a4a7a31a6d620691ef90,7f20ea65666863b2318a32f2828d24eb708e667325da6533a9835462b55d50e8,7f20ea65666863b2318a32f2828d24eb708e667325da6533a9835462b55d50e8,revised,5,2026-10-03T07:21:58.711400+00:00,False,ko-codex-v1
emc0rk,B,a979531b005ff90ec4ac1e4c84b14a0c8e2ee56eef2e0e586a3e18cf7701903e,3258721316cf1724a9d3d12314a1da9d66263cf6787613bc753d373f51e60eba,3258721316cf1724a9d3d12314a1da9d66263cf6787613bc753d373f51e60eba,revised,2,2026-10-02T22:45:00.764058+00:00,False,ko-codex-v1
emlqic,A,3fdd68363fa819ac10e767389ecc47a4f7320968f44e250a0d14a4ab35fba401,0d95ae95fd1f8eb8f14bcb9ffdef052fb6e6c0e25383e35bd05e309469f2bbea,0d95ae95fd1f8eb8f14bcb9ffdef052fb6e6c0e25383e35bd05e309469f2bbea,revised,5,2026-10-03T03:55:08.028936+00:00,False,ko-codex-v1
emlqic,B,5416fe49567b54f0f654cf67bd71ac9df1e4bc8f32334ca3f698eb377a20f439,7d4a050cd832b81135d3a1fcf170812b9e08abe372186dbd55ef1caa3be77269,7d4a050cd832b81135d3a1fcf170812b9e08abe372186dbd55ef1caa3be77269,revised,3,2026-10-02T21:55:25.357889+00:00,False,ko-codex-v1
emol4p,A,a5c561d1954b8e63b408129a018e2dbe547d4df4397794753657ff35abb72d6c,a5c561d1954b8e63b408129a018e2dbe547d4df4397794753657ff35abb72d6c,a5c561d1954b8e63b408129a018e2dbe547d4df4397794753657ff35abb72d6c,pass,0,2026-10-03T01:06:28.996730+00:00,False,ko-codex-v1
emol4p,B,d55c1757db67eae3950ac36ebf24f39c77bb6a1508176f2f53d31c1ac6d50255,23e57cd54fb4a7c6aef10a41ac2860a6237927d5d9db68efe0e86b7fd7f062b4,23e57cd54fb4a7c6aef10a41ac2860a6237927d5d9db68efe0e86b7fd7f062b4,revised,2,2026-10-03T11:08:59.573332+00:00,False,ko-codex-v1
emw2ij,A,0ef39c576ebad123b1d88d8de383e8e8f92f4f7f892d15d81a8c609a5e20f000,0ef39c576ebad123b1d88d8de383e8e8f92f4f7f892d15d81a8c609a5e20f000,0ef39c576ebad123b1d88d8de383e8e8f92f4f7f892d15d81a8c609a5e20f000,pass,0,2026-10-02T21:21:13.025542+00:00,False,ko-codex-v1
emw2ij,B,e3caa670c68f1599418770504dce8653a562a870bf6d3ff9e31005e65486a1c3,e3caa670c68f1599418770504dce8653a562a870bf6d3ff9e31005e65486a1c3,e3caa670c68f1599418770504dce8653a562a870bf6d3ff9e31005e65486a1c3,pass,0,2026-10-02T22:14:02.751275+00:00,False,ko-codex-v1
emze6y,A,2df64c217ee721c0ac13bbaef7002089eac72daca0d43fd712a57e142e7d4fbe,73788e75960a8d6494528b2e3538255c8f082e8d5046cdbd2fd4e911c3c53928,73788e75960a8d6494528b2e3538255c8f082e8d5046cdbd2fd4e911c3c53928,revised,3,2026-10-02T21:53:53.512121+00:00,False,ko-codex-v1
emze6y,B,e26087cb351ae42efc770e0402fa2829bd806af4f1c2be7a3d9f1622cd685d80,9c6282c3913c714363d188ae97632a1e3b5913474a4ccee2dda1226cdd688c8e,9c6282c3913c714363d188ae97632a1e3b5913474a4ccee2dda1226cdd688c8e,revised,4,2026-10-03T05:54:44.197000+00:00,False,ko-codex-v1
en8izq,A,6313586e02f71c883a7d0792d57d61abf8a0a99874b455b1e9e19966ed8dbbd3,6cafe347684aa65a9fa1f7e75feccec6d2ce5f7cfe3f157098a4c34fcab95089,6cafe347684aa65a9fa1f7e75feccec6d2ce5f7cfe3f157098a4c34fcab95089,revised,3,2026-10-03T05:09:21.067278+00:00,False,ko-codex-v1
en8izq,B,4d84c9c436855ec5e2db00b1257f321856cf3eb1088e9ab09c352713ac132b7a,0bbe6fc21ce4bdd17e2510f817a7fd4c3f7bba7cc9dab0b448fd9fc78f079aa4,0bbe6fc21ce4bdd17e2510f817a7fd4c3f7bba7cc9dab0b448fd9fc78f079aa4,revised,3,2026-10-03T05:08:04.307811+00:00,False,ko-codex-v1
endeku,A,aa61227d8686068eab3f3a6a0f36fe447e7ac34fb24d517decaeacc200207f52,4b3de124b3545376093674087726defea6dfa5a0f81712732583a935eda13670,4b3de124b3545376093674087726defea6dfa5a0f81712732583a935eda13670,revised,1,2026-10-03T01:41:30.104576+00:00,False,ko-codex-v1
endeku,B,2e9b5a5a3a1dea18a571b86421a493197ac2156337bbe40039c3f5c745f2abcf,2e9b5a5a3a1dea18a571b86421a493197ac2156337bbe40039c3f5c745f2abcf,2e9b5a5a3a1dea18a571b86421a493197ac2156337bbe40039c3f5c745f2abcf,pass,0,2026-10-03T11:03:48.392025+00:00,False,ko-codex-v1
ene11y,A,f7a6007df03d28a5ee1107f7b98fe05d095a715f9692342daa78d33f6a8a32c6,89976a7896d9616650baf9851a291a452ac0c0877682d828f9e63ab5abc0b18e,89976a7896d9616650baf9851a291a452ac0c0877682d828f9e63ab5abc0b18e,revised,2,2026-10-02T23:33:10.483856+00:00,False,ko-codex-v1
ene11y,B,5d260a03a421d98db1e4e8f3f686c2e7fb31395fec22c1eb9784b1e98fac2029,9fbb8ce2420b0a7d8a7fa0c518acaf02b4ad06f994bd70e79c0280cb5bd1dd0d,9fbb8ce2420b0a7d8a7fa0c518acaf02b4ad06f994bd70e79c0280cb5bd1dd0d,revised,2,2026-10-02T21:41:25.380332+00:00,False,ko-codex-v1
enfxrd,A,22e2391a8e4e2cc2de5866c23bac925b62dc3ecd0841f309a11b5a97639acc8f,222652b602e2b0b1eed9700c315588ab01488c599dd6c18e2d129b06cc569f5f,222652b602e2b0b1eed9700c315588ab01488c599dd6c18e2d129b06cc569f5f,revised,6,2026-10-03T02:08:10.355784+00:00,False,ko-codex-v1
enfxrd,B,85e1782ba9f446f4d36b3ea912b16145dba4aaa09a9b00157c65ad1bb485d7f3,85e1782ba9f446f4d36b3ea912b16145dba4aaa09a9b00157c65ad1bb485d7f3,85e1782ba9f446f4d36b3ea912b16145dba4aaa09a9b00157c65ad1bb485d7f3,pass,0,2026-10-03T04:29:28.732406+00:00,False,ko-codex-v1
enh8yk,A,f06e9e07a4caaaed81fe08dae165903a8a4851aef7a3edd48a62446dbb449b5f,063292015cdc360da4fcf685d897f66f3d082866fbc927fc8e97a3849cdbbf9f,063292015cdc360da4fcf685d897f66f3d082866fbc927fc8e97a3849cdbbf9f,revised,2,2026-10-03T02:49:31.000097+00:00,False,ko-codex-v1
enh8yk,B,e49dd5137768202128a5f02c361b81f46eb7102af4d2a8abe60d60142e5ac3e8,e49dd5137768202128a5f02c361b81f46eb7102af4d2a8abe60d60142e5ac3e8,e49dd5137768202128a5f02c361b81f46eb7102af4d2a8abe60d60142e5ac3e8,pass,0,2026-10-03T03:59:19.578169+00:00,False,ko-codex-v1
eni0t8,A,c8cffb4724c2eb74aa64e62cb8f40505d877e4bb7dd4c63da8ee9c2a982141ae,26ed34778723f938379421d4d1462810847c09d1626a372a31a445e3fcc6e66d,26ed34778723f938379421d4d1462810847c09d1626a372a31a445e3fcc6e66d,revised,7,2026-10-03T03:10:57.748768+00:00,False,ko-codex-v1
eni0t8,B,21b756cd676a680721e749c13b9fbf9809268775c0a2b94d4795842758ef8853,3706fe7bf630157f9a0052b29ba37442285690ba4608691da7095bfcd7663e42,3706fe7bf630157f9a0052b29ba37442285690ba4608691da7095bfcd7663e42,revised,5,2026-10-03T11:15:35.362291+00:00,False,ko-codex-v1
enj3ol,A,150345d7aa17c951ce98b3f06dba99b92382b2398491157ed0ae25346c7d1d02,6d2c8aa5dbc9ec00378d02e5d9466460b1a29d366832ab0c764b33ca203841a5,6d2c8aa5dbc9ec00378d02e5d9466460b1a29d366832ab0c764b33ca203841a5,revised,1,2026-10-03T02:14:20.514534+00:00,False,ko-codex-v1
enj3ol,B,f0c133532441753e4ec13dba9315ae1a34b18dad926367f82ed1db334814edea,f0c133532441753e4ec13dba9315ae1a34b18dad926367f82ed1db334814edea,f0c133532441753e4ec13dba9315ae1a34b18dad926367f82ed1db334814edea,pass,0,2026-10-02T23:08:18.608785+00:00,False,ko-codex-v1
enpywv,A,f14cdec463785b55019d9275b4674bd0f35f38d2d7473a649de3422a69fe26e1,0e6314bc38a4963449ebc682eb84763f7bd1fb30717662627694b3a360c08457,0e6314bc38a4963449ebc682eb84763f7bd1fb30717662627694b3a360c08457,revised,4,2026-10-03T07:29:18.737546+00:00,False,ko-codex-v1
enpywv,B,0ca1bad45a98d7b8ab7cb2b94e28b30676927bc25a53d41dc573b2840f9989a9,692134b82a5035e0803f1ecfa0d9583a029ba909789ac31287bcfb94a8f87e49,692134b82a5035e0803f1ecfa0d9583a029ba909789ac31287bcfb94a8f87e49,revised,2,2026-10-03T12:16:23.213673+00:00,False,ko-codex-v1
envdu3,A,45e2f21b2bcba0da3a61535078d29f2f8acf0dd2ea18550bee2fd568f1b56f0d,7e8adf1b2f2ec1bd11b9d804e08b4ab2566c69d1f621119c644857515c15a81f,7e8adf1b2f2ec1bd11b9d804e08b4ab2566c69d1f621119c644857515c15a81f,revised,1,2026-10-03T03:43:15.987686+00:00,False,ko-codex-v1
envdu3,B,0dc9be905310045c81476cef519b1d55a87f4f3260bb1030ddc2fbb7e3735463,5bb86088ac94ebd87e2964c484746b995e404d3dcddccdbdeb14199a1065f1f5,5bb86088ac94ebd87e2964c484746b995e404d3dcddccdbdeb14199a1065f1f5,revised,4,2026-10-03T06:29:35.691666+00:00,False,ko-codex-v1
envhyk,A,22476dfa7821b01de66bd3a6ac56f7e9255306d23de744b83e10e272eb32280c,fff256515e277e7eda5f52684ba4c347e30ce598ec68d006d4520ffb8eb6ecad,fff256515e277e7eda5f52684ba4c347e30ce598ec68d006d4520ffb8eb6ecad,revised,3,2026-10-03T04:01:09.414329+00:00,False,ko-codex-v1
envhyk,B,6922aabb04e56684e417037860dd4aae1c2c3d71faa9c863e277509920e6244d,6922aabb04e56684e417037860dd4aae1c2c3d71faa9c863e277509920e6244d,6922aabb04e56684e417037860dd4aae1c2c3d71faa9c863e277509920e6244d,pass,0,2026-10-02T22:02:21.631788+00:00,False,ko-codex-v1
enwia3,A,912f9ab86620affb9ee480056dbdab84c6c18530e9c8d6e399a57ec0cbf0698d,d0a9621f31fdae5eefba6a1d396643b4e7680d3b6ee9bc7d68aabeb8a3718a34,d0a9621f31fdae5eefba6a1d396643b4e7680d3b6ee9bc7d68aabeb8a3718a34,revised,1,2026-10-03T06:58:35.316571+00:00,False,ko-codex-v1
enwia3,B,38a3f5e5abd277d9bb2d7dcd5e4f2c2b46016a1cfec28fbf73e8354872f41a3c,38a3f5e5abd277d9bb2d7dcd5e4f2c2b46016a1cfec28fbf73e8354872f41a3c,38a3f5e5abd277d9bb2d7dcd5e4f2c2b46016a1cfec28fbf73e8354872f41a3c,pass,0,2026-10-03T08:01:53.269329+00:00,False,ko-codex-v1
eo1b8d,A,cd055955f79f9736ed9b585d0d2518327a62e9dfa6e37012f3ba20c571837f71,bd58d2806cfb7f1307c8a631c223732630bcfccd25efa42d2e44dca0beafa400,bd58d2806cfb7f1307c8a631c223732630bcfccd25efa42d2e44dca0beafa400,revised,4,2026-10-02T22:50:13.384839+00:00,False,ko-codex-v1
eo1b8d,B,268f13f06dfc23e53119468853c5bedbe8c563e9de9a544b92adb6b6726b3488,d26f4afc8777412ddb3e69bf96db11e52a82428fe542e6777905c4226ca53741,d26f4afc8777412ddb3e69bf96db11e52a82428fe542e6777905c4226ca53741,revised,2,2026-10-03T10:40:31.035395+00:00,False,ko-codex-v1
eob4xh,A,fa12ca314c47638f63d59e9642e39707ec95a6b2a97b20df073ef5884a0eb58e,fccaec653833bfa4dd74a56cb0d4e4d152d897fe6b12f5c8e887e4036099ef25,fccaec653833bfa4dd74a56cb0d4e4d152d897fe6b12f5c8e887e4036099ef25,revised,4,2026-10-03T06:45:07.388580+00:00,False,ko-codex-v1
eob4xh,B,2e778ec58b4c0f3f17574146f27614e56520dee50e693223ae93d24390adabfb,6b5254752fdf83b5f11c0cc23a4effc4b86fcbad405176b6c01228edf6c4d356,6b5254752fdf83b5f11c0cc23a4effc4b86fcbad405176b6c01228edf6c4d356,revised,4,2026-10-02T23:36:29.470856+00:00,False,ko-codex-v1
eodw8x,A,9dbfbaf81483df75cba411e1233d3cd99f930bc02580b6ddf1915f518fd5a34e,9dbfbaf81483df75cba411e1233d3cd99f930bc02580b6ddf1915f518fd5a34e,9dbfbaf81483df75cba411e1233d3cd99f930bc02580b6ddf1915f518fd5a34e,pass,0,2026-10-03T03:39:07.923816+00:00,False,ko-codex-v1
eodw8x,B,13541372e7eef63eac3ce72d1f9b9d9ad14bb1bb23a19412a8259da138e44499,db52cc99214e9285c2ebf0370d40baf0ad8b1633b62f1e519ced9a6420cb4319,db52cc99214e9285c2ebf0370d40baf0ad8b1633b62f1e519ced9a6420cb4319,revised,1,2026-10-03T03:41:21.164449+00:00,False,ko-codex-v1
eofgcq,A,2eb7c087056ea0b34023b1a7beb438cff453b824495fff1718584fba248be6cc,cee1271e9ba9e2f7f88444dcdb60ae4e7c30966117b2944fe9572ec7211fc1d9,cee1271e9ba9e2f7f88444dcdb60ae4e7c30966117b2944fe9572ec7211fc1d9,revised,4,2026-10-02T21:58:44.104259+00:00,False,ko-codex-v1
eofgcq,B,176ec9414824b0aa848ef65b7642694229cb560517b13c9a658c0f72403c9eb6,1f81f4fc985682cb395af85f8f8552d52632d9afa314b334ed45bcaeddd6bc12,1f81f4fc985682cb395af85f8f8552d52632d9afa314b334ed45bcaeddd6bc12,revised,3,2026-10-03T08:34:20.597256+00:00,False,ko-codex-v1
eoj08e,A,95552b25081823f878fc485bd6810fc3bed2cb914d4b1709fec0693c8a314288,6720296aef52c393bb337caa037fcd5f0440445a3311c05cfa1cfd7e9af13059,6720296aef52c393bb337caa037fcd5f0440445a3311c05cfa1cfd7e9af13059,revised,4,2026-10-02T21:15:05.982509+00:00,False,ko-codex-v1
eoj08e,B,1b67e496292d35a071c329767113d4bcc53f198263fc117784794ef8c5638419,73ef2c54abad13489704358988cc235d1816d6c4758a426e55b4f64f73c3230d,73ef2c54abad13489704358988cc235d1816d6c4758a426e55b4f64f73c3230d,revised,3,2026-10-03T02:55:33.897882+00:00,False,ko-codex-v1
eooa9k,A,1a717946ba5e239a2feacb93ade74d5d07d6a9402db084a107a07a0016d52efd,8e522db2d8e099cf9a3c2e42193cf396664bcf60ae9690d363151848bfe94ac4,8e522db2d8e099cf9a3c2e42193cf396664bcf60ae9690d363151848bfe94ac4,revised,3,2026-10-03T04:44:43.760308+00:00,False,ko-codex-v1
eooa9k,B,8e36685152ea997f77c7821206b1db5fb1598f58abfd2669542a00cd791ccf34,8d7b313758c90c76a5ac9f7e4fabf7b67eff8d2d4e2696ac3100b3f270ea000e,8d7b313758c90c76a5ac9f7e4fabf7b67eff8d2d4e2696ac3100b3f270ea000e,revised,5,2026-10-02T22:44:14.262624+00:00,False,ko-codex-v1
eootaw,A,2a77faccc5728c7d4c620a29d4d468f78b6524b2061a899bef60968f0e3926b0,2a77faccc5728c7d4c620a29d4d468f78b6524b2061a899bef60968f0e3926b0,2a77faccc5728c7d4c620a29d4d468f78b6524b2061a899bef60968f0e3926b0,pass,0,2026-10-03T11:54:29.867194+00:00,False,ko-codex-v1
eootaw,B,73501a841dd695a1a22509db364b49eca6a79665485984bf4e9641aa27d77157,73501a841dd695a1a22509db364b49eca6a79665485984bf4e9641aa27d77157,73501a841dd695a1a22509db364b49eca6a79665485984bf4e9641aa27d77157,pass,0,2026-10-02T22:37:57.468613+00:00,False,ko-codex-v1
eoscvm,A,4a10f4205ed136cba41d27d29ae2a99ab2e350968b2b0079a9ee6f6de4294262,245561cc9674e65a322b8632b167f7ba0e0822f131ae104914bd9c017f72d9ec,245561cc9674e65a322b8632b167f7ba0e0822f131ae104914bd9c017f72d9ec,revised,4,2026-10-03T05:16:54.840817+00:00,False,ko-codex-v1
eoscvm,B,ec4739413b4f31570d9eb4db9d95fea870298b9dcd388b19e0fd7c6b6d5ce3dd,4f029ccaeb99b940651d26abcc6775570b15e3ca36605d93d0627da13541d3e7,4f029ccaeb99b940651d26abcc6775570b15e3ca36605d93d0627da13541d3e7,revised,3,2026-10-03T06:08:10.246809+00:00,False,ko-codex-v1
eotz8u,A,dcd102d8cfac393fd11b94c901917ae00e51d7c1136c8bc071a2d1c31cc238fd,3918bc542451de34a03def7871c571162ca369094dbe8c4355221d300d98e456,3918bc542451de34a03def7871c571162ca369094dbe8c4355221d300d98e456,revised,1,2026-10-03T06:39:38.732969+00:00,False,ko-codex-v1
eotz8u,B,6609e13f31e6842d28a8ac125d900ec7345126a656d82e8f0d01d32c40855786,609ae12e6503e4abcfec791c4f445fa4ffaba01d024f35bd3dd3da3487932729,609ae12e6503e4abcfec791c4f445fa4ffaba01d024f35bd3dd3da3487932729,revised,3,2026-10-03T07:06:47.963081+00:00,False,ko-codex-v1
eoyuv9,A,1fa6e9b5b7de44563927c85d6b4aed750537a9d19ecb80fa9829bcef2ae1939d,a410b0347f880cc802ff6ea6b2f6c7fc2f74678cdf88fe86b49eb5802617af10,a410b0347f880cc802ff6ea6b2f6c7fc2f74678cdf88fe86b49eb5802617af10,revised,2,2026-10-03T10:56:40.240838+00:00,False,ko-codex-v1
eoyuv9,B,1c851fad86279bad9855be7812522441bd573e7b4e6de2357f8f8c28ebbe712f,efa9fbcaef4270f294d9ab73db0aa77a3a9364af0b7c50c3e80f4f49b3ecdfeb,efa9fbcaef4270f294d9ab73db0aa77a3a9364af0b7c50c3e80f4f49b3ecdfeb,revised,1,2026-10-03T10:47:44.194179+00:00,False,ko-codex-v1
eoz02d,A,d89fd235259c8a7755a9e8a7a58be124d75d497beb215db74b6028d759a8a15a,14c1b680da1658e224aea5e5a717b379bd6eb80423e5f93625d621ea5125f3b9,14c1b680da1658e224aea5e5a717b379bd6eb80423e5f93625d621ea5125f3b9,revised,3,2026-10-02T21:38:23.710932+00:00,False,ko-codex-v1
eoz02d,B,15b13a39bb15805e7290dede4ffe0ee90218b1eff407ffd5790d7d746405f83e,44a5db13f864c2e3363c93a73c4745fc3c1e222b86ee959925ca6d7c18425961,44a5db13f864c2e3363c93a73c4745fc3c1e222b86ee959925ca6d7c18425961,revised,5,2026-10-03T11:29:16.798577+00:00,False,ko-codex-v1
ep7l0m,A,0f381d30b57480dea664c2228b02fbf01a491317cfbe87472da2e3df4f30e9e1,65efd415db3d5ce4caddf1e73182bdb751b6af8398d83799e633e533eb7a3112,65efd415db3d5ce4caddf1e73182bdb751b6af8398d83799e633e533eb7a3112,revised,5,2026-10-03T06:57:42.002331+00:00,False,ko-codex-v1
ep7l0m,B,e897bdfe9b36d2568c220b227ab88b87ca31f9ed466f8c76d103d5655c3e13d7,bf85ba67139185de6f7df71b7b58d9a391cf7310da2c2f3dc2a103278c6ca767,bf85ba67139185de6f7df71b7b58d9a391cf7310da2c2f3dc2a103278c6ca767,revised,1,2026-10-02T23:28:58.556707+00:00,False,ko-codex-v1
ep9yr9,A,c9c0ab809ce8e23fa98998e97830e9ce97fd2592a38691ace85acb6231b2fa19,665db1686c470823d6fb2776a85065ef961e04963e34e48bc9c96073b3025d4f,665db1686c470823d6fb2776a85065ef961e04963e34e48bc9c96073b3025d4f,revised,5,2026-10-02T21:24:40.550757+00:00,False,ko-codex-v1
ep9yr9,B,45a4b4af6a70c1578158567b2af8e8cf87b6563961fc417f697507b2a58bd09b,4a0a2ad59fc742425da785cc8a8555d6f1d00dd6be4f2365a762a05b6a8d4af4,4a0a2ad59fc742425da785cc8a8555d6f1d00dd6be4f2365a762a05b6a8d4af4,revised,2,2026-10-03T05:28:05.779312+00:00,False,ko-codex-v1
epato6,A,af1bec6791b423c9bfc178ead12f94542b1a9ab68818ccdbbb1ed72b9a597c21,7bb7ceab11955d665b15fccb0ee5131a25fbdd997050b363d4f86c7acb161e7d,7bb7ceab11955d665b15fccb0ee5131a25fbdd997050b363d4f86c7acb161e7d,revised,1,2026-10-02T23:34:23.670123+00:00,False,ko-codex-v1
epato6,B,1b8e9771e43f58060d01a8fe1e63b77892173b5f1990860b4c6e2aa831978aa0,4e5f4549aad87d6abfe141c0ac14467544499d2fa250c92d0cc1ad66896005a4,4e5f4549aad87d6abfe141c0ac14467544499d2fa250c92d0cc1ad66896005a4,revised,3,2026-10-03T04:10:51.188977+00:00,False,ko-codex-v1
epkktk,A,68a3b4837ba95b63c9c18b1e0b2d970a1514f9a308af91f6109eeb6a46c6cbf5,6d938b5781b4d9c0c6e9333e855c0d30f1372f514bd3efdad6fd7e89b7175ecb,6d938b5781b4d9c0c6e9333e855c0d30f1372f514bd3efdad6fd7e89b7175ecb,revised,3,2026-10-03T06:36:48.712013+00:00,False,ko-codex-v1
epkktk,B,4cc02685ab56f9ea7661621a2e2337dd011784bb700230b0af2d1795b0c36029,6f51b9c53ee6e8b411de06278d7c1fc9a462c1301cc088564dc6b2f101c998ff,6f51b9c53ee6e8b411de06278d7c1fc9a462c1301cc088564dc6b2f101c998ff,revised,2,2026-10-03T00:16:36.284233+00:00,False,ko-codex-v1
eq0069,A,0e0c742065b0d79cae71b5285cc9b223ad785bdb38d9dc6f2294afdb0bcf2861,0fb29280a9f8897e485c92490d376cbf0e3089e8f4643698f0e09144c6be578a,0fb29280a9f8897e485c92490d376cbf0e3089e8f4643698f0e09144c6be578a,revised,1,2026-10-03T08:19:45.968339+00:00,False,ko-codex-v1
eq0069,B,253e3ce66d378076234f039daa03c065856fbaec847bf5c56aecdbbdc394f731,aac13f5ffd5e6399dc465c5d8aea62a3bc655d845ca47f9bfe52c5e7cbb64b18,aac13f5ffd5e6399dc465c5d8aea62a3bc655d845ca47f9bfe52c5e7cbb64b18,revised,3,2026-10-03T11:09:34.930425+00:00,False,ko-codex-v1
eq30i6,A,5a95d551e24b55808b8c069fbce0a709b18f9320e5136e59a2df66f644ca8747,93bb64ac34bd17b5a7f9e83de35c5f4a3bf246acb38944e8debb43e92f1b492c,93bb64ac34bd17b5a7f9e83de35c5f4a3bf246acb38944e8debb43e92f1b492c,revised,1,2026-10-02T23:57:28.879199+00:00,False,ko-codex-v1
eq30i6,B,22bd7ba7b3a1cfdbe5a5a34e93284b44af8d1cd8af9fdd5ae071c4876c6cdd6c,22bd7ba7b3a1cfdbe5a5a34e93284b44af8d1cd8af9fdd5ae071c4876c6cdd6c,22bd7ba7b3a1cfdbe5a5a34e93284b44af8d1cd8af9fdd5ae071c4876c6cdd6c,pass,0,2026-10-03T03:06:14.933482+00:00,False,ko-codex-v1
eq3l2r,A,77a58dc52419ba6a5cf937f0dc239f5aeae871ea561902f22e0328a2b2084202,544031d63d11c09a3126d598a2ed1834526604c81a7c1b2efd6c4b194016dafe,544031d63d11c09a3126d598a2ed1834526604c81a7c1b2efd6c4b194016dafe,revised,3,2026-10-03T01:21:55.941343+00:00,False,ko-codex-v1
eq3l2r,B,3aa3997cb58515a97a94b80e808465098a01bb796a898ce4a249ffdc3b910872,3aa3997cb58515a97a94b80e808465098a01bb796a898ce4a249ffdc3b910872,3aa3997cb58515a97a94b80e808465098a01bb796a898ce4a249ffdc3b910872,pass,0,2026-10-03T07:14:51.850263+00:00,False,ko-codex-v1
eq7ba4,A,e50e761e18c537203a832be0fecd275eecf8c4f0a87000c63e914213bc55e4cf,e2b8661d58fee0b2f29ca4b99cc071e6d131037b09184421f06304906a431d56,e2b8661d58fee0b2f29ca4b99cc071e6d131037b09184421f06304906a431d56,revised,6,2026-10-03T10:48:07.378492+00:00,False,ko-codex-v1
eq7ba4,B,e86ef1bd3b144656c09b8ceffff454bec130e3763d7db8abff7a34d52448cff5,66a77103eb1e7664f50d40ba4f16862ac5013c336476c88f692c2121621537b5,66a77103eb1e7664f50d40ba4f16862ac5013c336476c88f692c2121621537b5,revised,1,2026-10-03T04:33:49.641805+00:00,False,ko-codex-v1
eqb23f,A,62ea6075630883003c009a173c98a3ea24845b5f4d4881c1fb88958f9b222c71,62ea6075630883003c009a173c98a3ea24845b5f4d4881c1fb88958f9b222c71,62ea6075630883003c009a173c98a3ea24845b5f4d4881c1fb88958f9b222c71,pass,0,2026-10-03T04:55:52.919507+00:00,False,ko-codex-v1
eqb23f,B,2875a3ed1da2114134df745e5d262822b9ec40ffb223dbb9f6f7e97a0c16cc70,c9148439660f96d08a3abe243fe48edbe918ae16529c277e867c530791b638ab,c9148439660f96d08a3abe243fe48edbe918ae16529c277e867c530791b638ab,revised,5,2026-10-03T08:44:36.019028+00:00,False,ko-codex-v1
eqf1fa,A,67ab99c3626894a0256a98ad6ad57b11061fedf27705c0f86e4c307b38f7c04e,6dfdc643c08d6df9af8ed2bdcc7afee0c4cfcb8672eb8bbd14bfd328f9a4e191,6dfdc643c08d6df9af8ed2bdcc7afee0c4cfcb8672eb8bbd14bfd328f9a4e191,revised,1,2026-10-03T02:44:47.907485+00:00,False,ko-codex-v1
eqf1fa,B,d26d4b0a6325db0c8222dc8602b25ae79f32b3d75fd39788c4aff2eacc9656ba,91e6267a65022778aa646e76898e6eb479f068b555eab435da8f9ddc39284958,91e6267a65022778aa646e76898e6eb479f068b555eab435da8f9ddc39284958,revised,1,2026-10-03T11:18:31.884946+00:00,False,ko-codex-v1
eqiy1p,A,c36ca71955f88c2e3f93dbfe353b2ef1463e419e3ab415974af7cbc6ccc3cfd2,c36ca71955f88c2e3f93dbfe353b2ef1463e419e3ab415974af7cbc6ccc3cfd2,c36ca71955f88c2e3f93dbfe353b2ef1463e419e3ab415974af7cbc6ccc3cfd2,pass,0,2026-10-03T12:20:46.626420+00:00,False,ko-codex-v1
eqiy1p,B,14f55022be9b860677c93972d582a6e5b82bc252270df9009716800e778dab01,ee178d283d26522e98b5c1296950f21dde5c35c2dc0f052baa417fb0353069d9,ee178d283d26522e98b5c1296950f21dde5c35c2dc0f052baa417fb0353069d9,revised,1,2026-10-03T01:05:37.764003+00:00,False,ko-codex-v1
eqkkjg,A,88a6354e8c93d31c0673a8da93f436846d3fa3f45c90ad8e4ce32b2bb9503b6f,e6387fd04e3537fdfc4cf1258b90c6281900aa99d61bd1098146b16f51690d80,e6387fd04e3537fdfc4cf1258b90c6281900aa99d61bd1098146b16f51690d80,revised,6,2026-10-02T21:40:57.555004+00:00,False,ko-codex-v1
eqkkjg,B,71c542f80f563c86ee222c371d3f0be7c8d80ba7a800666fdbbee7693b542f3d,f41d959bfb7280dfea0b06e3643af261cb2c4853981af006dc5bdc5c0794f819,f41d959bfb7280dfea0b06e3643af261cb2c4853981af006dc5bdc5c0794f819,revised,4,2026-10-03T11:34:45.468017+00:00,False,ko-codex-v1
eqtu7l,A,fe13403263800f6037388f060e0d9e6beff15f5ae259b4a8e218be06bd64f6f4,8b4589335185301f03639fb93675510ce86bc7b12bc718a29f8eb7623b5b48d5,8b4589335185301f03639fb93675510ce86bc7b12bc718a29f8eb7623b5b48d5,revised,3,2026-10-02T23:29:55.666901+00:00,False,ko-codex-v1
eqtu7l,B,a309837151459710aeee8caf3dfbdd931f5cad9ece51fbe244bf93535b7ffddc,ba70826e274bdc80019440e506e38e429b856c7c985388198f395560dea73e40,ba70826e274bdc80019440e506e38e429b856c7c985388198f395560dea73e40,revised,7,2026-10-03T12:07:12.327797+00:00,False,ko-codex-v1
equy1m,A,679d4b275f181b831744927f4d3c02657b76b90370a6b2636e098798b62b4475,9138fa88d29ea9876f1bd90d0459a8db8dc38114baee7f2c4ec21b2a162f52f1,9138fa88d29ea9876f1bd90d0459a8db8dc38114baee7f2c4ec21b2a162f52f1,revised,2,2026-10-02T23:14:13.094060+00:00,False,ko-codex-v1
equy1m,B,08b16eed1dd641e9a511e08f50a9d75a3adb318bc3397e5f73a8564f2af54668,6d2c8f9ffb132c2c7624665aaa162c6552128b8a485ba90026b3b3e2d29ff808,6d2c8f9ffb132c2c7624665aaa162c6552128b8a485ba90026b3b3e2d29ff808,revised,2,2026-10-02T22:57:25.933120+00:00,False,ko-codex-v1
eqwh9w,A,54497c9c6a58f7b77cf63085f5a61025b79990f674369894f68f86641bfb3ccd,64c032b04a5732c353324e43c28621f64298513f7b9ce6bf19e8c9195b45dbc5,64c032b04a5732c353324e43c28621f64298513f7b9ce6bf19e8c9195b45dbc5,revised,4,2026-10-03T00:21:26.361666+00:00,False,ko-codex-v1
eqwh9w,B,24309f19e8045ed145fd4f5a4a61cce2bf8ae3bf7d71c619a0f4e2d54797e9e2,91b117ed87dfd9eb45d2d9d9aae5875d8f366f7c53ec10bff48fd46e0ec0eafc,91b117ed87dfd9eb45d2d9d9aae5875d8f366f7c53ec10bff48fd46e0ec0eafc,revised,3,2026-10-03T04:35:50.172221+00:00,False,ko-codex-v1
er3q9v,A,f5e5ee2a616aabaa028670cb1f5152cf01c5da5df06d76de0b5504306f350e63,b9da64e42593bfd17ca1a27e6924067262c01db7fbde41be6b8a5192874fbc69,b9da64e42593bfd17ca1a27e6924067262c01db7fbde41be6b8a5192874fbc69,revised,1,2026-10-03T11:09:58.008115+00:00,False,ko-codex-v1
er3q9v,B,6cf9bc39c17749e2605ed330c55122e0b78e7f721380b4fa1b0b403b1798f78a,6cf9bc39c17749e2605ed330c55122e0b78e7f721380b4fa1b0b403b1798f78a,6cf9bc39c17749e2605ed330c55122e0b78e7f721380b4fa1b0b403b1798f78a,pass,0,2026-10-03T07:36:53.046346+00:00,False,ko-codex-v1
ergc1h,A,71aae7158f0f4f928b5827f7d7e006fff6576b0b8ed14e51bb4fa8ea57982952,fb34f1398a47761fda3a09b1bfb9535fcab61c83b2c40bcf6e412f62437b3491,fb34f1398a47761fda3a09b1bfb9535fcab61c83b2c40bcf6e412f62437b3491,revised,3,2026-10-03T03:20:00.838823+00:00,False,ko-codex-v1
ergc1h,B,c3f9665552e553219deefaf881f23a9ff46bc9fda17b0996babfd2d9cbeb4305,c3f9665552e553219deefaf881f23a9ff46bc9fda17b0996babfd2d9cbeb4305,c3f9665552e553219deefaf881f23a9ff46bc9fda17b0996babfd2d9cbeb4305,pass,0,2026-10-03T01:32:02.442405+00:00,False,ko-codex-v1
erlu6t,A,a505c8b118003e6828e98368a8fe23d2b3a235154e8ad26ba1fca39ead98e0f4,f793eaa6e39455f9e4432137e71ee29c29a146a24525663060cab4bd4cf9e63f,f793eaa6e39455f9e4432137e71ee29c29a146a24525663060cab4bd4cf9e63f,revised,2,2026-10-03T06:27:14.527417+00:00,False,ko-codex-v1
erlu6t,B,c385be2da72c22588b9c11319e590bdc6f655f0b4988ed777a0eb1b6537eb081,c385be2da72c22588b9c11319e590bdc6f655f0b4988ed777a0eb1b6537eb081,c385be2da72c22588b9c11319e590bdc6f655f0b4988ed777a0eb1b6537eb081,pass,0,2026-10-02T21:10:20.196134+00:00,False,ko-codex-v1
ero44o,A,7f71bb9bc3cc6b1c12cb09236e8717633b4ede26857e8e788eb5c60cafc27cf9,828452501379d3cab417b0578d157bd884328c771f59faa02f0f0378d430e31b,828452501379d3cab417b0578d157bd884328c771f59faa02f0f0378d430e31b,revised,5,2026-10-03T03:21:48.559485+00:00,False,ko-codex-v1
ero44o,B,023f0edd1d7ee11595abc40e24c659b25099a5b54c5763dbd2b1ff3ef2df77dc,0f059937aeb1290b561cc60ea84cac7da5dfeee554145e6899ae9cc4fe4ed113,0f059937aeb1290b561cc60ea84cac7da5dfeee554145e6899ae9cc4fe4ed113,revised,1,2026-10-02T23:46:58.179426+00:00,False,ko-codex-v1
eroagx,A,bfffe897ff246a1ff3ed1055d3ace706891a70254f148f97fcde82ae0b1f8b37,95968b705d2e5497f00ced790534542b621cee83a5fe4e32641298505ef47b90,95968b705d2e5497f00ced790534542b621cee83a5fe4e32641298505ef47b90,revised,4,2026-10-03T08:25:06.160065+00:00,False,ko-codex-v1
eroagx,B,77d5c31b1ffb64b9bb075b44f71fac1fec0a3f9cd1e7363dc0a41c4a6716c213,2cf0ef46b416ebea8a4dad01eb2bea3e9029a04e4124cec936b74292c5b258c1,2cf0ef46b416ebea8a4dad01eb2bea3e9029a04e4124cec936b74292c5b258c1,revised,2,2026-10-02T21:13:29.520525+00:00,False,ko-codex-v1
errpxw,A,d2f915254a6e71adcfc6e19d9216a9f5a440b085031fc808097d16407675760e,85ee3ae18f70600ac3ff98fa5a47aa6256116c5994e04d289bb8a26b23da29cf,85ee3ae18f70600ac3ff98fa5a47aa6256116c5994e04d289bb8a26b23da29cf,revised,1,2026-10-02T21:44:33.193476+00:00,False,ko-codex-v1
errpxw,B,89d788af90f6e15e0f4839f67e2e4552a1595480f0bc1589f27e490c6fbd091e,959af729fc047ca7a4932e0f7d5058f2c06b9ebd301eb3b7180d26614af7e544,959af729fc047ca7a4932e0f7d5058f2c06b9ebd301eb3b7180d26614af7e544,revised,1,2026-10-03T08:12:56.522274+00:00,False,ko-codex-v1
erts5y,A,743cd80b7cb2ff141e778ab5d18ab5d7ffbcbfe20f9279db027abe9810640372,4b736558c2cce896b2ec210b515591dad7f868f3260f887409e7ff25ffdbc4c6,4b736558c2cce896b2ec210b515591dad7f868f3260f887409e7ff25ffdbc4c6,revised,2,2026-10-03T03:11:48.562287+00:00,False,ko-codex-v1
erts5y,B,f2bb785c11c3948018c94df7e480f94cd2a11513c32bea6430cd22a8d9cd08e6,f2bb785c11c3948018c94df7e480f94cd2a11513c32bea6430cd22a8d9cd08e6,f2bb785c11c3948018c94df7e480f94cd2a11513c32bea6430cd22a8d9cd08e6,pass,0,2026-10-03T01:25:54.007306+00:00,False,ko-codex-v1
erwwyx,A,6ff5b91235fa91b7ea52ac656a422250cc1b1cfb39194d0455a02efeb2f781d4,6ff5b91235fa91b7ea52ac656a422250cc1b1cfb39194d0455a02efeb2f781d4,6ff5b91235fa91b7ea52ac656a422250cc1b1cfb39194d0455a02efeb2f781d4,pass,0,2026-10-03T01:54:36.287818+00:00,False,ko-codex-v1
erwwyx,B,67b8e62cc2a3cda319dec38a290db9ad405c9df16f7a1c79bb1c17da89a2d983,67b8e62cc2a3cda319dec38a290db9ad405c9df16f7a1c79bb1c17da89a2d983,67b8e62cc2a3cda319dec38a290db9ad405c9df16f7a1c79bb1c17da89a2d983,pass,0,2026-10-02T22:00:16.349915+00:00,False,ko-codex-v1
eryzs6,A,517924e511f1b04f9a95f02f8dad9e76c358b3e8cc203ca198a8f880b73ec98a,2b5489cadb3f1e57514f28a0a60502118481aecd736acab4e46a578e2d197e5f,2b5489cadb3f1e57514f28a0a60502118481aecd736acab4e46a578e2d197e5f,revised,2,2026-10-03T02:01:59.765243+00:00,False,ko-codex-v1
eryzs6,B,ae040d82dd6144a47ba2c580856ffd9fdf003c0c75d5b034f1656a7265cbddda,3b20fd395c20b4cf83a76fb04349e995dc84498ff1a5ba7eb8f594974c21621f,3b20fd395c20b4cf83a76fb04349e995dc84498ff1a5ba7eb8f594974c21621f,revised,3,2026-10-03T01:26:26.303302+00:00,False,ko-codex-v1
es0iog,A,b7fa525a5dc2197aa8f9d75e470d8c0589154c549fc384350c6bb5e31ac9cc7b,2d6919e2d36662c707ca5b3444978671328b7668a12310ef1d957f3742b20ef5,2d6919e2d36662c707ca5b3444978671328b7668a12310ef1d957f3742b20ef5,revised,4,2026-10-03T05:24:21.146407+00:00,False,ko-codex-v1
es0iog,B,7ef4440286a98bc2ed14e9d8ea8614be438ee9e58c930424d2f3cae4a2fc2dba,82e67bc7a19158679d2b3eb6da5a28d838a44e72cce0aecacabfae68f45a6acb,82e67bc7a19158679d2b3eb6da5a28d838a44e72cce0aecacabfae68f45a6acb,revised,3,2026-10-02T23:48:44.018645+00:00,False,ko-codex-v1
es4d40,A,2662948e8252ab21bbeebe9a959ce76077ffad895eaa227eba8b513eb414bd64,2f3d01c9577b2302f6dd78a729af2813c6551c5426554f4acc55eaf399c5b376,2f3d01c9577b2302f6dd78a729af2813c6551c5426554f4acc55eaf399c5b376,revised,4,2026-10-03T01:21:55.334450+00:00,False,ko-codex-v1
es4d40,B,120e0edfc8fd79e76d41dbdaf569054ca56e7d1e4d1f07943487890327c7a499,1fa5738f3abd36b9b58af5d4e0d3459709e22b77bc472022047052e0c1625442,1fa5738f3abd36b9b58af5d4e0d3459709e22b77bc472022047052e0c1625442,revised,1,2026-10-02T21:23:53.449190+00:00,False,ko-codex-v1
es6oiz,A,e8e1c00b1104f309ea896a0bccfc4a45dc50085ced8e5224f5c7b00c152fb659,674c1cbf46e9a51593d9b09c0a95227f09206e514ba092449ae69525b669a324,674c1cbf46e9a51593d9b09c0a95227f09206e514ba092449ae69525b669a324,revised,4,2026-10-02T21:42:50.898938+00:00,False,ko-codex-v1
es6oiz,B,3593b5ff33e2210f73dced6ab1eaa22664cdf600b91043e35b08db29abb8da15,3c051a5d0f33517aaf7b9de29c9cfa158fd2a73fdead25f00797536c5ba1a6ac,3c051a5d0f33517aaf7b9de29c9cfa158fd2a73fdead25f00797536c5ba1a6ac,revised,4,2026-10-03T05:43:49.455168+00:00,False,ko-codex-v1
es729w,A,1fa0b9248f6c22daecef1d7763ce302bc114792a7efdf23fd27a386ac81bf59a,46fac5f17ebb340b6b37d339b06a0a5b98a7812e07cd50d6e4196874263db528,46fac5f17ebb340b6b37d339b06a0a5b98a7812e07cd50d6e4196874263db528,revised,2,2026-10-03T02:35:00.196434+00:00,False,ko-codex-v1
es729w,B,4fc634007f16374fe4155e880702eb438d2baef4194810572271f5e8fb6fcebb,a9cf8229d92947f4e5c1c3ab2f02209e78a588cab6d3c70e1ef8638b56c24027,a9cf8229d92947f4e5c1c3ab2f02209e78a588cab6d3c70e1ef8638b56c24027,revised,4,2026-10-03T03:59:49.804850+00:00,False,ko-codex-v1
esbm63,A,930baf222ecc51a1f634c1d43dfb1bfeca6253315b6691b0f259c4b2e34fb7a4,990e1a01ae5e61371fae67d7502cdab73755d50dcb6ef2106e372e87f4b09dd5,990e1a01ae5e61371fae67d7502cdab73755d50dcb6ef2106e372e87f4b09dd5,revised,4,2026-10-03T02:51:45.878955+00:00,False,ko-codex-v1
esbm63,B,96e562b6b5c803eaddb6b4ea7e0e32e77cacf02af8a942098d22d6ed8478c444,73770e635e5f7ea0a4c078e6bdca73ead0b94f1ec4a30a3baae2511e9d395aac,73770e635e5f7ea0a4c078e6bdca73ead0b94f1ec4a30a3baae2511e9d395aac,revised,2,2026-10-03T04:00:42.782470+00:00,False,ko-codex-v1
esj52v,A,7bc8fab22992ac89e8f1c7ca9dd27ffd7705bb6bcd2fcb690a63a208c1bb4038,6d5972b34ea048fd04ff11f92c02cb81de81af391e2cf3f48113c7039d4741a5,6d5972b34ea048fd04ff11f92c02cb81de81af391e2cf3f48113c7039d4741a5,revised,3,2026-10-03T03:47:59.928426+00:00,False,ko-codex-v1
esj52v,B,6d66224fa048ca4a99279ce2feb86f551e4a65bf97a986cec1ae17ba120bd487,0ce39c42f5a008156d0353c94aaa8e2ed74c757d836a46fc23a6f92a7a800d62,0ce39c42f5a008156d0353c94aaa8e2ed74c757d836a46fc23a6f92a7a800d62,revised,4,2026-10-02T22:11:11.942479+00:00,False,ko-codex-v1
esmfi4,A,09eff80b07f6379c8d59700c740a6601d8d45c82f05a0fe722d93c8f45de49af,aa75b147c8b218bb0bcfaa7d8db427e04e97a255e5cb8441aac985934c521c8e,aa75b147c8b218bb0bcfaa7d8db427e04e97a255e5cb8441aac985934c521c8e,revised,3,2026-10-03T02:13:41.982860+00:00,False,ko-codex-v1
esmfi4,B,67dbe89dba9b56f8d1ef389b9275ae27f9a46cbaad28984a92878cbbbcf2370e,243743acae5b283626d23fe19cc944c87982c7ef7e4677f84e4f2e0375266995,243743acae5b283626d23fe19cc944c87982c7ef7e4677f84e4f2e0375266995,revised,2,2026-10-03T02:53:07.259987+00:00,False,ko-codex-v1
esv4im,A,45d4f06bca0980b6ec3fa3ff44f8777ddba69ef4b404ec34b78c845979b32395,e9afb552693b90096861bb54ea8bd684c117db92031bb0fc659c9ae2eec51fbb,e9afb552693b90096861bb54ea8bd684c117db92031bb0fc659c9ae2eec51fbb,revised,3,2026-10-03T00:58:21.979975+00:00,False,ko-codex-v1
esv4im,B,eea3b9c76c761bd31e7dc5e644d802047639dcd4ed814d982764c5be6140c0da,12efe4760b9bda3822139ffb553b4ab660b3f3390c38ccdbd08c47168207ca3e,12efe4760b9bda3822139ffb553b4ab660b3f3390c38ccdbd08c47168207ca3e,revised,1,2026-10-03T07:13:36.109128+00:00,False,ko-codex-v1
eswbsc,A,5293690fb3464a6c8d0720a55084178a21be33e9e4b5cd2002406f45c4ad1c99,9ce8a22f35a5532f908b755f00475e95972cea18946311cad054a7f64257b10d,9ce8a22f35a5532f908b755f00475e95972cea18946311cad054a7f64257b10d,revised,2,2026-10-02T22:38:13.811514+00:00,False,ko-codex-v1
eswbsc,B,b0eeae64486e67b56535e5e08e213874dbc96c56500ec20aa25b55c66a422478,f0eda542a360e988dd4b95bcbe61aa5e701c0bd3d2ada80eda2092412867f795,f0eda542a360e988dd4b95bcbe61aa5e701c0bd3d2ada80eda2092412867f795,revised,1,2026-10-03T04:36:50.501313+00:00,False,ko-codex-v1
et4z4a,A,09137393dbc5e1be24904bdc5037528154be3247eeb4048829ea73ab8fcc1f05,805efd22c3567478f66635e6920a86335bfd10aab0a483507434103351289632,805efd22c3567478f66635e6920a86335bfd10aab0a483507434103351289632,revised,1,2026-10-03T07:34:15.390883+00:00,False,ko-codex-v1
et4z4a,B,dc1c58c5bbe08a24038b229e19affa90d7eb4c9b3bd60273c2469ce4e0c3d757,dc1c58c5bbe08a24038b229e19affa90d7eb4c9b3bd60273c2469ce4e0c3d757,dc1c58c5bbe08a24038b229e19affa90d7eb4c9b3bd60273c2469ce4e0c3d757,pass,0,2026-10-03T05:24:27.782662+00:00,False,ko-codex-v1
et8mnf,A,a565ecb843840010e54ce21f3809fa4643eb46859dede9e905c2ee888bc19134,b22ac3ed22154d9dc698cb90df1cdb98007d254a1f7bb96cc39bbb89544ff48f,b22ac3ed22154d9dc698cb90df1cdb98007d254a1f7bb96cc39bbb89544ff48f,revised,3,2026-10-02T21:05:38.670385+00:00,False,ko-codex-v1
et8mnf,B,337069875ce7cf6a99c0599f17aae77d1ffb710e0a37307ae1c9bce60ac0067f,3b6ed400d6acf817e3ed3b6e0f3d80aa60dd03be498c9d9378e0f77ce1e4017f,3b6ed400d6acf817e3ed3b6e0f3d80aa60dd03be498c9d9378e0f77ce1e4017f,revised,3,2026-10-03T11:23:38.262543+00:00,False,ko-codex-v1
etbogh,A,2648739cf5d796923707cb5d6b1ad4169a925c9b3a17c2cc119a5ffe4bcafeb6,ea526e7b10379b38bd739c4b971b6013fc346d4db92ad419772567e31babc301,ea526e7b10379b38bd739c4b971b6013fc346d4db92ad419772567e31babc301,revised,1,2026-10-03T00:39:59.704255+00:00,False,ko-codex-v1
etbogh,B,b6b373a101b0192bfadc72d4bfbd30201d0bc6a3b13d982b5e7e2044e2d27d30,3c700e89760cd6de53fbbefc171da1b2e666d8cfdfb18b8171bd73573bd1b069,3c700e89760cd6de53fbbefc171da1b2e666d8cfdfb18b8171bd73573bd1b069,revised,1,2026-10-03T01:26:41.775039+00:00,False,ko-codex-v1
etgj25,A,2489f35475bf28e434c25fd748a458bf11e666bd08f318eb1e536a881d9ffb51,2489f35475bf28e434c25fd748a458bf11e666bd08f318eb1e536a881d9ffb51,2489f35475bf28e434c25fd748a458bf11e666bd08f318eb1e536a881d9ffb51,pass,0,2026-10-03T11:38:25.695744+00:00,False,ko-codex-v1
etgj25,B,68ce639385708d7a40b333777f4ea05ff926303f63145fe8eb1066d34b871bf9,f0253c15f21d6e94c025227e53e558efe1f2a04317028c39bf43dcd9b79692f6,f0253c15f21d6e94c025227e53e558efe1f2a04317028c39bf43dcd9b79692f6,revised,3,2026-10-03T10:47:06.581238+00:00,False,ko-codex-v1
etgtnf,A,bf802a5cca340ff22856903fae30b69b2973b6adde368c68128a4dfe7c45520f,38f05f70795ba9674714a78b89762f457913cbe49f9ba9cc17e076842d3d1c61,38f05f70795ba9674714a78b89762f457913cbe49f9ba9cc17e076842d3d1c61,revised,1,2026-10-03T11:49:20.883714+00:00,False,ko-codex-v1
etgtnf,B,7d338e6d0df638d6b3020a73624b36d4c5c4a5efc817c574857258807eaefb82,12e0af48e8478fa7b06efe1831c02ae64ed8964e8e606723d0140d18d548281f,12e0af48e8478fa7b06efe1831c02ae64ed8964e8e606723d0140d18d548281f,revised,3,2026-10-03T11:20:22.037616+00:00,False,ko-codex-v1
etj4ue,A,8a669eb3d79e7d9fa3f063267d1958d184eb785f1e624fa508ab9a9afc9f43fd,d36c75382685d505320ce9179819259fcab03c0312a21d0bddeee921daad92db,d36c75382685d505320ce9179819259fcab03c0312a21d0bddeee921daad92db,revised,4,2026-10-02T22:44:34.134567+00:00,False,ko-codex-v1
etj4ue,B,b2b932a31fd368f14591ea4c20225bd5d9261ea6c6de72d2bdb7f4568e587974,20936591d1c8286dba2675bb3c1bab8beb133d4151a6f4ffd1b6ae59c7bded34,20936591d1c8286dba2675bb3c1bab8beb133d4151a6f4ffd1b6ae59c7bded34,revised,1,2026-10-03T07:40:08.364198+00:00,False,ko-codex-v1
etw18a,A,4de038ca8627bc3d11e6bc8435ece473170887a953a5c0f0bddf043ca504bbd9,0b558cf4d5bebd6fcf7b47c3b56d49c06fd41e77c07cc26a339bb96265fc3558,0b558cf4d5bebd6fcf7b47c3b56d49c06fd41e77c07cc26a339bb96265fc3558,revised,3,2026-10-03T03:39:52.166154+00:00,False,ko-codex-v1
etw18a,B,eb9050220dd8effe66304cea9ab92066093b32892993faa972594f97a4869847,eb9050220dd8effe66304cea9ab92066093b32892993faa972594f97a4869847,eb9050220dd8effe66304cea9ab92066093b32892993faa972594f97a4869847,pass,0,2026-10-03T10:53:12.920853+00:00,False,ko-codex-v1
etzfcl,A,e1869b88f3e56201a00d0b0f87f3da54bbaf43b7ffc8d9037814f6569770f86f,e1869b88f3e56201a00d0b0f87f3da54bbaf43b7ffc8d9037814f6569770f86f,e1869b88f3e56201a00d0b0f87f3da54bbaf43b7ffc8d9037814f6569770f86f,pass,0,2026-10-03T05:26:10.242236+00:00,False,ko-codex-v1
etzfcl,B,4152b661054d72496d219ad21cf5b35e1a3f091e50ea2b8e6921a797009dbaf3,4152b661054d72496d219ad21cf5b35e1a3f091e50ea2b8e6921a797009dbaf3,4152b661054d72496d219ad21cf5b35e1a3f091e50ea2b8e6921a797009dbaf3,pass,0,2026-10-03T00:34:39.625766+00:00,False,ko-codex-v1
eu0wnu,A,1f014be10796f4e10a7a635b4dbd120645abb577cc57d269505951566b60fe80,05b326429c0b12a65d5bc2164c1b7b1e3894a9a5833c262b083fb9560f59699f,05b326429c0b12a65d5bc2164c1b7b1e3894a9a5833c262b083fb9560f59699f,revised,3,2026-10-03T04:05:59.026989+00:00,False,ko-codex-v1
eu0wnu,B,ffb794a503373d84ff85e27fbb69fe5915ed434d0997802d2e9595248431327f,fb71589087db70dcd75b794ac6a158832cafc50bf310dea608d03f97025004a9,fb71589087db70dcd75b794ac6a158832cafc50bf310dea608d03f97025004a9,revised,2,2026-10-03T11:10:39.276625+00:00,False,ko-codex-v1
eu13f0,A,2d27ccfc79d94c7609b8ff59aec1d7d6f596e3d289f3fc0568b4061622ec2225,03715a8150d2e20627ff011c0610ffa2da0b5b746ee378f75ae6daa33a2b4a6d,03715a8150d2e20627ff011c0610ffa2da0b5b746ee378f75ae6daa33a2b4a6d,revised,3,2026-10-03T01:27:19.098624+00:00,False,ko-codex-v1
eu13f0,B,792bb5442f74cf2afafa3cd4954837de88a7169a33640254acc8d1bf09b1214e,ef061fb188e713c9b8af21105240fdd2fe7abd77174d24165be1e9a57a4e39b7,ef061fb188e713c9b8af21105240fdd2fe7abd77174d24165be1e9a57a4e39b7,revised,2,2026-10-03T10:40:47.506493+00:00,False,ko-codex-v1
eu3hqz,A,1b0904ea7db3f47dfff9cf4b6fad2c27561a607d8f4387e97e940bdbaf52fc7e,482f04ee2b7630f1c240b3db7909792cb513686e903de200a4bcb7d1fe623a33,482f04ee2b7630f1c240b3db7909792cb513686e903de200a4bcb7d1fe623a33,revised,3,2026-10-03T02:22:42.380679+00:00,False,ko-codex-v1
eu3hqz,B,b6b9060dbcbb43b57968a2f9af06e594520872f4cffc505dee0f260a0fd97a2f,c87a73e691cdc621a08984cfd154a076ec01a135ddae2d758bc43ebbdcf5fb0e,c87a73e691cdc621a08984cfd154a076ec01a135ddae2d758bc43ebbdcf5fb0e,revised,3,2026-10-03T01:44:13.427874+00:00,False,ko-codex-v1
eu7sjv,A,9b1c0c1477994f5db15310f03b004ef0ea5fcf096f2a0c704fb53ab682b19cb3,55e90a12b7b8c831cf507dc1603ad1097de4088ed3979f4a8bfb55865907733e,55e90a12b7b8c831cf507dc1603ad1097de4088ed3979f4a8bfb55865907733e,revised,2,2026-10-03T06:55:22.687030+00:00,False,ko-codex-v1
eu7sjv,B,0f0aa4933a3cc5292c0193febc126776b5343b728bfd49433b5dbde3f3b0e0ca,6153df73e1bd29c96487197f96592357b399a3911e09518cc521fd4f402eff2b,6153df73e1bd29c96487197f96592357b399a3911e09518cc521fd4f402eff2b,revised,2,2026-10-03T11:32:48.518343+00:00,False,ko-codex-v1
eulpmr,A,e4ac4a090d91446206fd25dd2a32edaf5f13aceb7938a8d895cead4c651eb1c4,a163a4e6a270523830b438b296b0410d0ad1d85766b0409bd0a34407583c3afc,a163a4e6a270523830b438b296b0410d0ad1d85766b0409bd0a34407583c3afc,revised,4,2026-10-03T05:03:50.701581+00:00,False,ko-codex-v1
eulpmr,B,2f5747166c75a5a9b7d40acc0e06bf774d013b1ee8f61ef234575f30fce6920c,fcda6b262b23df0b4e569c284b58c44921cbd321133ceca4895036ebde0668c1,fcda6b262b23df0b4e569c284b58c44921cbd321133ceca4895036ebde0668c1,revised,5,2026-10-03T00:02:55.679003+00:00,False,ko-codex-v1
euplva,A,86ede89efcd76b40e49fb382d96742a7524d9f3537d28c45ca4d9b1cec27d47b,7b00a13388fc76205480d2cb82cd7e3eae2ab691796ba94d1a10a09847bee471,7b00a13388fc76205480d2cb82cd7e3eae2ab691796ba94d1a10a09847bee471,revised,5,2026-10-03T12:12:45.427488+00:00,False,ko-codex-v1
euplva,B,f756f2e9cd53e8605abd26953ac60fd064636f2ae2cc60f820ed8ca5fa924100,9c16baf7a39e8e4a69b272531ba81954a67f856202e3a41e18b90b3b3c4ce6b2,9c16baf7a39e8e4a69b272531ba81954a67f856202e3a41e18b90b3b3c4ce6b2,revised,1,2026-10-03T00:54:35.753022+00:00,False,ko-codex-v1
euuv86,A,4427a10bab1c9fa52d61958f4fb9517544a8e6115618651bfa9041d5c61c2881,35ba59b96e26dab219f34d123f2508c7aaaecef6aee0a09c80672e0339090d10,35ba59b96e26dab219f34d123f2508c7aaaecef6aee0a09c80672e0339090d10,revised,1,2026-10-02T23:58:33.011107+00:00,False,ko-codex-v1
euuv86,B,a0342cc1058a3ff96cc363f8b66e64c97bf991f06aa93a54405a3141f57e5e51,a0342cc1058a3ff96cc363f8b66e64c97bf991f06aa93a54405a3141f57e5e51,a0342cc1058a3ff96cc363f8b66e64c97bf991f06aa93a54405a3141f57e5e51,pass,0,2026-10-03T05:46:47.718036+00:00,False,ko-codex-v1
eux6h2,A,1390e4c367ccdaf2e66b48b39d9312c53d4fbe7ed9b3706065ad524da0e04a82,6e7c88a84990d5667180f5c98de9e9eb76e53cf9fe7ae5acb45b4ef1ce191024,6e7c88a84990d5667180f5c98de9e9eb76e53cf9fe7ae5acb45b4ef1ce191024,revised,2,2026-10-03T03:46:55.936677+00:00,False,ko-codex-v1
eux6h2,B,ba2940ef33bee22da338fa2b0e95ea7ca17badb6f01c3b0acac06043f6dd243c,e4c368019552069373b4a8fb6a117fba9115b62ccb2c988de5cefb5f74550135,e4c368019552069373b4a8fb6a117fba9115b62ccb2c988de5cefb5f74550135,revised,2,2026-10-03T02:30:16.008442+00:00,False,ko-codex-v1
euy2af,A,4db2ae3219a3bb773bc1bd60906245bcf49b5f23133e95a991e73a2552a9197f,5ad3c99ce1c61b4f920595a6c38608d578edc6f8ead9fd1ed0f3dda0db591246,5ad3c99ce1c61b4f920595a6c38608d578edc6f8ead9fd1ed0f3dda0db591246,revised,3,2026-10-03T07:42:51.208558+00:00,False,ko-codex-v1
euy2af,B,045c250484f0bc93484461afd251b729704a4a431abbafee1d664da0c328b892,e98ff84d204a706f51d2b65bb3277adbf64c82e50d536e30cc11cce5fa8e3230,e98ff84d204a706f51d2b65bb3277adbf64c82e50d536e30cc11cce5fa8e3230,revised,1,2026-10-02T21:49:35.447605+00:00,False,ko-codex-v1
ev3kt8,A,aef1f0978a51534da08e59a56dc2761ee8e2d0ce7af8b3c3c136092b6d090d96,8072e291e160cc37311d148765158f5455961606ef97a400c6ae71274803231d,8072e291e160cc37311d148765158f5455961606ef97a400c6ae71274803231d,revised,6,2026-10-03T00:37:38.228692+00:00,False,ko-codex-v1
ev3kt8,B,9c514115b1402105f3a328217b35603c2a760e3689d312619700b3d92aefc17d,9c514115b1402105f3a328217b35603c2a760e3689d312619700b3d92aefc17d,9c514115b1402105f3a328217b35603c2a760e3689d312619700b3d92aefc17d,pass,0,2026-10-03T02:21:15.974282+00:00,False,ko-codex-v1
evarqd,A,385ea66b3d1c26cec51ec58f7c4d6118a3eab83bf84a37e5d88ea31e3adfb71b,2dfa527b279e3d7157d26ccb8755aebf92dbabf24b881a0cd1a6f8c668e2e4c5,2dfa527b279e3d7157d26ccb8755aebf92dbabf24b881a0cd1a6f8c668e2e4c5,revised,2,2026-10-03T05:44:14.214684+00:00,False,ko-codex-v1
evarqd,B,9d3c1f132de10de53bb11f4ad4dadc483fc3c5020bcf88776209d8defbe9eac0,cc937809f82fe9ac1818baf4685b625017e7f22c5b5ad450fe7784c05a666110,cc937809f82fe9ac1818baf4685b625017e7f22c5b5ad450fe7784c05a666110,revised,1,2026-10-03T05:41:31.113963+00:00,False,ko-codex-v1
evbyg8,A,084be0e408007604684788b85f61fc47fa3ca2dfd9b49b9087cbf135b59716d1,d6bafde2aaedfb63591df4de8ddde67ec6580c8a5373d96dca180f9f935aa1e0,d6bafde2aaedfb63591df4de8ddde67ec6580c8a5373d96dca180f9f935aa1e0,revised,5,2026-10-03T00:13:21.170477+00:00,False,ko-codex-v1
evbyg8,B,9938088be31e02667036c2cd6f6014bbdde30a3b1c4b7a52b5413cbea4e5a945,9938088be31e02667036c2cd6f6014bbdde30a3b1c4b7a52b5413cbea4e5a945,9938088be31e02667036c2cd6f6014bbdde30a3b1c4b7a52b5413cbea4e5a945,pass,0,2026-10-03T08:42:26.151880+00:00,False,ko-codex-v1
evfouw,A,925350d39c9a2d8ccf76f1c5a001eae3a9cefb7f443e2c5454b54c3f8a007741,8c3d30075c545935b346b47b2c86b2655ae11a8e44704865df69d78c5f5e37fe,8c3d30075c545935b346b47b2c86b2655ae11a8e44704865df69d78c5f5e37fe,revised,6,2026-10-03T06:41:43.895667+00:00,False,ko-codex-v1
evfouw,B,bd4a70d9291ee9264fde929b59bca9727d4b65ff67e5294406164a864d441442,61855c83b6310e955e31e0769303f8c43d5a6bcf3e19124893d65dfe54de9beb,61855c83b6310e955e31e0769303f8c43d5a6bcf3e19124893d65dfe54de9beb,revised,3,2026-10-03T08:56:12.862613+00:00,False,ko-codex-v1
evfsjs,A,eb06c156af3cdb687f6788afd9b65bde80fc0a2cc14299a3233d7cae20a4c342,a148558b860efb161ce0a6bebb2484812992838f1132338e3470f7af8a3ac9d8,a148558b860efb161ce0a6bebb2484812992838f1132338e3470f7af8a3ac9d8,revised,3,2026-10-03T11:31:55.806056+00:00,False,ko-codex-v1
evfsjs,B,ddebbe22057d0cd0357992de8f62b18c6d181d75e32ca50c083570e79c304ec1,b276278ab8dcf0d1a7b10efbfbe64909898e6fc3bd5a80d9a14eeee5159e6b1e,b276278ab8dcf0d1a7b10efbfbe64909898e6fc3bd5a80d9a14eeee5159e6b1e,revised,1,2026-10-03T06:39:58.133882+00:00,False,ko-codex-v1
evhyzb,A,bff58dd2655921c56a941fcba376857cff20057f6bca9f40463ee5c813b246c8,123b186583941d91a15a22fab76b7a7354664fd14d76ec7e013f45825f0f64ee,123b186583941d91a15a22fab76b7a7354664fd14d76ec7e013f45825f0f64ee,revised,4,2026-10-03T08:40:24.285755+00:00,False,ko-codex-v1
evhyzb,B,663b2521e89b75ea3ec4ed4a4f1d4a2a70c22a8dada01215443e43292fb8059c,663b2521e89b75ea3ec4ed4a4f1d4a2a70c22a8dada01215443e43292fb8059c,663b2521e89b75ea3ec4ed4a4f1d4a2a70c22a8dada01215443e43292fb8059c,pass,0,2026-10-03T06:49:00.106649+00:00,False,ko-codex-v1
evn6ok,A,3192a924940300079fede80af108be8fb83d0092aa4eb3f99b657bc57b1f061f,3192a924940300079fede80af108be8fb83d0092aa4eb3f99b657bc57b1f061f,3192a924940300079fede80af108be8fb83d0092aa4eb3f99b657bc57b1f061f,pass,0,2026-10-02T23:09:08.599688+00:00,False,ko-codex-v1
evn6ok,B,36fe1cd28a1acab214ed3924ae7d8fff0a234274291dfd446ae386412e961c59,36fe1cd28a1acab214ed3924ae7d8fff0a234274291dfd446ae386412e961c59,36fe1cd28a1acab214ed3924ae7d8fff0a234274291dfd446ae386412e961c59,pass,0,2026-10-02T22:07:37.768313+00:00,False,ko-codex-v1
evoaeu,A,6c19581c02319a0f5136fbf665bf0ced45929e22248f5a98cfaaa3e137186574,e27af656f49369003e9956227ff7abc58523058b3fc87d6aae7eab1a49c3dff9,e27af656f49369003e9956227ff7abc58523058b3fc87d6aae7eab1a49c3dff9,revised,2,2026-10-03T12:22:05.393076+00:00,False,ko-codex-v1
evoaeu,B,62d2e33a44a096c4d0d4d5e1103e39badfb0402780415ce17716bf1a64e9eb72,4922ebe2891c7c41ec1fd5f45da9d767acec7000fdefa49f401528ef67546eb4,4922ebe2891c7c41ec1fd5f45da9d767acec7000fdefa49f401528ef67546eb4,revised,2,2026-10-03T12:01:55.544176+00:00,False,ko-codex-v1
evpsam,A,660f8fb6bd80383bdd563a7a770aa1de3be4b9692bd6b590e62c68b98773dbaa,88780edffd0ac0164f83edaf08c88b734377bed04b6ec9191d45d07f02b2dcba,88780edffd0ac0164f83edaf08c88b734377bed04b6ec9191d45d07f02b2dcba,revised,2,2026-10-02T22:01:20.723065+00:00,False,ko-codex-v1
evpsam,B,7f007b3e8fea04a78b1e7316492d2c1ea39d1f3db7cfc8ccc9096736c48a02d4,79fb774eabdf6d70b044c488bda95f7e3f2b55b0fe33b40311946af6ae0938c1,79fb774eabdf6d70b044c488bda95f7e3f2b55b0fe33b40311946af6ae0938c1,revised,3,2026-10-03T08:06:18.518098+00:00,False,ko-codex-v1
evq5b4,A,96c3a8186e68fce2d10e544fe9fd827d5d63ed913bac052de6237c2d6a0a6b1c,027ce78503c2d0be17ca6f897ac182fdcd14a5b779e5a35bd8efc6a632c37d08,027ce78503c2d0be17ca6f897ac182fdcd14a5b779e5a35bd8efc6a632c37d08,revised,5,2026-10-02T23:03:15.367755+00:00,False,ko-codex-v1
evq5b4,B,71f923b90c2f2c8b2f0055b785784c695bae7791880d772dac6780ee43a82960,ed08b2dddc639887663b31c6ec6452bec768f3b6ec934c3c83d4816a27b69ab9,ed08b2dddc639887663b31c6ec6452bec768f3b6ec934c3c83d4816a27b69ab9,revised,2,2026-10-02T21:52:23.986251+00:00,False,ko-codex-v1
evvts6,A,82ef6824323512ff73c1084424a1dbb06f8951caa2beb8c056467ddcb0cadea2,6f9d62daf864760bc81b91721e9ec7a8388eb3979feac3dfada8429800c1ddc3,6f9d62daf864760bc81b91721e9ec7a8388eb3979feac3dfada8429800c1ddc3,revised,3,2026-10-02T23:03:40.531680+00:00,False,ko-codex-v1
evvts6,B,373175112d462eb2e01437d60ddd397cd0be61adcac80cc62483803db8b27ab5,373175112d462eb2e01437d60ddd397cd0be61adcac80cc62483803db8b27ab5,373175112d462eb2e01437d60ddd397cd0be61adcac80cc62483803db8b27ab5,pass,0,2026-10-03T07:44:28.933753+00:00,False,ko-codex-v1
evwly4,A,a3bc62855c57a9f446348ed7a1f6798ea8ac74d78ac61bc9a0f71c88658bde97,a3bc62855c57a9f446348ed7a1f6798ea8ac74d78ac61bc9a0f71c88658bde97,a3bc62855c57a9f446348ed7a1f6798ea8ac74d78ac61bc9a0f71c88658bde97,pass,0,2026-10-02T23:32:07.610777+00:00,False,ko-codex-v1
evwly4,B,ebe45daeed13a8a239a289cb701779dc1c1da4d4af44ff260cb15722e8979832,a8a760753ce4104dbd31a19efad7dba7e584ba8987e0b2482b9dd596ce709927,a8a760753ce4104dbd31a19efad7dba7e584ba8987e0b2482b9dd596ce709927,revised,2,2026-10-03T10:52:57.314066+00:00,False,ko-codex-v1
evzkf3,A,e5129c21f65169dc4ce1148e3600dc5525b9b722d0dbb9c964760ae6cdd09a56,4aded9660a8928dd0c8bb050ee1d1e99613188174536d264847e49757eba41d5,4aded9660a8928dd0c8bb050ee1d1e99613188174536d264847e49757eba41d5,revised,7,2026-10-03T06:38:13.612612+00:00,False,ko-codex-v1
evzkf3,B,450b9658d5967f70c11f0d7dcc584d892ce1c4973315bc9c2a7f4cde4d32e42e,450b9658d5967f70c11f0d7dcc584d892ce1c4973315bc9c2a7f4cde4d32e42e,450b9658d5967f70c11f0d7dcc584d892ce1c4973315bc9c2a7f4cde4d32e42e,pass,0,2026-10-03T05:04:03.428586+00:00,False,ko-codex-v1
ew26rf,A,304e338511f1b578d3ed067df84666e5d6d0040a9c890fd87b5417ce0040c2e4,eeba30ba79f3b241bff75d8ea2529e788388954f1b60fffb4e02c7a1d5aa4682,eeba30ba79f3b241bff75d8ea2529e788388954f1b60fffb4e02c7a1d5aa4682,revised,5,2026-10-03T05:17:18.776583+00:00,False,ko-codex-v1
ew26rf,B,ceac529689632fe7592434e24818e8f3fa99f003df1b07e8516748445f7bb6aa,5deb20f29fa922211e660488bb8e6e0f9cde4392f959480cbe2aaa33e7572caa,5deb20f29fa922211e660488bb8e6e0f9cde4392f959480cbe2aaa33e7572caa,revised,2,2026-10-03T01:23:15.118110+00:00,False,ko-codex-v1
ewb4l9,A,8f841baf3aba534c5f4ade5dac451410cd1c21abc0b9cf2f04ae65b98e9a740e,31197434fa8a94ff9c1aaa0cf1abbebdf3bf8197a39dabe2efe710de639e3d90,31197434fa8a94ff9c1aaa0cf1abbebdf3bf8197a39dabe2efe710de639e3d90,revised,5,2026-10-02T21:50:38.346468+00:00,False,ko-codex-v1
ewb4l9,B,754b2a76428707c5dd4c1aeafebc41548e695744792e36b87ce5071de0111a5f,754b2a76428707c5dd4c1aeafebc41548e695744792e36b87ce5071de0111a5f,754b2a76428707c5dd4c1aeafebc41548e695744792e36b87ce5071de0111a5f,pass,0,2026-10-03T02:50:02.381185+00:00,False,ko-codex-v1
ewjsru,A,1224030eb1d71e1fea4a03baecb16fbf03a2ed6ca2453cb087f3b83d11d6005c,9ff99c19a62b7c0ba97966b7bc061300ce6a877cf1f4e071e52b64d83b9fe2c5,9ff99c19a62b7c0ba97966b7bc061300ce6a877cf1f4e071e52b64d83b9fe2c5,revised,5,2026-10-03T00:44:40.953741+00:00,False,ko-codex-v1
ewjsru,B,7ff446de85d00f17b2fb8484e1a994c48c875253e192a3db9e23e43c13df3b52,3335a85ddb51ab960fde8c8e539c8287611ce91d157bb18b863b4328c0ab7bcc,3335a85ddb51ab960fde8c8e539c8287611ce91d157bb18b863b4328c0ab7bcc,revised,1,2026-10-03T05:09:48.419909+00:00,False,ko-codex-v1
ewzsf6,A,fc92f89b6f99b203f4375a4492984588ebc58ae84f4bd4e3519932839363cece,fc92f89b6f99b203f4375a4492984588ebc58ae84f4bd4e3519932839363cece,fc92f89b6f99b203f4375a4492984588ebc58ae84f4bd4e3519932839363cece,pass,0,2026-10-03T08:37:30.228667+00:00,False,ko-codex-v1
ewzsf6,B,64a0dcd00cf7c43c701b168ddb0470bf9dca27830006a3c651e3ce9d0210cb0d,bc4c865666120c5de07531ca42a368134e03fdf028428ddeed450b0dbcafaaec,bc4c865666120c5de07531ca42a368134e03fdf028428ddeed450b0dbcafaaec,revised,3,2026-10-03T02:16:06.189108+00:00,False,ko-codex-v1
ex1889,A,c50781fab317dcb12ade5f4e1c9207944f1dcb425114205e44a20753eb58b95f,97a0b2ba84671ecc7baa5eb8a98b3e64f18f711d4c66332ccce6a5f6a0edf077,97a0b2ba84671ecc7baa5eb8a98b3e64f18f711d4c66332ccce6a5f6a0edf077,revised,3,2026-10-02T22:59:04.514853+00:00,False,ko-codex-v1
ex1889,B,3e2f790e81e051420f4db55675546680c69a8e38e4b5063cb402ea3f2d8159ff,88ad929fd017411d26b0ecbcb02b03845ff44547daa55c9795779e136c3cc6eb,88ad929fd017411d26b0ecbcb02b03845ff44547daa55c9795779e136c3cc6eb,revised,2,2026-10-03T08:44:09.337126+00:00,False,ko-codex-v1
ex1ymz,A,447930ff3fb70f82a673093eb67a9883f44c1cbfc50b86e223b3cf133ea10f9b,02eaa70b2f749518af9371d15f0253474160008d8b969991e60889fc70b8ca97,02eaa70b2f749518af9371d15f0253474160008d8b969991e60889fc70b8ca97,revised,5,2026-10-03T11:38:02.221262+00:00,False,ko-codex-v1
ex1ymz,B,c58c281056b4c1822386fa3a3e39927904af34c2b46d26483ebf75e40a4f91e7,0c6eafb868978f078533fa09613adcae5ecd4c6ea3cb68be086b8ee78ebf3c84,0c6eafb868978f078533fa09613adcae5ecd4c6ea3cb68be086b8ee78ebf3c84,revised,4,2026-10-03T03:59:00.706947+00:00,False,ko-codex-v1
ex2mlt,A,02ec2a53a249fc6dc514ae768091d921d03259eb6f9103000150b4797bb23111,14683d776e5756a370e56461784af480e75ac3c7f1225a58d2585b6c3fd90145,14683d776e5756a370e56461784af480e75ac3c7f1225a58d2585b6c3fd90145,revised,3,2026-10-03T00:34:04.484271+00:00,False,ko-codex-v1
ex2mlt,B,57ba3ff92091cdd5fdd897c36086a6b0ca7e78f7d91b7172d4db92a606b5bf23,e573297f640a1d51f00864b84076d87bfc7c1816da931d1351c27d54afd0b3eb,e573297f640a1d51f00864b84076d87bfc7c1816da931d1351c27d54afd0b3eb,revised,1,2026-10-03T01:27:48.356676+00:00,False,ko-codex-v1
